acc_ref,beat_no,severity,no_vehicle,no_casualt,a_date,a_day,a_date_day,a_date_mon,a_date_yr,a_time_hr,a_time_min,loc_auth,road1_class,road1_no,road_type,speed_limi,junc_det,junc_ctrl,road2_class,road2_no,light_cond,weather,road_surf,spec_cond,cway_hzrds,ovrtk_patrn,easting,northing,net_id,net_type,acc_type,text_id,division,Postcode,ped_xing_hc,ped_xing_p,place_reported
223010,,Slight,2,2,24/03/2010,Wednesday,24,March,10,7,0,230,A,90,Single carriageway - 2 lanes,30,Other junction,Give way sign or markings,Unclassified,,Daylight: street lights present,Fine (without high winds),Dry,None,None,No overtaking,324720,673950,520983,Junction,T.V.N.P.,353721,unset,EH24DR,No crossing facility within 50m or physical crossing facility not controlled by authorised person,No physical crossing facility within 50m,At scene
223410,,Slight,1,1,24/03/2010,Wednesday,24,March,10,12,50,230,Unclassified,,Single carriageway - 2 lanes,30,Not at or within 20 metres of junction,unset,\,,Daylight: street lights present,Fine (without high winds),Dry,None,None,No overtaking,320170,674470,565949,Segment,Bus,353722,unset,EH126UF,No crossing facility within 50m or physical crossing facility not controlled by authorised person,No physical crossing facility within 50m,At scene
224210,,Slight,3,2,24/03/2010,Wednesday,24,March,10,16,15,230,Unclassified,,Unknown,30,'T' or staggered junction,Give way sign or markings,A,90,Daylight: street lights present,Fine (without high winds),Dry,None,None,No overtaking,322500,674420,520404,Junction,M.V.N.P.,353723,unset,EH42LJ,No crossing facility within 50m or physical crossing facility not controlled by authorised person,No physical crossing facility within 50m,At scene
224310,,Slight,2,1,24/03/2010,Wednesday,24,March,10,17,0,230,Unclassified,,Single carriageway - 2 lanes,30,Multiple junction,Authorised Person,Unclassified,,Daylight: street lights present,Fine (without high winds),Dry,None,None,No overtaking,326000,671000,533401,Junction,Cyclist,353724,unset,EH93ER,Control by other authorised person,Pedestrian phase at traffic signal junction,Elsewhere
224810,,Slight,2,1,24/03/2010,Wednesday,24,March,10,18,55,230,A,900,Single carriageway - 2 lanes,30,'T' or staggered junction,Automatic Traffic Signal,C,,Darkness: street lights present and lit,Fine (without high winds),Dry,None,None,No overtaking,326570,675150,519867,Junction,T.V.N.P.,353725,unset,EH68SE,Control by other authorised person,No physical crossing facility within 50m,Elsewhere
225810,,Slight,2,1,25/03/2010,Thursday,25,March,10,8,0,230,Motorway,8,Dual carriageway - 2 lanes,70,Not at or within 20 metres of junction,unset,\,,Daylight: street lights present,Raining (without high winds),Dry,None,None,No overtaking,313230,671280,6452039,Segment,T.V.N.P.,353726,unset,EH288LU,No crossing facility within 50m or physical crossing facility not controlled by authorised person,No physical crossing facility within 50m,Elsewhere
226710,,Slight,2,1,25/03/2010,Thursday,25,March,10,7,35,230,Unclassified,,Dual carriageway - 2 lanes,30,Crossroads,Automatic Traffic Signal,Unclassified,,Daylight: street lights present,Fog (or mist if hazard),Dry,None,None,No overtaking,325570,673920,521100,Junction,Cyclist,353727,unset,EH22EJ,Control by other authorised person,Pedestrian phase at traffic signal junction,Elsewhere
226810,,Slight,1,1,25/03/2010,Thursday,25,March,10,12,15,230,Unclassified,,Single carriageway - 2 lanes,30,'T' or staggered junction,Authorised Person,C,,Daylight: street lights present,Fog (or mist if hazard),Dry,None,None,No overtaking,325490,674250,520524,Junction,Bus,353728,unset,EH21AW,Control by other authorised person,Pedestrian phase at traffic signal junction,Elsewhere
228210,,Slight,5,1,26/03/2010,Friday,26,March,10,6,25,230,Motorway,8,Dual carriageway - 2 lanes,70,Slip road,Give way sign or markings,Motorway,8,Daylight: no street lighting,Raining (without high winds),Dry,None,None,No overtaking,311620,671160,6452027,Junction,M.V.N.P.,353729,unset,EH288LQ,No crossing facility within 50m or physical crossing facility not controlled by authorised person,No physical crossing facility within 50m,At scene
228310,,Slight,1,1,26/03/2010,Friday,26,March,10,11,50,230,A,8,Single carriageway - 2 lanes,30,'T' or staggered junction,Give way sign or markings,Unclassified,,Daylight: street lights present,Fine (without high winds),Dry,None,None,No overtaking,324520,673580,520884,Junction,Bus,353730,unset,EH24RT,Control by other authorised person,"Pelican, puffin, toucan or similar non-junction pedestrian light crossing",At scene
228610,,Slight,2,1,26/03/2010,Friday,26,March,10,8,40,230,A,8,Dual carriageway - 2 lanes,40,Not at or within 20 metres of junction,unset,\,,Daylight: street lights present,Raining (without high winds),Dry,None,None,No overtaking,317210,672550,550821,Segment,T.V.N.P.,353731,unset,EH129BQ,No crossing facility within 50m or physical crossing facility not controlled by authorised person,No physical crossing facility within 50m,Elsewhere
230110,,Slight,2,1,26/03/2010,Friday,26,March,10,14,56,230,Unclassified,,One way Street,30,Other junction,Automatic Traffic Signal,C,,Daylight: street lights present,Other,Dry,None,None,No overtaking,325750,673140,521514,Junction,T.V.N.P.,353732,unset,EH12QZ,Control by other authorised person,Pedestrian phase at traffic signal junction,Elsewhere
230710,,Slight,1,1,26/03/2010,Friday,26,March,10,14,50,230,Unclassified,,Single carriageway - 2 lanes,40,Not at or within 20 metres of junction,unset,\,,Daylight: street lights present,Raining (without high winds),Dry,None,None,No overtaking,318080,668770,12229654,Segment,S.V.N.P.,353733,unset,EH145AB,No crossing facility within 50m or physical crossing facility not controlled by authorised person,No physical crossing facility within 50m,At scene
231010,,Slight,1,1,26/03/2010,Friday,26,March,10,21,49,230,Unclassified,,Single carriageway - 2 lanes,30,'T' or staggered junction,Give way sign or markings,A,901,Darkness: street lights present but unlit,Fine with high winds,Dry,None,None,No overtaking,326880,676020,531346,Junction,S.V.N.P.,353734,unset,EH66BS,No crossing facility within 50m or physical crossing facility not controlled by authorised person,No physical crossing facility within 50m,At scene
231410,,Slight,2,1,17/03/2010,Wednesday,17,March,10,14,30,230,C,,Single carriageway - 2 lanes,30,'T' or staggered junction,Automatic Traffic Signal,Unclassified,,Daylight: street lights present,Fine (without high winds),Dry,None,None,No overtaking,322230,670830,529735,Junction,T.V.N.P.,353735,unset,EH141LS,Control by school crossing patrol,Pedestrian phase at traffic signal junction,At scene
232510,,Slight,2,1,27/03/2010,Saturday,27,March,10,8,10,230,C,,Single carriageway - 2 lanes,30,Not at or within 20 metres of junction,unset,\,,Daylight: street lights present,Fine (without high winds),Dry,None,None,No overtaking,324120,672660,559466,Segment,T.V.N.P.,353736,unset,EH111AW,No crossing facility within 50m or physical crossing facility not controlled by authorised person,No physical crossing facility within 50m,At scene
233310,,Slight,2,1,27/03/2010,Saturday,27,March,10,18,0,230,Unclassified,,Single carriageway - 2 lanes,40,Not at or within 20 metres of junction,unset,\,,Daylight: street lights present,Fine (without high winds),Dry,None,None,No overtaking,329980,674290,554057,Segment,T.V.N.P.,353737,unset,EH151DL,Control by other authorised person,Pedestrian phase at traffic signal junction,At scene
234210,,Slight,1,1,14/03/2010,Sunday,14,March,10,12,40,230,Unclassified,,Single carriageway - 2 lanes,20,Other junction,Give way sign or markings,Unclassified,,Daylight: street lights present,Fine (without high winds),Dry,None,None,No overtaking,328860,669500,12219945,Junction,Pedestrian,353738,unset,EH177EX,No crossing facility within 50m or physical crossing facility not controlled by authorised person,No physical crossing facility within 50m,At scene
234810,,Slight,2,1,22/03/2010,Monday,22,March,10,9,30,230,Unclassified,,Single carriageway - 2 lanes,30,Not at or within 20 metres of junction,unset,\,,Daylight: street lights present,Fine (without high winds),Dry,None,None,No overtaking,320970,670930,565151,Segment,T.V.N.P.,353739,unset,EH142AR,No crossing facility within 50m or physical crossing facility not controlled by authorised person,No physical crossing facility within 50m,At scene
235010,,Serious,1,5,28/03/2010,Sunday,28,March,10,23,33,230,Unclassified,,Single carriageway - 2 lanes,60,Not at or within 20 metres of junction,unset,\,,Darkness: no street lighting,Fine (without high winds),Dry,None,None,No overtaking,329340,667600,562879,Segment,S.V.N.P.,353740,unset,EH178RZ,No crossing facility within 50m or physical crossing facility not controlled by authorised person,No physical crossing facility within 50m,At scene
237010,,Slight,2,1,29/03/2010,Monday,29,March,10,21,7,230,Motorway,9,Dual carriageway - 2 lanes,70,Not at or within 20 metres of junction,unset,\,,Darkness: no street lighting,Raining with high winds,Dry,None,None,No overtaking,312650,675510,0,Unset,T.V.N.P.,353741,unset,EH299EQ,No crossing facility within 50m or physical crossing facility not controlled by authorised person,No physical crossing facility within 50m,At scene
237110,,Slight,2,4,29/03/2010,Monday,29,March,10,16,30,230,Unclassified,,Single carriageway - 2 lanes,30,Not at or within 20 metres of junction,unset,\,,Daylight: street lights present,Raining (without high winds),Dry,None,None,No overtaking,323630,671160,564166,Segment,T.V.N.P.,353742,unset,EH105BZ,No crossing facility within 50m or physical crossing facility not controlled by authorised person,No physical crossing facility within 50m,At scene
237210,,Slight,1,1,26/03/2010,Friday,26,March,10,11,0,230,A,8,Single carriageway - 2 lanes,30,'T' or staggered junction,Automatic Traffic Signal,Unclassified,,Daylight: street lights present,Fine (without high winds),Dry,None,None,No overtaking,325680,673950,521082,Junction,S.V.N.P.,353743,unset,EH22EJ,No crossing facility within 50m or physical crossing facility not controlled by authorised person,No physical crossing facility within 50m,At scene
238410,,Slight,1,1,30/03/2010,Tuesday,30,March,10,8,35,230,B,701,Single carriageway - 2 lanes,30,Not at or within 20 metres of junction,unset,\,,Daylight: street lights present,Raining (without high winds),Dry,None,None,No overtaking,328070,668360,2105918,Segment,Pedestrian,353744,unset,EH178HR,No crossing facility within 50m or physical crossing facility not controlled by authorised person,No physical crossing facility within 50m,At scene
238910,,Slight,2,1,30/03/2010,Tuesday,30,March,10,15,45,230,Unclassified,,Single carriageway - 2 lanes,30,Roundabout,Give way sign or markings,Unclassified,,Daylight: street lights present,Raining with high winds,Dry,None,None,No overtaking,328130,674940,523299,Junction,T.V.N.P.,353745,unset,EH76EH,No crossing facility within 50m or physical crossing facility not controlled by authorised person,No physical crossing facility within 50m,At scene
239210,,Serious,1,2,30/03/2010,Tuesday,30,March,10,19,50,230,Unclassified,,Single carriageway - 2 lanes,30,'T' or staggered junction,Give way sign or markings,Unclassified,,Darkness: street lights present and lit,Snowing with high winds,Dry,None,None,No overtaking,327520,668430,0,Unset,Pedestrian,353746,unset,EH166PU,No crossing facility within 50m or physical crossing facility not controlled by authorised person,No physical crossing facility within 50m,At scene
239310,,Slight,1,2,30/03/2010,Tuesday,30,March,10,18,30,230,Unclassified,,Single carriageway - 2 lanes,30,'T' or staggered junction,Give way sign or markings,C,,Daylight: street lights present,Raining with high winds,Dry,None,Other object in carriageway,No overtaking,326170,673720,521160,Junction,S.V.N.P.,353747,unset,EH88BD,Control by other authorised person,Pedestrian phase at traffic signal junction,At scene
239410,,Slight,1,1,30/03/2010,Tuesday,30,March,10,17,50,230,Unclassified,,Single carriageway - 2 lanes,30,Not at or within 20 metres of junction,unset,\,,Daylight: no street lighting,Raining with high winds,Dry,None,None,No overtaking,320730,675450,519759,Junction,Bus,353748,unset,EH45AA,Control by other authorised person,Pedestrian phase at traffic signal junction,At scene
240610,,Slight,2,1,30/03/2010,Tuesday,30,March,10,21,30,230,Unclassified,,Single carriageway - 2 lanes,30,Not at or within 20 metres of junction,unset,\,,Darkness: street lights present and lit,Snowing with high winds,Dry,None,None,No overtaking,326330,676400,563718,Segment,T.V.N.P.,353749,unset,EH64AQ,Control by other authorised person,"Pelican, puffin, toucan or similar non-junction pedestrian light crossing",At scene
241110,,Slight,3,3,31/03/2010,Wednesday,31,March,10,16,10,230,Unclassified,,Dual carriageway - 2 lanes,30,Not at or within 20 metres of junction,unset,\,,Daylight: street lights present,Fine (without high winds),Dry,None,None,No overtaking,317810,672350,9658643,Segment,M.V.N.P.,353750,unset,EH129DF,No crossing facility within 50m or physical crossing facility not controlled by authorised person,No physical crossing facility within 50m,At scene
247210,,Slight,2,1,02/04/2010,Friday,2,April,10,9,46,230,A,90,Single carriageway - 2 lanes,30,'T' or staggered junction,Give way sign or markings,Unclassified,,Daylight: street lights present,Fine (without high winds),Dry,None,None,No overtaking,324650,673720,520962,Junction,T.V.N.P.,353849,unset,EH24DB,Control by other authorised person,Pedestrian phase at traffic signal junction,At scene
248010,,Slight,3,1,02/04/2010,Friday,2,April,10,13,5,230,A,90,Single carriageway - 2 lanes,40,Not at or within 20 metres of junction,unset,\,,Daylight: street lights present,Fine (without high winds),Dry,None,None,No overtaking,319210,674930,555498,Segment,Cyclist,353850,unset,EH46ER,No crossing facility within 50m or physical crossing facility not controlled by authorised person,No physical crossing facility within 50m,At scene
248110,,Slight,2,2,22/03/2010,Monday,22,March,10,10,7,230,B,701,Single carriageway - 2 lanes,30,Not at or within 20 metres of junction,unset,\,,Daylight: street lights present,Fine (without high winds),Dry,None,None,No overtaking,329330,668760,2105876,Segment,T.V.N.P.,353751,unset,EH177AN,No crossing facility within 50m or physical crossing facility not controlled by authorised person,No physical crossing facility within 50m,At scene
248310,,Slight,2,2,02/04/2010,Friday,2,April,10,18,30,230,Unclassified,,Single carriageway - 2 lanes,30,'T' or staggered junction,Give way sign or markings,Unclassified,,Daylight: street lights present,Fine (without high winds),Dry,None,None,No overtaking,313870,671090,12231785,Junction,T.V.N.P.,353851,unset,EH288NP,No crossing facility within 50m or physical crossing facility not controlled by authorised person,No physical crossing facility within 50m,At scene
249110,,Serious,1,1,03/04/2010,Saturday,3,April,10,0,1,230,Unclassified,,Single carriageway - 2 lanes,30,Not at or within 20 metres of junction,unset,\,,Darkness: street lights present and lit,Fine (without high winds),Dry,None,None,No overtaking,329810,670970,12228386,Segment,S.V.N.P.,353852,unset,EH164JJ,No crossing facility within 50m or physical crossing facility not controlled by authorised person,No physical crossing facility within 50m,At scene
250810,,Slight,1,1,09/03/2010,Tuesday,9,March,10,18,30,230,Unclassified,,Single carriageway - 2 lanes,30,Not at or within 20 metres of junction,unset,\,,Daylight: no street lighting,Fine (without high winds),Dry,None,None,No overtaking,322710,675350,0,Unset,Pedestrian,353752,unset,EH42NW,No crossing facility within 50m or physical crossing facility not controlled by authorised person,No physical crossing facility within 50m,Elsewhere
251010,,Slight,2,1,02/04/2010,Friday,2,April,10,20,55,230,Unclassified,,Single carriageway - 2 lanes,30,'T' or staggered junction,Automatic Traffic Signal,C,,Darkness: street lights present and lit,Fine (without high winds),Dry,None,None,No overtaking,322210,670830,529735,Junction,T.V.N.P.,353853,unset,EH141LS,Control by other authorised person,Pedestrian phase at traffic signal junction,Elsewhere
251810,,Slight,1,1,03/04/2010,Saturday,3,April,10,11,30,230,Unclassified,,Single carriageway - 2 lanes,30,Not at or within 20 metres of junction,unset,\,,Daylight: street lights present,Fine (without high winds),Dry,None,None,No overtaking,322430,671160,561769,Segment,Bus,353854,unset,EH141QA,No crossing facility within 50m or physical crossing facility not controlled by authorised person,No physical crossing facility within 50m,Elsewhere
251910,,Slight,1,1,02/04/2010,Friday,2,April,10,16,0,230,A,901,Single carriageway - 2 lanes,30,Crossroads,Automatic Traffic Signal,B,900,Daylight: street lights present,Fine (without high winds),Dry,None,None,No overtaking,326730,676160,531355,Junction,Pedestrian,353855,unset,EH65JB,Control by other authorised person,Pedestrian phase at traffic signal junction,Elsewhere
252410,,Fatal,1,1,04/04/2010,Sunday,4,April,10,2,18,230,A,702,Single carriageway - 2 lanes,30,'T' or staggered junction,Automatic Traffic Signal,Unclassified,,Darkness: street lights present and lit,Fine (without high winds),Dry,None,None,No overtaking,324770,673360,522333,Junction,S.V.N.P.,353856,unset,EH38BR,Control by other authorised person,"Pelican, puffin, toucan or similar non-junction pedestrian light crossing",At scene
252710,,Slight,1,1,03/04/2010,Saturday,3,April,10,15,0,230,A,6106,Single carriageway - 2 lanes,30,Not at or within 20 metres of junction,unset,\,,Daylight: no street lighting,Raining (without high winds),Dry,None,None,No overtaking,330380,672700,569123,Segment,Pedestrian,353857,unset,EH153NY,No crossing facility within 50m or physical crossing facility not controlled by authorised person,No physical crossing facility within 50m,At scene
253010,,Slight,1,1,03/04/2010,Saturday,3,April,10,16,0,230,Unclassified,,Single carriageway - 2 lanes,30,Crossroads,Automatic Traffic Signal,Unclassified,,Daylight: street lights present,Fine (without high winds),Dry,None,None,No overtaking,323050,671920,522270,Junction,Bus,353858,unset,EH111QW,Control by other authorised person,Pedestrian phase at traffic signal junction,Elsewhere
253210,,Slight,2,2,04/04/2010,Sunday,4,April,10,14,30,230,Unclassified,,Single carriageway - 2 lanes,30,Crossroads,Stop sign,Unclassified,,Daylight: street lights present,Fine (without high winds),Dry,None,None,No overtaking,321520,674380,520395,Junction,T.V.N.P.,353859,unset,EH43RG,Control by other authorised person,Zebra crossing,At scene
255210,,Slight,2,1,05/04/2010,Monday,5,April,10,16,45,230,C,,Single carriageway - 2 lanes,30,Not at or within 20 metres of junction,unset,\,,Daylight: street lights present,Fine (without high winds),Dry,None,None,No overtaking,323960,672570,559451,Segment,Pedestrian,353860,unset,EH111BP,No crossing facility within 50m or physical crossing facility not controlled by authorised person,No physical crossing facility within 50m,At scene
255910,,Slight,2,1,05/04/2010,Monday,5,April,10,16,15,230,Unclassified,,Single carriageway - 2 lanes,30,'T' or staggered junction,Give way sign or markings,Unclassified,,Daylight: street lights present,Fine (without high winds),Dry,None,None,No overtaking,319550,669460,0,Unset,T.V.N.P.,353861,unset,EH143BX,No crossing facility within 50m or physical crossing facility not controlled by authorised person,No physical crossing facility within 50m,Elsewhere
257610,,Slight,3,1,05/04/2010,Monday,5,April,10,22,0,230,Unclassified,,Single carriageway - 2 lanes,30,Not at or within 20 metres of junction,unset,\,,Darkness: street lights present and lit,Fine with high winds,Dry,None,None,No overtaking,328830,674360,12239340,Segment,M.V.N.P.,353862,unset,EH76PW,No crossing facility within 50m or physical crossing facility not controlled by authorised person,No physical crossing facility within 50m,At scene
260710,,Slight,1,1,07/04/2010,Wednesday,7,April,10,17,5,230,Unclassified,,Single carriageway - 2 lanes,30,'T' or staggered junction,Give way sign or markings,Unclassified,,Daylight: street lights present,Fine (without high winds),Dry,None,None,No overtaking,326810,674070,520701,Junction,Pedestrian,353863,unset,EH88DX,No crossing facility within 50m or physical crossing facility not controlled by authorised person,No physical crossing facility within 50m,At scene
263110,,Slight,3,2,08/04/2010,Thursday,8,April,10,16,35,230,Unclassified,,Single carriageway - 2 lanes,30,Not at or within 20 metres of junction,unset,\,,Daylight: street lights present,Fine (without high winds),Dry,None,None,No overtaking,320840,670860,565148,Segment,M.V.N.P.,353864,unset,EH114SR,No crossing facility within 50m or physical crossing facility not controlled by authorised person,No physical crossing facility within 50m,At scene
263210,,Slight,2,1,08/04/2010,Thursday,8,April,10,18,0,230,A,772,Single carriageway - 2 lanes,30,Not at or within 20 metres of junction,unset,\,,Daylight: street lights present,Fine (without high winds),Dry,None,None,No overtaking,328770,669210,569375,Segment,Cyclist,353865,unset,EH177JG,Control by other authorised person,Pedestrian phase at traffic signal junction,Elsewhere
263610,,Slight,2,1,04/04/2010,Sunday,4,April,10,23,35,230,Unclassified,,Single carriageway - 2 lanes,30,Not at or within 20 metres of junction,unset,\,,Darkness: street lights present but unlit,Fine (without high winds),Dry,None,None,No overtaking,328440,674550,0,Unset,T.V.N.P.,353866,unset,EH76LH,No crossing facility within 50m or physical crossing facility not controlled by authorised person,No physical crossing facility within 50m,At scene
264810,,Slight,2,1,09/04/2010,Friday,9,April,10,11,44,230,A,8,Single carriageway - 2 lanes,40,'T' or staggered junction,Give way sign or markings,Unclassified,,Daylight: street lights present,Fine (without high winds),Dry,None,None,No overtaking,321080,672870,521751,Junction,Cyclist,353867,unset,EH125YS,No crossing facility within 50m or physical crossing facility not controlled by authorised person,No physical crossing facility within 50m,At scene
264910,,Serious,2,1,17/03/2010,Wednesday,17,March,10,17,0,230,Unclassified,,Single carriageway - 2 lanes,30,'T' or staggered junction,Give way sign or markings,Unclassified,,Darkness: street lights present and lit,Unknown,Dry,None,None,No overtaking,329230,671800,0,Unset,T.V.N.P.,353753,unset,EH164NQ,No crossing facility within 50m or physical crossing facility not controlled by authorised person,No physical crossing facility within 50m,Elsewhere
265010,,Slight,1,1,09/04/2010,Friday,9,April,10,12,0,230,Unclassified,,Single carriageway - 2 lanes,30,Not at or within 20 metres of junction,unset,\,,Daylight: street lights present,Fine (without high winds),Dry,None,None,No overtaking,313440,678030,12230279,Segment,Bus,353868,unset,EH309JX,No crossing facility within 50m or physical crossing facility not controlled by authorised person,No physical crossing facility within 50m,Elsewhere
265310,,Slight,3,3,09/04/2010,Friday,9,April,10,10,20,230,A,8,Single carriageway - 2 lanes,30,'T' or staggered junction,Give way sign or markings,Unclassified,,Daylight: street lights present,Fine (without high winds),Dry,None,None,No overtaking,320790,672820,521739,Junction,M.V.N.P.,353869,unset,EH127AU,No crossing facility within 50m or physical crossing facility not controlled by authorised person,No physical crossing facility within 50m,At scene
265510,,Slight,2,1,09/04/2010,Friday,9,April,10,14,20,230,A,7,Single carriageway - 2 lanes,30,'T' or staggered junction,Give way sign or markings,Unclassified,,Daylight: street lights present,Fine (without high winds),Dry,None,None,No overtaking,326390,672490,532687,Junction,T.V.N.P.,353870,unset,EH89PT,Control by other authorised person,"Pelican, puffin, toucan or similar non-junction pedestrian light crossing",At scene
265610,,Slight,2,1,08/04/2010,Thursday,8,April,10,18,40,230,A,71,Single carriageway - 2 lanes,30,Crossroads,Automatic Traffic Signal,Unclassified,,Daylight: street lights present,Fine (without high winds),Dry,None,None,No overtaking,322850,672230,521964,Junction,Cyclist,353871,unset,EH111TX,No crossing facility within 50m or physical crossing facility not controlled by authorised person,No physical crossing facility within 50m,At scene
266910,,Slight,1,1,30/03/2010,Tuesday,30,March,10,8,30,230,Unclassified,,Single carriageway - 2 lanes,30,Not at or within 20 metres of junction,unset,\,,Daylight: street lights present,Raining (without high winds),Dry,None,None,No overtaking,325640,676730,10310421,Segment,Bus,353754,unset,EH64QD,Control by school crossing patrol,"Pelican, puffin, toucan or similar non-junction pedestrian light crossing",At scene
267210,,Slight,1,2,09/04/2010,Friday,9,April,10,17,40,230,A,700,Single carriageway - 2 lanes,30,Multiple junction,Automatic Traffic Signal,A,702,Daylight: street lights present,Fine (without high winds),Dry,None,None,No overtaking,324920,672970,533371,Junction,Pedestrian,353872,unset,EH39JG,Control by other authorised person,Pedestrian phase at traffic signal junction,At scene
269310,,Slight,2,1,11/04/2010,Sunday,11,April,10,10,30,230,A,90,Single carriageway - 2 lanes,30,Crossroads,Automatic Traffic Signal,Unclassified,,Daylight: street lights present,Fine (without high winds),Dry,None,None,No overtaking,323770,674230,520464,Junction,Cyclist,353873,unset,EH43TP,No crossing facility within 50m or physical crossing facility not controlled by authorised person,No physical crossing facility within 50m,At scene
269510,,Slight,1,1,11/04/2010,Sunday,11,April,10,13,40,230,A,1140,Single carriageway - 2 lanes,30,Not at or within 20 metres of junction,unset,\,,Daylight: street lights present,Fine (without high winds),Dry,None,None,No overtaking,328430,674150,523368,Junction,Bus,353874,unset,EH87EH,No crossing facility within 50m or physical crossing facility not controlled by authorised person,No physical crossing facility within 50m,At scene
270110,,Slight,1,1,10/04/2010,Saturday,10,April,10,16,0,230,A,70,Single carriageway - 2 lanes,30,'T' or staggered junction,Give way sign or markings,Unclassified,,Daylight: street lights present,Fine (without high winds),Dry,None,None,No overtaking,322760,671610,522231,Junction,Pedestrian,353875,unset,EH141NY,No crossing facility within 50m or physical crossing facility not controlled by authorised person,No physical crossing facility within 50m,Elsewhere
270210,,Slight,2,1,11/04/2010,Sunday,11,April,10,13,30,230,A,8,Single carriageway - 2 lanes,30,'T' or staggered junction,Give way sign or markings,Unclassified,,Daylight: no street lighting,Fine (without high winds),Dry,None,None,No overtaking,320560,672820,521745,Junction,Cyclist,353876,unset,EH126JP,No crossing facility within 50m or physical crossing facility not controlled by authorised person,No physical crossing facility within 50m,At scene
272010,,Serious,2,1,12/04/2010,Monday,12,April,10,12,55,230,A,901,Single carriageway - 2 lanes,30,'T' or staggered junction,Give way sign or markings,Unclassified,,Daylight: street lights present,Fine (without high winds),Dry,None,None,No overtaking,326860,676010,531349,Junction,Cyclist,353877,unset,EH65HX,No crossing facility within 50m or physical crossing facility not controlled by authorised person,"Pelican, puffin, toucan or similar non-junction pedestrian light crossing",At scene
273110,,Serious,1,1,12/04/2010,Monday,12,April,10,11,48,230,A,71,Roundabout,40,Roundabout,Automatic Traffic Signal,A,71,Daylight: no street lighting,Other,Dry,None,None,No overtaking,318630,670430,2586683,Junction,Cyclist,353878,unset,EH144AW,No crossing facility within 50m or physical crossing facility not controlled by authorised person,No physical crossing facility within 50m,At scene
273810,,Slight,3,1,13/04/2010,Tuesday,13,April,10,12,45,230,B,6415,Single carriageway - 2 lanes,30,'T' or staggered junction,Give way sign or markings,Unclassified,,Daylight: street lights present,Fine (without high winds),Dry,None,None,No overtaking,330340,674080,523473,Junction,M.V.N.P.,353879,unset,EH151AN,No crossing facility within 50m or physical crossing facility not controlled by authorised person,Central refuge - no other controls,At scene
273910,,Slight,2,1,12/04/2010,Monday,12,April,10,12,30,230,Unclassified,,Single carriageway - 2 lanes,30,Crossroads,Give way sign or markings,Unclassified,,Daylight: street lights present,Fine (without high winds),Dry,None,None,No overtaking,323280,676730,12233130,Junction,T.V.N.P.,353880,unset,EH51NG,No crossing facility within 50m or physical crossing facility not controlled by authorised person,No physical crossing facility within 50m,At scene
274310,,Slight,2,1,13/04/2010,Tuesday,13,April,10,18,0,230,A,8,Roundabout,40,Roundabout,Automatic Traffic Signal,Unclassified,,Darkness: street lights present and lit,Fine (without high winds),Dry,None,None,No overtaking,317560,672570,9658425,Junction,T.V.N.P.,353881,unset,EH129BS,No crossing facility within 50m or physical crossing facility not controlled by authorised person,No physical crossing facility within 50m,At scene
274910,,Slight,3,1,13/04/2010,Tuesday,13,April,10,17,15,230,A,199,Single carriageway - 2 lanes,30,'T' or staggered junction,Automatic Traffic Signal,Unclassified,,Daylight: street lights present,Fine (without high winds),Dry,None,None,No overtaking,328790,675690,523248,Junction,M.V.N.P.,353882,unset,EH67LW,No crossing facility within 50m or physical crossing facility not controlled by authorised person,Pedestrian phase at traffic signal junction,At scene
275910,,Slight,2,1,14/04/2010,Wednesday,14,April,10,9,0,230,Unclassified,,Single carriageway - 2 lanes,30,Crossroads,Give way sign or markings,Unclassified,,Daylight: street lights present,Fine (without high winds),Dry,None,None,No overtaking,327620,674420,520743,Junction,Cyclist,353883,unset,EH76AE,No crossing facility within 50m or physical crossing facility not controlled by authorised person,Central refuge - no other controls,At scene
276010,,Slight,1,1,14/04/2010,Wednesday,14,April,10,9,0,230,A,1,Single carriageway - 2 lanes,30,Not at or within 20 metres of junction,unset,\,,Daylight: street lights present,Fine (without high winds),Dry,None,None,No overtaking,327590,674320,2106028,Segment,Bus,353884,unset,EH75TP,No crossing facility within 50m or physical crossing facility not controlled by authorised person,No physical crossing facility within 50m,Elsewhere
276110,,Slight,1,1,13/04/2010,Tuesday,13,April,10,18,40,230,Unclassified,,Single carriageway - 2 lanes,30,'T' or staggered junction,Give way sign or markings,Unclassified,,Daylight: street lights present,Fine (without high winds),Dry,None,None,No overtaking,312390,674160,517330,Junction,S.V.N.P.,353885,unset,EH299DY,Control by other authorised person,Central refuge - no other controls,Elsewhere
276810,,Slight,2,1,14/04/2010,Wednesday,14,April,10,17,30,230,Unclassified,,Single carriageway - 2 lanes,30,'T' or staggered junction,Give way sign or markings,Unclassified,,Daylight: no street lighting,Fine (without high winds),Dry,None,None,No overtaking,323800,670250,529993,Junction,T.V.N.P.,353886,unset,EH105QY,No crossing facility within 50m or physical crossing facility not controlled by authorised person,No physical crossing facility within 50m,At scene
279010,,Slight,2,1,15/04/2010,Thursday,15,April,10,17,50,230,Unclassified,,Single carriageway - 2 lanes,30,'T' or staggered junction,Give way sign or markings,A,901,Daylight: street lights present,Fine (without high winds),Dry,None,None,No overtaking,325000,676980,519037,Junction,T.V.N.P.,353887,unset,EH53BY,No crossing facility within 50m or physical crossing facility not controlled by authorised person,No physical crossing facility within 50m,At scene