acc_ref,beat_no,severity,no_vehicle,no_casualt,a_date,a_day,a_date_day,a_date_mon,a_date_yr,a_time_hr,a_time_min,loc_auth,road1_class,road1_no,road_type,speed_limi,junc_det,junc_ctrl,road2_class,road2_no,light_cond,weather,road_surf,spec_cond,cway_hzrds,ovrtk_patrn,easting,northing,net_id,net_type,acc_type,text_id,division,Postcode,ped_xing_hc,ped_xing_p,place_reported
333010,,Slight,2,1,08/05/2010,Saturday,8,May,10,15,45,230,C,,Single carriageway - 2 lanes,30,Crossroads,Authorised Person,Unclassified,,Daylight: street lights present,Fine (without high winds),Dry,None,None,No overtaking,324840,674440,520500,Junction,T.V.N.P.,337437,unset,EH36TL,Control by other authorised person,Pedestrian phase at traffic signal junction,Elsewhere
334610,,Slight,2,2,09/05/2010,Sunday,9,May,10,16,15,230,A,902,Single carriageway - 2 lanes,40,'T' or staggered junction,Give way sign or markings,Unclassified,,Daylight: no street lighting,Fine (without high winds),Dry,None,None,No overtaking,318100,672840,521646,Junction,T.V.N.P.,337438,unset,EH128JY,No crossing facility within 50m or physical crossing facility not controlled by authorised person,No physical crossing facility within 50m,At scene
335110,,Slight,2,1,09/05/2010,Sunday,9,May,10,16,5,230,Unclassified,,Single carriageway - 2 lanes,30,Other junction,Give way sign or markings,C,,Daylight: no street lighting,Fine (without high winds),Dry,None,None,No overtaking,326840,674130,520698,Junction,T.V.N.P.,337439,unset,EH88EB,No crossing facility within 50m or physical crossing facility not controlled by authorised person,No physical crossing facility within 50m,At scene
335210,,Slight,2,1,08/05/2010,Saturday,8,May,10,19,20,230,Unclassified,,Single carriageway - 2 lanes,30,Other junction,Give way sign or markings,Unclassified,,Daylight: no street lighting,Fine (without high winds),Dry,None,None,No overtaking,326310,673170,517360,Junction,T.V.N.P.,337440,unset,EH89RR,No crossing facility within 50m or physical crossing facility not controlled by authorised person,No physical crossing facility within 50m,At scene
336210,,Serious,2,1,10/05/2010,Monday,10,May,10,13,0,230,Unclassified,,Single carriageway - 2 lanes,30,'T' or staggered junction,Give way sign or markings,Unclassified,,Daylight: street lights present,Fine (without high winds),Dry,None,None,No overtaking,319650,671860,522126,Junction,T.V.N.P.,337441,unset,EH129AD,No crossing facility within 50m or physical crossing facility not controlled by authorised person,"Pelican, puffin, toucan or similar non-junction pedestrian light crossing",At scene
338610,,Slight,1,1,13/03/2010,Saturday,13,March,10,20,40,230,Unclassified,,Single carriageway - 2 lanes,30,Not at or within 20 metres of junction,unset,\,,Darkness: street lights present and lit,Fine (without high winds),Dry,None,None,No overtaking,322640,672560,559224,Segment,Bus,353755,unset,EH112RB,Control by other authorised person,"Pelican, puffin, toucan or similar non-junction pedestrian light crossing",At scene
340510,,Slight,2,1,12/05/2010,Wednesday,12,May,10,8,20,230,A,702,Single carriageway - 2 lanes,30,'T' or staggered junction,Give way sign or markings,Unclassified,,Daylight: street lights present,Raining (without high winds),Dry,None,None,No overtaking,324350,670390,530002,Junction,Cyclist,337442,unset,EH106AU,No crossing facility within 50m or physical crossing facility not controlled by authorised person,No physical crossing facility within 50m,Elsewhere
340710,,Slight,2,1,12/05/2010,Wednesday,12,May,10,9,30,230,Unclassified,,Single carriageway - 2 lanes,20,Not at or within 20 metres of junction,unset,\,,Daylight: street lights present,Snowing (without high winds),Dry,None,None,No overtaking,325230,668830,0,Unset,Pedestrian,337443,unset,EH106XE,No crossing facility within 50m or physical crossing facility not controlled by authorised person,No physical crossing facility within 50m,Elsewhere
341510,,Slight,2,1,12/05/2010,Wednesday,12,May,10,16,45,230,Unclassified,,Single carriageway - 2 lanes,30,Other junction,Give way sign or markings,Unclassified,,Daylight: street lights present,Fine (without high winds),Dry,None,None,No overtaking,324350,673820,10258611,Junction,T.V.N.P.,337444,unset,EH37RN,No crossing facility within 50m or physical crossing facility not controlled by authorised person,No physical crossing facility within 50m,At scene
341910,,Slight,2,1,12/05/2010,Wednesday,12,May,10,18,40,230,Unclassified,,Single carriageway - 2 lanes,30,Crossroads,Give way sign or markings,Unclassified,,Daylight: street lights present,Fine (without high winds),Dry,None,None,No overtaking,327370,676190,12238905,Junction,Cyclist,337445,unset,EH67EZ,No crossing facility within 50m or physical crossing facility not controlled by authorised person,No physical crossing facility within 50m,At scene
343210,,Slight,1,1,13/05/2010,Thursday,13,May,10,10,45,230,C,,Single carriageway - 2 lanes,30,'T' or staggered junction,Automatic Traffic Signal,Unclassified,,Daylight: street lights present,Fine (without high winds),Dry,None,None,No overtaking,325750,674330,520590,Junction,Pedestrian,337446,unset,EH13EP,Control by other authorised person,Pedestrian phase at traffic signal junction,At scene
343310,,Slight,2,1,10/05/2010,Monday,10,May,10,8,20,230,A,901,Single carriageway - 2 lanes,30,Other junction,Automatic Traffic Signal,Unclassified,,Daylight: no street lighting,Fine (without high winds),Dry,None,None,No overtaking,326710,676190,531355,Junction,T.V.N.P.,337447,unset,EH65LJ,Control by other authorised person,Pedestrian phase at traffic signal junction,At scene
343810,,Slight,2,1,08/05/2010,Saturday,8,May,10,20,0,230,A,701,Single carriageway - 2 lanes,30,Not at or within 20 metres of junction,unset,\,,Daylight: no street lighting,Fine (without high winds),Dry,None,None,No overtaking,327170,670680,570719,Segment,T.V.N.P.,337448,unset,EH165QT,No crossing facility within 50m or physical crossing facility not controlled by authorised person,No physical crossing facility within 50m,At scene
344910,,Slight,1,2,13/05/2010,Thursday,13,May,10,17,40,230,A,701,Single carriageway - 2 lanes,30,Not at or within 20 metres of junction,unset,\,,Daylight: no street lighting,Fine (without high winds),Dry,None,None,No overtaking,326660,671960,569330,Segment,Pedestrian,337449,unset,EH91RQ,No crossing facility within 50m or physical crossing facility not controlled by authorised person,No physical crossing facility within 50m,At scene
345110,,Slight,2,1,20/04/2010,Tuesday,20,April,10,8,0,230,A,8,Single carriageway - 2 lanes,30,'T' or staggered junction,Give way sign or markings,Unclassified,,Daylight: street lights present,Fine (without high winds),Dry,None,None,No overtaking,320200,672890,521727,Junction,Bus,353933,unset,EH126NN,Control by other authorised person,"Pelican, puffin, toucan or similar non-junction pedestrian light crossing",At scene
345910,,Slight,3,2,14/05/2010,Friday,14,May,10,16,2,230,Motorway,9,Dual carriageway - 2 lanes,70,Not at or within 20 metres of junction,unset,\,,Daylight: no street lighting,Fine (without high winds),Dry,None,None,No overtaking,312080,673670,562735,Segment,M.V.N.P.,337450,unset,EH299EA,No crossing facility within 50m or physical crossing facility not controlled by authorised person,No physical crossing facility within 50m,Elsewhere
346810,,Slight,2,1,14/05/2010,Friday,14,May,10,10,54,230,Unclassified,,Roundabout,30,Roundabout,Give way sign or markings,Unclassified,,Daylight: street lights present,Fine (without high winds),Dry,None,None,No overtaking,327910,674590,520323,Junction,T.V.N.P.,337451,unset,EH76AP,No crossing facility within 50m or physical crossing facility not controlled by authorised person,No physical crossing facility within 50m,Elsewhere
347010,,Slight,1,1,14/05/2010,Friday,14,May,10,13,0,230,A,1140,Single carriageway - 2 lanes,30,Not at or within 20 metres of junction,unset,\,,Daylight: street lights present,Fine (without high winds),Dry,None,None,No overtaking,329100,674270,554921,Segment,Pedestrian,337452,unset,EH76PY,No crossing facility within 50m or physical crossing facility not controlled by authorised person,No physical crossing facility within 50m,At scene
347310,,Slight,1,1,17/03/2010,Wednesday,17,March,10,12,30,230,Unclassified,,Single carriageway - 2 lanes,30,Not at or within 20 metres of junction,unset,\,,Daylight: street lights present,Fine (without high winds),Dry,None,None,No overtaking,323660,676610,0,Unset,Pedestrian,353756,unset,EH51BX,No crossing facility within 50m or physical crossing facility not controlled by authorised person,No physical crossing facility within 50m,Elsewhere
349010,,Slight,3,1,12/05/2010,Wednesday,12,May,10,17,7,230,A,199,Single carriageway - 2 lanes,40,Not at or within 20 metres of junction,unset,\,,Daylight: no street lighting,Fine (without high winds),Dry,None,None,No overtaking,329940,674510,563275,Segment,M.V.N.P.,337453,unset,EH151TB,No crossing facility within 50m or physical crossing facility not controlled by authorised person,No physical crossing facility within 50m,At scene
350110,,Slight,2,1,16/05/2010,Sunday,16,May,10,9,25,230,A,7,Single carriageway - 2 lanes,30,Not at or within 20 metres of junction,unset,\,,Daylight: street lights present,Fine (without high winds),Dry,None,None,No overtaking,326160,673040,569460,Segment,Cyclist,337454,unset,EH89EJ,No crossing facility within 50m or physical crossing facility not controlled by authorised person,No physical crossing facility within 50m,At scene
350310,,Slight,1,1,16/05/2010,Sunday,16,May,10,0,45,230,A,900,Dual carriageway - 2 lanes,30,Not at or within 20 metres of junction,unset,\,,Darkness: street lights present and lit,Fine (without high winds),Dry,None,None,No overtaking,326070,674420,558509,Segment,Pedestrian,337455,unset,EH13NQ,Control by other authorised person,"Pelican, puffin, toucan or similar non-junction pedestrian light crossing",At scene
352510,,Slight,1,1,17/05/2010,Monday,17,May,10,16,15,230,Unclassified,,Single carriageway - 2 lanes,30,Other junction,Give way sign or markings,Unclassified,,Daylight: street lights present,Fine (without high winds),Dry,None,None,No overtaking,322090,674520,520041,Junction,Pedestrian,337456,unset,EH43NF,No crossing facility within 50m or physical crossing facility not controlled by authorised person,"Pelican, puffin, toucan or similar non-junction pedestrian light crossing",At scene
352610,,Slight,2,1,18/05/2010,Tuesday,18,May,10,1,30,230,Unclassified,,Single carriageway - 2 lanes,30,Not at or within 20 metres of junction,unset,\,,Darkness: street lights present and lit,Fine (without high winds),Dry,None,None,No overtaking,324080,673310,0,Unset,Cyclist,337457,unset,EH125EG,No crossing facility within 50m or physical crossing facility not controlled by authorised person,No physical crossing facility within 50m,At scene
353210,,Slight,1,1,18/05/2010,Tuesday,18,May,10,8,30,230,C,,Single carriageway - 2 lanes,30,'T' or staggered junction,Give way sign or markings,Unclassified,,Daylight: street lights present,Fine (without high winds),Dry,None,None,No overtaking,326140,672120,532762,Junction,Pedestrian,337458,unset,EH91UQ,No crossing facility within 50m or physical crossing facility not controlled by authorised person,No physical crossing facility within 50m,Elsewhere
354410,,Slight,2,1,18/05/2010,Tuesday,18,May,10,13,50,230,C,,Single carriageway - 2 lanes,30,Not at or within 20 metres of junction,unset,\,,Daylight: street lights present,Fine (without high winds),Dry,None,None,No overtaking,325500,671990,559048,Segment,Cyclist,337459,unset,EH91HA,No crossing facility within 50m or physical crossing facility not controlled by authorised person,No physical crossing facility within 50m,At scene
354610,,Slight,1,1,17/05/2010,Monday,17,May,10,15,55,230,A,71,Single carriageway - 2 lanes,30,'T' or staggered junction,Give way sign or markings,Unclassified,,Daylight: street lights present,Fine (without high winds),Dry,None,None,No overtaking,322950,672260,521961,Junction,Pedestrian,337460,unset,EH111TU,No crossing facility within 50m or physical crossing facility not controlled by authorised person,No physical crossing facility within 50m,At scene
355810,,Slight,3,1,10/05/2010,Monday,10,May,10,11,29,230,Unclassified,,Single carriageway - 2 lanes,30,Not at or within 20 metres of junction,unset,\,,Daylight: street lights present,Fine (without high winds),Dry,None,None,No overtaking,325830,676280,563619,Segment,M.V.N.P.,337461,unset,EH64NW,No crossing facility within 50m or physical crossing facility not controlled by authorised person,No physical crossing facility within 50m,At scene
356210,,Slight,2,1,19/05/2010,Wednesday,19,May,10,8,20,230,A,7,Single carriageway - 2 lanes,30,Not at or within 20 metres of junction,unset,\,,Daylight: street lights present,Fine with high winds,Dry,None,None,No overtaking,328180,670710,568093,Segment,Cyclist,337462,unset,EH164TE,No crossing facility within 50m or physical crossing facility not controlled by authorised person,No physical crossing facility within 50m,At scene
356410,,Serious,2,1,18/05/2010,Tuesday,18,May,10,15,30,230,A,8,Single carriageway - 2 lanes,30,'T' or staggered junction,Give way sign or markings,Unclassified,,Daylight: street lights present,Fine (without high winds),Dry,None,None,No overtaking,322920,673210,521268,Junction,Cyclist,337463,unset,EH125NJ,No crossing facility within 50m or physical crossing facility not controlled by authorised person,"Pelican, puffin, toucan or similar non-junction pedestrian light crossing",At scene
358110,,Slight,2,1,20/05/2010,Thursday,20,May,10,16,20,230,Unclassified,,Single carriageway - 2 lanes,30,Not at or within 20 metres of junction,unset,\,,Daylight: street lights present,Fine (without high winds),Dry,None,None,No overtaking,326700,671810,569664,Segment,Pedestrian,337464,unset,EH91TQ,No crossing facility within 50m or physical crossing facility not controlled by authorised person,No physical crossing facility within 50m,Elsewhere
360310,,Slight,1,1,19/05/2010,Wednesday,19,May,10,16,30,230,A,71,Single carriageway - 2 lanes,30,Not at or within 20 metres of junction,unset,\,,Daylight: street lights present,Fine (without high winds),Dry,None,None,No overtaking,322870,672240,549710,Segment,Pedestrian,337465,unset,EH112PP,Control by other authorised person,Pedestrian phase at traffic signal junction,Elsewhere
360810,,Slight,2,1,21/05/2010,Friday,21,May,10,6,50,230,Unclassified,,Roundabout,30,Roundabout,Automatic Traffic Signal,Unclassified,,Daylight: no street lighting,Fine (without high winds),Dry,None,None,No overtaking,312460,677670,533308,Junction,Cyclist,337466,unset,EH309XS,Control by other authorised person,Pedestrian phase at traffic signal junction,Elsewhere
361110,,Slight,1,1,21/05/2010,Friday,21,May,10,14,15,230,A,901,Single carriageway - 2 lanes,30,Multiple junction,Automatic Traffic Signal,Unclassified,,Daylight: street lights present,Fine (without high winds),Dry,None,None,No overtaking,326940,675910,522483,Junction,Pedestrian,337467,unset,EH65HX,Control by other authorised person,"Pelican, puffin, toucan or similar non-junction pedestrian light crossing",At scene
361810,,Slight,2,2,21/05/2010,Friday,21,May,10,10,25,230,C,,Single carriageway - 2 lanes,30,Crossroads,Automatic Traffic Signal,Unclassified,,Daylight: street lights present,Fine (without high winds),Dry,None,None,No overtaking,323340,674890,520071,Junction,T.V.N.P.,337468,unset,EH41QL,Control by other authorised person,Pedestrian phase at traffic signal junction,At scene
363110,,Slight,1,1,21/05/2010,Friday,21,May,10,21,0,230,Unclassified,,Roundabout,60,Roundabout,Give way sign or markings,Unclassified,,Daylight: street lights present,Fine (without high winds),Dry,None,None,No overtaking,317960,669930,0,Unset,S.V.N.P.,337469,unset,EH144AW,No crossing facility within 50m or physical crossing facility not controlled by authorised person,No physical crossing facility within 50m,At scene
364310,,Slight,2,1,09/05/2010,Sunday,9,May,10,9,30,230,Unclassified,,Roundabout,30,Roundabout,Give way sign or markings,C,,Daylight: no street lighting,Fine (without high winds),Dry,None,None,No overtaking,321010,670970,530926,Junction,Cyclist,337470,unset,EH142AP,No crossing facility within 50m or physical crossing facility not controlled by authorised person,No physical crossing facility within 50m,At scene
365210,,Slight,2,1,21/05/2010,Friday,21,May,10,12,0,230,Unclassified,,Single carriageway - 2 lanes,20,Crossroads,Automatic Traffic Signal,A,700,Daylight: street lights present,Fine (without high winds),Dry,None,None,No overtaking,326420,672400,532786,Junction,Bus,337471,unset,EH91QS,Control by other authorised person,Pedestrian phase at traffic signal junction,Elsewhere
365510,,Slight,2,1,23/05/2010,Sunday,23,May,10,15,20,230,C,,Single carriageway - 2 lanes,30,Not at or within 20 metres of junction,unset,\,,Daylight: street lights present,Fine (without high winds),Dry,None,None,No overtaking,322870,676000,559931,Segment,T.V.N.P.,337472,unset,EH52NG,No crossing facility within 50m or physical crossing facility not controlled by authorised person,No physical crossing facility within 50m,At scene
365710,,Slight,2,1,23/05/2010,Sunday,23,May,10,10,45,230,Unclassified,,Single carriageway - 2 lanes,30,'T' or staggered junction,Give way sign or markings,Unclassified,,Daylight: street lights present,Fine (without high winds),Dry,None,None,No overtaking,326170,671660,0,Unset,Cyclist,337473,unset,EH92EW,No crossing facility within 50m or physical crossing facility not controlled by authorised person,No physical crossing facility within 50m,At scene
367310,,Slight,2,1,22/05/2010,Saturday,22,May,10,13,20,230,B,900,Single carriageway - 2 lanes,30,'T' or staggered junction,Give way sign or markings,Unclassified,,Daylight: street lights present,Fine (without high winds),Dry,None,None,No overtaking,323080,674490,520455,Junction,Cyclist,337474,unset,EH42EH,No crossing facility within 50m or physical crossing facility not controlled by authorised person,No physical crossing facility within 50m,Elsewhere
371110,,Slight,1,1,24/05/2010,Monday,24,May,10,12,5,230,Unclassified,,Single carriageway - 2 lanes,30,Crossroads,Automatic Traffic Signal,A,71,Daylight: no street lighting,Fine (without high winds),Dry,None,None,No overtaking,322680,672210,521970,Junction,Bus,337475,unset,EH112QT,Control by other authorised person,Pedestrian phase at traffic signal junction,Elsewhere
371610,,Slight,2,1,24/05/2010,Monday,24,May,10,16,45,230,Unclassified,,Single carriageway - 2 lanes,30,Mini-roundabout,Give way sign or markings,Unclassified,,Daylight: street lights present,Fine (without high winds),Dry,None,None,No overtaking,324290,675500,12232951,Junction,Cyclist,337476,unset,EH35PA,No crossing facility within 50m or physical crossing facility not controlled by authorised person,No physical crossing facility within 50m,Elsewhere
371710,,Serious,1,1,25/05/2010,Tuesday,25,May,10,15,30,230,Unclassified,,Single carriageway - 2 lanes,30,Not at or within 20 metres of junction,unset,\,,Daylight: no street lighting,Fine (without high winds),Dry,None,None,No overtaking,323520,677200,12226718,Segment,Pedestrian,337477,unset,EH51PN,No crossing facility within 50m or physical crossing facility not controlled by authorised person,No physical crossing facility within 50m,At scene
372710,,Slight,2,1,26/05/2010,Wednesday,26,May,10,8,15,230,C,,Single carriageway - 2 lanes,30,'T' or staggered junction,Give way sign or markings,Unclassified,,Daylight: no street lighting,Fine (without high winds),Dry,None,None,No overtaking,326440,675310,519855,Junction,Cyclist,337478,unset,EH65AL,Control by other authorised person,Pedestrian phase at traffic signal junction,At scene
373710,,Slight,1,1,25/05/2010,Tuesday,25,May,10,14,0,230,B,701,Single carriageway - 2 lanes,40,Other junction,Give way sign or markings,Unclassified,,Daylight: street lights present,Fine (without high winds),Dry,None,None,No overtaking,319070,674180,520356,Junction,Pedestrian,337479,unset,EH48DB,No crossing facility within 50m or physical crossing facility not controlled by authorised person,Central refuge - no other controls,At scene
375610,,Slight,1,1,26/05/2010,Wednesday,26,May,10,21,29,230,Unclassified,,Single carriageway - 2 lanes,30,Crossroads,Give way sign or markings,Unclassified,,Daylight: street lights present,Fine (without high winds),Dry,None,None,No overtaking,321170,671740,0,Unset,Pedestrian,337480,unset,EH113EP,No crossing facility within 50m or physical crossing facility not controlled by authorised person,No physical crossing facility within 50m,At scene
375810,,Slight,1,1,27/05/2010,Thursday,27,May,10,16,37,230,B,900,Single carriageway - 2 lanes,30,'T' or staggered junction,Give way sign or markings,Unclassified,,Daylight: street lights present,Fine (without high winds),Dry,None,None,No overtaking,326550,675980,522321,Junction,Pedestrian,337481,unset,EH65ND,No crossing facility within 50m or physical crossing facility not controlled by authorised person,No physical crossing facility within 50m,Elsewhere
377510,,Serious,1,1,28/05/2010,Friday,28,May,10,9,40,230,A,7,Single carriageway - 2 lanes,30,Other junction,Automatic Traffic Signal,Unclassified,,Daylight: street lights present,Fine (without high winds),Dry,None,None,No overtaking,326010,673400,2305729,Junction,Pedestrian,337482,unset,EH11LL,Control by other authorised person,Pedestrian phase at traffic signal junction,At scene
377610,,Slight,3,1,27/05/2010,Thursday,27,May,10,14,10,230,Unclassified,,Dual carriageway - 2 lanes,30,Not at or within 20 metres of junction,unset,\,,Daylight: street lights present,Fine (without high winds),Dry,None,None,No overtaking,319520,671430,9659219,Segment,M.V.N.P.,337483,unset,EH113UP,No crossing facility within 50m or physical crossing facility not controlled by authorised person,No physical crossing facility within 50m,At scene
378910,,Slight,1,2,18/05/2010,Tuesday,18,May,10,22,33,230,Unclassified,,Single carriageway - 2 lanes,60,Not at or within 20 metres of junction,unset,\,,Darkness: no street lighting,Fine (without high winds),Dry,None,None,No overtaking,314870,675580,0,Unset,S.V.N.P.,337484,unset,EH299EJ,No crossing facility within 50m or physical crossing facility not controlled by authorised person,No physical crossing facility within 50m,At scene
379010,,Slight,2,1,26/05/2010,Wednesday,26,May,10,8,0,230,Unclassified,,Single carriageway - 2 lanes,30,Not at or within 20 metres of junction,unset,\,,Daylight: street lights present,Fine (without high winds),Dry,None,None,No overtaking,323550,674970,560030,Segment,Cyclist,337485,unset,EH41QL,No crossing facility within 50m or physical crossing facility not controlled by authorised person,No physical crossing facility within 50m,At scene
379610,,Slight,2,1,28/05/2010,Friday,28,May,10,14,30,230,A,6106,Single carriageway - 2 lanes,30,'T' or staggered junction,Give way sign or markings,Unclassified,,Daylight: street lights present,Fine (without high winds),Dry,None,None,No overtaking,330060,673760,529624,Junction,T.V.N.P.,337486,unset,EH151LU,No crossing facility within 50m or physical crossing facility not controlled by authorised person,No physical crossing facility within 50m,Elsewhere
380710,,Slight,2,3,26/05/2010,Wednesday,26,May,10,20,25,230,Unclassified,,Single carriageway - 2 lanes,30,Crossroads,Give way sign or markings,Unclassified,,Daylight: no street lighting,Raining (without high winds),Dry,None,None,No overtaking,323370,677260,12227194,Junction,T.V.N.P.,337487,unset,EH51PN,No crossing facility within 50m or physical crossing facility not controlled by authorised person,No physical crossing facility within 50m,At scene
380810,,Slight,1,1,27/05/2010,Thursday,27,May,10,15,18,230,Unclassified,,Single carriageway - 2 lanes,30,Not at or within 20 metres of junction,unset,\,,Daylight: street lights present,Fine (without high winds),Dry,None,None,No overtaking,327410,671790,12227950,Segment,Bus,337488,unset,EH165EE,No crossing facility within 50m or physical crossing facility not controlled by authorised person,No physical crossing facility within 50m,Elsewhere
381110,,Slight,1,1,29/05/2010,Saturday,29,May,10,12,32,230,A,8,Single carriageway - 2 lanes,30,Not at or within 20 metres of junction,unset,\,,Daylight: street lights present,Fine (without high winds),Dry,None,None,No overtaking,319920,672950,550689,Segment,Bus,337489,unset,EH128AX,No crossing facility within 50m or physical crossing facility not controlled by authorised person,No physical crossing facility within 50m,Elsewhere
381410,,Slight,2,1,29/05/2010,Saturday,29,May,10,12,45,230,Unclassified,,Single carriageway - 2 lanes,30,Other junction,Give way sign or markings,Unclassified,,Daylight: street lights present,Fine (without high winds),Dry,None,None,No overtaking,320330,675730,519328,Junction,T.V.N.P.,337490,unset,EH46AF,No crossing facility within 50m or physical crossing facility not controlled by authorised person,No physical crossing facility within 50m,Elsewhere
384210,,Slight,2,1,30/05/2010,Sunday,30,May,10,11,40,230,Unclassified,,Roundabout,30,Roundabout,Automatic Traffic Signal,Unclassified,,Daylight: no street lighting,Unknown,Dry,None,None,No overtaking,311800,674660,12230719,Junction,Cyclist,337491,unset,EH299ED,No crossing facility within 50m or physical crossing facility not controlled by authorised person,No physical crossing facility within 50m,Elsewhere
384710,,Slight,2,1,30/05/2010,Sunday,30,May,10,3,50,230,Unclassified,,Single carriageway - 2 lanes,30,Not at or within 20 metres of junction,unset,\,,Darkness: street lights present and lit,Raining (without high winds),Dry,None,None,No overtaking,323430,672220,561697,Segment,T.V.N.P.,337492,unset,EH111NX,No crossing facility within 50m or physical crossing facility not controlled by authorised person,No physical crossing facility within 50m,At scene
384810,,Slight,1,1,29/05/2010,Saturday,29,May,10,1,30,230,A,7,Single carriageway - 2 lanes,30,Crossroads,Automatic Traffic Signal,C,,Darkness: street lights present and lit,Fine (without high winds),Dry,None,None,No overtaking,325930,673670,521103,Junction,Pedestrian,337493,unset,EH11QN,Control by other authorised person,Pedestrian phase at traffic signal junction,At scene
384910,,Slight,3,1,30/05/2010,Sunday,30,May,10,11,10,230,A,90,Dual carriageway - 2 lanes,70,Not at or within 20 metres of junction,unset,\,,Daylight: street lights present,Fine (without high winds),Dry,None,None,No overtaking,315130,677140,555414,Segment,M.V.N.P.,337494,unset,EH309UA,No crossing facility within 50m or physical crossing facility not controlled by authorised person,No physical crossing facility within 50m,At scene
385410,,Slight,2,2,31/05/2010,Monday,31,May,10,16,10,230,Unclassified,,Single carriageway - 2 lanes,30,Crossroads,Give way sign or markings,Unclassified,,Daylight: street lights present,Fine (without high winds),Dry,None,None,No overtaking,320880,669060,0,Unset,T.V.N.P.,337495,unset,EH130LP,No crossing facility within 50m or physical crossing facility not controlled by authorised person,No physical crossing facility within 50m,At scene
386910,,Slight,1,1,01/06/2010,Tuesday,1,June,10,7,0,230,B,900,Single carriageway - 2 lanes,30,'T' or staggered junction,Give way sign or markings,Unclassified,,Daylight: street lights present,Raining (without high winds),Dry,None,None,No overtaking,324320,674680,520110,Junction,Pedestrian,361151,unset,EH41JH,Control by other authorised person,Pedestrian phase at traffic signal junction,Elsewhere
387110,,Serious,2,1,29/05/2010,Saturday,29,May,10,15,0,230,C,,Single carriageway - 2 lanes,30,'T' or staggered junction,Give way sign or markings,Unclassified,,Daylight: no street lighting,Fine (without high winds),Dry,None,None,No overtaking,325000,673290,521490,Junction,Cyclist,337496,unset,EH39DT,No crossing facility within 50m or physical crossing facility not controlled by authorised person,No physical crossing facility within 50m,At scene
387410,,Slight,2,1,29/05/2010,Saturday,29,May,10,18,40,230,A,901,Single carriageway - 2 lanes,30,'T' or staggered junction,Automatic Traffic Signal,A,901,Daylight: street lights present,Fine (without high winds),Dry,None,None,No overtaking,326450,676750,531307,Junction,T.V.N.P.,337497,unset,EH66PJ,Control by other authorised person,Pedestrian phase at traffic signal junction,Elsewhere
388910,,Slight,2,1,31/05/2010,Monday,31,May,10,18,5,230,Unclassified,,Single carriageway - 2 lanes,30,Crossroads,Give way sign or markings,Unclassified,,Daylight: street lights present,Fine (without high winds),Dry,None,None,No overtaking,325970,674960,0,Unset,Cyclist,337498,unset,EH74BB,No crossing facility within 50m or physical crossing facility not controlled by authorised person,No physical crossing facility within 50m,Elsewhere
389110,,Slight,1,1,01/06/2010,Tuesday,1,June,10,6,21,230,Unclassified,,Single carriageway - 2 lanes,30,Not at or within 20 metres of junction,unset,\,,Daylight: no street lighting,Fine (without high winds),Dry,None,None,No overtaking,329060,670290,0,Unset,Pedestrian,361152,unset,EH164SQ,No crossing facility within 50m or physical crossing facility not controlled by authorised person,No physical crossing facility within 50m,At scene
390410,,Slight,1,1,02/06/2010,Wednesday,2,June,10,10,0,230,B,900,Single carriageway - 2 lanes,30,'T' or staggered junction,Give way sign or markings,Unclassified,,Daylight: street lights present,Fine (without high winds),Dry,None,None,No overtaking,326460,675930,519469,Junction,Pedestrian,361153,unset,EH65NQ,Control by other authorised person,Pedestrian phase at traffic signal junction,Elsewhere
390610,,Slight,1,1,02/06/2010,Wednesday,2,June,10,11,25,230,Unclassified,,Dual carriageway - 2 lanes,30,Not at or within 20 metres of junction,unset,\,,Daylight: no street lighting,Fine (without high winds),Dry,Road suface defective,None,No overtaking,319140,671630,12232546,Segment,S.V.N.P.,361154,unset,EH129EB,No crossing facility within 50m or physical crossing facility not controlled by authorised person,No physical crossing facility within 50m,At scene
391210,,Slight,2,1,01/06/2010,Tuesday,1,June,10,18,50,230,Unclassified,,Roundabout,30,Mini-roundabout,Give way sign or markings,Unclassified,,Daylight: street lights present,Fine (without high winds),Dry,None,None,No overtaking,322570,669810,532855,Junction,T.V.N.P.,361155,unset,EH130PN,No crossing facility within 50m or physical crossing facility not controlled by authorised person,No physical crossing facility within 50m,At scene
392410,,Slight,1,1,02/06/2010,Wednesday,2,June,10,17,54,230,B,900,Single carriageway - 2 lanes,30,Not at or within 20 metres of junction,unset,\,,Daylight: street lights present,Fine (without high winds),Dry,None,None,No overtaking,325470,675100,554285,Segment,Pedestrian,361156,unset,EH74EB,Control by other authorised person,Pedestrian phase at traffic signal junction,At scene
392610,,Slight,1,1,02/06/2010,Wednesday,2,June,10,14,0,230,B,900,Single carriageway - 2 lanes,30,Crossroads,Automatic Traffic Signal,C,,Daylight: street lights present,Fine (without high winds),Dry,None,None,No overtaking,324560,674630,520152,Junction,Pedestrian,361157,unset,EH41LZ,Control by other authorised person,"Pelican, puffin, toucan or similar non-junction pedestrian light crossing",At scene
394210,,Slight,2,1,28/05/2010,Friday,28,May,10,17,45,230,B,6415,Single carriageway - 2 lanes,30,Not at or within 20 metres of junction,unset,\,,Daylight: no street lighting,Fine (without high winds),Dry,None,None,No overtaking,331510,673430,563355,Segment,T.V.N.P.,337499,unset,EH152ET,No crossing facility within 50m or physical crossing facility not controlled by authorised person,No physical crossing facility within 50m,At scene