acc_ref,beat_no,severity,no_vehicle,no_casualt,a_date,a_day,a_date_day,a_date_mon,a_date_yr,a_time_hr,a_time_min,loc_auth,road1_class,road1_no,road_type,speed_limi,junc_det,junc_ctrl,road2_class,road2_no,light_cond,weather,road_surf,spec_cond,cway_hzrds,ovrtk_patrn,easting,northing,net_id,net_type,acc_type,text_id,division,Postcode,ped_xing_hc,ped_xing_p,place_reported
394910,,Slight,1,1,18/05/2010,Tuesday,18,May,10,15,5,230,B,1350,Single carriageway - 2 lanes,30,Not at or within 20 metres of junction,unset,\,,Daylight: street lights present,Fine (without high winds),Dry,None,None,No overtaking,326230,674510,557671,Segment,Bus,337500,unset,EH75JW,No crossing facility within 50m or physical crossing facility not controlled by authorised person,"Pelican, puffin, toucan or similar non-junction pedestrian light crossing",At scene
395910,,Slight,1,1,04/06/2010,Friday,4,June,10,7,35,230,Unclassified,,Single carriageway - 2 lanes,30,Not at or within 20 metres of junction,unset,\,,Daylight: street lights present,Fine (without high winds),Dry,None,None,No overtaking,314790,673310,0,Unset,Pedestrian,361158,unset,EH129DN,No crossing facility within 50m or physical crossing facility not controlled by authorised person,No physical crossing facility within 50m,At scene
396010,,Slight,2,1,04/06/2010,Friday,4,June,10,7,55,230,A,8,Single carriageway - 2 lanes,30,Not at or within 20 metres of junction,unset,\,,Daylight: no street lighting,Fine (without high winds),Dry,None,None,No overtaking,320660,672810,550716,Segment,Cyclist,361159,unset,EH126TS,No crossing facility within 50m or physical crossing facility not controlled by authorised person,No physical crossing facility within 50m,At scene
396510,,Slight,2,1,04/03/2010,Thursday,4,March,10,16,15,230,Unclassified,,Single carriageway - 2 lanes,30,Not at or within 20 metres of junction,unset,\,,Daylight: street lights present,Fine (without high winds),Dry,None,None,No overtaking,330530,673310,0,Unset,T.V.N.P.,353757,unset,EH151JJ,No crossing facility within 50m or physical crossing facility not controlled by authorised person,No physical crossing facility within 50m,Elsewhere
396610,,Slight,1,1,04/06/2010,Friday,4,June,10,9,40,230,A,900,Single carriageway - 2 lanes,30,Not at or within 20 metres of junction,unset,\,,Daylight: street lights present,Fine (without high winds),Dry,None,None,No overtaking,327230,676290,558431,Segment,Pedestrian,361160,unset,EH67AF,No crossing facility within 50m or physical crossing facility not controlled by authorised person,No physical crossing facility within 50m,Elsewhere
396710,,Slight,2,3,04/06/2010,Friday,4,June,10,16,15,230,A,702,Single carriageway - 2 lanes,30,Not at or within 20 metres of junction,unset,\,,Daylight: street lights present,Fine (without high winds),Dry,None,None,No overtaking,324270,670030,549123,Segment,T.V.N.P.,361161,unset,EH106JB,No crossing facility within 50m or physical crossing facility not controlled by authorised person,No physical crossing facility within 50m,Elsewhere
396910,,Serious,2,1,04/06/2010,Friday,4,June,10,17,20,230,Unclassified,,Single carriageway - 2 lanes,30,'T' or staggered junction,Give way sign or markings,Unclassified,,Daylight: street lights present,Fine (without high winds),Dry,None,None,No overtaking,323570,671500,529597,Junction,T.V.N.P.,361162,unset,EH105BR,No crossing facility within 50m or physical crossing facility not controlled by authorised person,No physical crossing facility within 50m,At scene
397910,,Slight,2,1,04/06/2010,Friday,4,June,10,19,45,230,Unclassified,,Single carriageway - 2 lanes,30,Not at or within 20 metres of junction,unset,\,,Daylight: no street lighting,Fine (without high winds),Dry,None,None,No overtaking,319740,676330,557148,Segment,T.V.N.P.,361163,unset,EH46JH,No crossing facility within 50m or physical crossing facility not controlled by authorised person,No physical crossing facility within 50m,At scene
399310,,Slight,2,1,05/06/2010,Saturday,5,June,10,14,5,230,A,70,Single carriageway - 2 lanes,30,'T' or staggered junction,Give way sign or markings,Unclassified,,Daylight: street lights present,Fine (without high winds),Dry,None,None,No overtaking,323910,672940,521805,Junction,Cyclist,361164,unset,EH112AB,No crossing facility within 50m or physical crossing facility not controlled by authorised person,No physical crossing facility within 50m,Elsewhere
399810,,Slight,1,1,05/06/2010,Saturday,5,June,10,18,34,230,B,6415,Single carriageway - 2 lanes,30,'T' or staggered junction,Give way sign or markings,Unclassified,,Daylight: street lights present,Raining (without high winds),Dry,None,None,No overtaking,330360,674050,523470,Junction,S.V.N.P.,361165,unset,EH151AN,Control by other authorised person,No physical crossing facility within 50m,Elsewhere
400510,,Slight,1,1,05/06/2010,Saturday,5,June,10,19,44,230,C,,Single carriageway - 2 lanes,30,Not at or within 20 metres of junction,unset,\,,Daylight: street lights present,Raining (without high winds),Dry,None,None,No overtaking,320370,671960,564475,Segment,Pedestrian,361166,unset,EH127DU,No crossing facility within 50m or physical crossing facility not controlled by authorised person,No physical crossing facility within 50m,At scene
400710,,Slight,2,1,21/05/2010,Friday,21,May,10,14,57,230,B,701,Single carriageway - 2 lanes,30,Crossroads,Automatic Traffic Signal,B,701,Daylight: street lights present,Fine (without high winds),Dry,None,None,No overtaking,327380,668070,530284,Junction,Bus,337501,unset,EH178AE,Control by other authorised person,Pedestrian phase at traffic signal junction,Elsewhere
401410,,Serious,1,1,06/06/2010,Sunday,6,June,10,15,45,230,B,901,Single carriageway - 2 lanes,30,'T' or staggered junction,Automatic Traffic Signal,Unclassified,,Daylight: street lights present,Raining (without high winds),Dry,None,None,No overtaking,325220,675050,519825,Junction,Pedestrian,361167,unset,EH35LF,Control by other authorised person,Pedestrian phase at traffic signal junction,At scene
402910,,Slight,3,1,06/06/2010,Sunday,6,June,10,21,0,230,A,902,Single carriageway - 2 lanes,40,'T' or staggered junction,Give way sign or markings,A,90,Daylight: street lights present,Raining (without high winds),Dry,None,None,No overtaking,318570,674950,519960,Junction,M.V.N.P.,361168,unset,EH48DZ,No crossing facility within 50m or physical crossing facility not controlled by authorised person,Pedestrian phase at traffic signal junction,At scene
403610,,Slight,1,1,07/06/2010,Monday,7,June,10,7,24,230,A,8,Dual carriageway - 2 lanes,30,Other junction,Automatic Traffic Signal,C,,Daylight: no street lighting,Raining (without high winds),Dry,None,None,No overtaking,325220,673820,521037,Junction,Cyclist,361169,unset,EH22HG,No crossing facility within 50m or physical crossing facility not controlled by authorised person,Pedestrian phase at traffic signal junction,At scene
404110,,Slight,2,1,28/05/2010,Friday,28,May,10,10,50,230,A,720,Dual carriageway - 2 lanes,70,Roundabout,Automatic Traffic Signal,A,7,Daylight: street lights present,Fine (without high winds),Dry,None,None,No overtaking,331740,667970,2608104,Junction,T.V.N.P.,337502,unset,EH221RT,No crossing facility within 50m or physical crossing facility not controlled by authorised person,No physical crossing facility within 50m,At scene
405110,,Serious,1,1,07/06/2010,Monday,7,June,10,22,30,230,Unclassified,,Single carriageway - 2 lanes,30,'T' or staggered junction,Give way sign or markings,A,901,Daylight: street lights present,Fine (without high winds),Dry,None,None,No overtaking,326860,676010,531346,Junction,Pedestrian,361170,unset,EH65HX,No crossing facility within 50m or physical crossing facility not controlled by authorised person,Central refuge - no other controls,At scene
406510,,Slight,2,1,04/06/2010,Friday,4,June,10,21,15,230,Unclassified,,Single carriageway - 2 lanes,30,'T' or staggered junction,Give way sign or markings,Unclassified,,Daylight: street lights present,Raining (without high winds),Dry,None,None,No overtaking,326480,672710,532735,Junction,Cyclist,361171,unset,EH89QZ,No crossing facility within 50m or physical crossing facility not controlled by authorised person,No physical crossing facility within 50m,At scene
406610,,Slight,2,1,28/05/2010,Friday,28,May,10,15,0,230,C,,Single carriageway - 2 lanes,30,Crossroads,Automatic Traffic Signal,C,,Daylight: street lights present,Fine (without high winds),Dry,None,None,No overtaking,326890,674320,520689,Junction,T.V.N.P.,337503,unset,EH75AN,No crossing facility within 50m or physical crossing facility not controlled by authorised person,No physical crossing facility within 50m,At scene
406810,,Serious,2,2,08/06/2010,Tuesday,8,June,10,10,10,230,Unclassified,,Single carriageway - 2 lanes,30,'T' or staggered junction,Give way sign or markings,Unclassified,,Daylight: no street lighting,Fine (without high winds),Dry,None,None,No overtaking,314180,678210,3948107,Junction,T.V.N.P.,361172,unset,EH309TF,No crossing facility within 50m or physical crossing facility not controlled by authorised person,No physical crossing facility within 50m,At scene
406910,,Slight,2,3,07/06/2010,Monday,7,June,10,17,20,230,A,720,Single carriageway - 3 lanes,70,Roundabout,Give way sign or markings,A,702,Daylight: no street lighting,Raining (without high winds),Dry,None,None,No overtaking,324810,667700,522507,Junction,T.V.N.P.,361173,unset,EH107DUA,No crossing facility within 50m or physical crossing facility not controlled by authorised person,No physical crossing facility within 50m,At scene
407310,,Slight,1,1,08/06/2010,Tuesday,8,June,10,11,30,230,A,71,Dual carriageway - 2 lanes,40,Slip road,Give way sign or markings,Unclassified,,Daylight: no street lighting,Raining (without high winds),Dry,None,None,No overtaking,318730,670470,2307061,Junction,S.V.N.P.,361174,unset,EH144AW,No crossing facility within 50m or physical crossing facility not controlled by authorised person,"Pelican, puffin, toucan or similar non-junction pedestrian light crossing",At scene
407410,,Slight,2,2,08/06/2010,Tuesday,8,June,10,13,0,230,A,71,Single carriageway - 2 lanes,30,Not at or within 20 metres of junction,unset,\,,Daylight: no street lighting,Raining (without high winds),Dry,None,None,No overtaking,315130,669430,549647,Segment,T.V.N.P.,350413,unset,EH288NT,No crossing facility within 50m or physical crossing facility not controlled by authorised person,No physical crossing facility within 50m,At scene
407910,,Slight,2,1,02/06/2010,Wednesday,2,June,10,16,53,230,C,,Single carriageway - 2 lanes,30,Not at or within 20 metres of junction,unset,\,,Daylight: street lights present,Fine (without high winds),Dry,None,None,No overtaking,326550,673830,558221,Segment,Cyclist,361175,unset,EH88BP,Control by other authorised person,Zebra crossing,At scene
409110,,Slight,2,2,08/06/2010,Tuesday,8,June,10,13,15,230,C,,Roundabout,30,Roundabout,Give way sign or markings,A,71,Daylight: street lights present,Raining (without high winds),Dry,None,None,No overtaking,320710,671140,529507,Junction,T.V.N.P.,361176,unset,EH113RQ,No crossing facility within 50m or physical crossing facility not controlled by authorised person,No physical crossing facility within 50m,Elsewhere
409710,,Slight,2,1,23/05/2010,Sunday,23,May,10,23,15,230,Unclassified,,Single carriageway - 2 lanes,30,'T' or staggered junction,Give way sign or markings,Unclassified,,Darkness: street lights present and lit,Fine (without high winds),Dry,None,None,No overtaking,325510,673400,521553,Junction,Cyclist,337504,unset,EH12HH,No crossing facility within 50m or physical crossing facility not controlled by authorised person,"Pelican, puffin, toucan or similar non-junction pedestrian light crossing",Elsewhere
410510,,Serious,1,1,09/06/2010,Wednesday,9,June,10,8,10,230,C,,Single carriageway - 2 lanes,20,Not at or within 20 metres of junction,unset,\,,Daylight: street lights present,Raining (without high winds),Dry,None,None,No overtaking,327760,669730,553495,Segment,Pedestrian,361177,unset,EH166DY,No crossing facility within 50m or physical crossing facility not controlled by authorised person,No physical crossing facility within 50m,At scene
410610,,Slight,2,2,06/05/2010,Thursday,6,May,10,11,40,230,B,1350,Single carriageway - 2 lanes,30,'T' or staggered junction,Give way sign or markings,Unclassified,,Daylight: street lights present,Fine (without high winds),Dry,None,None,No overtaking,326270,674500,520233,Junction,T.V.N.P.,337505,unset,EH75DX,No crossing facility within 50m or physical crossing facility not controlled by authorised person,No physical crossing facility within 50m,At scene
412110,,Slight,2,1,22/05/2010,Saturday,22,May,10,16,10,230,C,,Single carriageway - 2 lanes,30,Crossroads,Automatic Traffic Signal,Unclassified,,Daylight: no street lighting,Fine (without high winds),Dry,None,None,No overtaking,326150,673700,521157,Junction,T.V.N.P.,337506,unset,EH11TB,Control by other authorised person,Pedestrian phase at traffic signal junction,At scene
412610,,Slight,2,1,09/06/2010,Wednesday,9,June,10,16,45,230,Unclassified,,Single carriageway - 2 lanes,30,'T' or staggered junction,Give way sign or markings,Unclassified,,Daylight: street lights present,Unknown,Dry,None,None,No overtaking,318620,670910,12232045,Junction,T.V.N.P.,361178,unset,EH114DW,No crossing facility within 50m or physical crossing facility not controlled by authorised person,No physical crossing facility within 50m,Elsewhere
413310,,Slight,1,1,18/05/2010,Tuesday,18,May,10,16,12,230,A,70,Single carriageway - 2 lanes,30,Not at or within 20 metres of junction,unset,\,,Daylight: street lights present,Fine (without high winds),Dry,None,None,No overtaking,319740,668550,561868,Segment,Bus,337507,unset,EH145EL,No crossing facility within 50m or physical crossing facility not controlled by authorised person,No physical crossing facility within 50m,Elsewhere
414410,,Slight,2,1,01/06/2010,Tuesday,1,June,10,8,34,230,A,8,Dual carriageway - 2 lanes,60,Not at or within 20 metres of junction,unset,\,,Daylight: street lights present,Raining (without high winds),Dry,None,None,No overtaking,315510,672360,550794,Segment,T.V.N.P.,361179,unset,EH288NQ,No crossing facility within 50m or physical crossing facility not controlled by authorised person,No physical crossing facility within 50m,At scene
414910,,Slight,1,1,10/06/2010,Thursday,10,June,10,15,25,230,Unclassified,,Single carriageway - 2 lanes,30,'T' or staggered junction,Give way sign or markings,A,70,Daylight: street lights present,Fine (without high winds),Dry,None,None,No overtaking,323750,672800,521796,Junction,Pedestrian,361180,unset,EH112JB,No crossing facility within 50m or physical crossing facility not controlled by authorised person,No physical crossing facility within 50m,At scene
415010,,Slight,1,1,10/06/2010,Thursday,10,June,10,16,40,230,A,720,Unknown,60,Not at or within 20 metres of junction,unset,\,,Daylight: street lighting unknown,Unknown,Dry,None,None,No overtaking,326990,666970,2588155,Segment,S.V.N.P.,361181,unset,EH209NR,No crossing facility within 50m or physical crossing facility not controlled by authorised person,No physical crossing facility within 50m,At scene
415910,,Serious,2,1,10/06/2010,Thursday,10,June,10,18,45,230,B,701,Single carriageway - 2 lanes,40,'T' or staggered junction,Give way sign or markings,Unclassified,,Daylight: street lights present,Fine (without high winds),Dry,None,None,No overtaking,326780,668020,533149,Junction,Cyclist,361182,unset,EH178RS,No crossing facility within 50m or physical crossing facility not controlled by authorised person,No physical crossing facility within 50m,At scene
416010,,Slight,2,1,10/06/2010,Thursday,10,June,10,18,0,230,C,,Single carriageway - 2 lanes,30,Not at or within 20 metres of junction,unset,\,,Daylight: street lights present,Fine (without high winds),Dry,None,None,No overtaking,321480,670960,564589,Segment,Cyclist,361183,unset,EH142BJ,No crossing facility within 50m or physical crossing facility not controlled by authorised person,No physical crossing facility within 50m,At scene
417110,,Slight,1,1,11/06/2010,Friday,11,June,10,13,30,230,A,772,Single carriageway - 2 lanes,30,Not at or within 20 metres of junction,unset,\,,Daylight: street lights present,Fine (without high winds),Dry,None,None,No overtaking,329030,668970,569390,Segment,Bus,361184,unset,EH178NQ,No crossing facility within 50m or physical crossing facility not controlled by authorised person,No physical crossing facility within 50m,At scene
417210,,Slight,2,1,11/06/2010,Friday,11,June,10,14,52,230,Unclassified,,Roundabout,30,Roundabout,Give way sign or markings,A,902,Daylight: street lights present,Fine with high winds,Dry,None,None,No overtaking,322920,675720,519406,Junction,T.V.N.P.,361185,unset,EH42PW,Control by other authorised person,"Pelican, puffin, toucan or similar non-junction pedestrian light crossing",At scene
417410,,Slight,1,1,11/06/2010,Friday,11,June,10,12,30,230,C,,One way Street,30,Crossroads,Automatic Traffic Signal,A,702,Daylight: street lights present,Fine (without high winds),Dry,None,None,No overtaking,324830,673070,521403,Junction,Pedestrian,361186,unset,EH39BN,Control by other authorised person,Pedestrian phase at traffic signal junction,At scene
417810,,Slight,2,1,08/06/2010,Tuesday,8,June,10,8,0,230,Unclassified,,Single carriageway - 2 lanes,40,Other junction,Give way sign or markings,Unclassified,,Daylight: street lights present,Other,Dry,None,None,No overtaking,312170,669530,12231740,Junction,T.V.N.P.,361187,unset,EH278BBA,No crossing facility within 50m or physical crossing facility not controlled by authorised person,No physical crossing facility within 50m,Elsewhere
419610,,Slight,2,1,11/06/2010,Friday,11,June,10,11,57,230,C,,Single carriageway - 2 lanes,30,Not at or within 20 metres of junction,unset,\,,Daylight: no street lighting,Fine (without high winds),Dry,None,None,No overtaking,325320,674080,566705,Segment,T.V.N.P.,361188,unset,EH21EL,No crossing facility within 50m or physical crossing facility not controlled by authorised person,No physical crossing facility within 50m,Elsewhere
419810,,Slight,1,1,12/06/2010,Saturday,12,June,10,11,25,230,C,,Single carriageway - 2 lanes,30,'T' or staggered junction,Give way sign or markings,Unclassified,,Daylight: no street lighting,Fine (without high winds),Dry,None,None,No overtaking,325920,673480,521565,Junction,Pedestrian,361189,unset,EH11JJ,No crossing facility within 50m or physical crossing facility not controlled by authorised person,Pedestrian phase at traffic signal junction,At scene
420210,,Fatal,2,2,12/06/2010,Saturday,12,June,10,14,0,230,Unclassified,,Single carriageway - 2 lanes,60,Not at or within 20 metres of junction,unset,\,,Daylight: no street lighting,Fine (without high winds),Dry,None,None,No overtaking,311580,674750,12230591,Segment,Cyclist,361190,unset,EH299EF,No crossing facility within 50m or physical crossing facility not controlled by authorised person,No physical crossing facility within 50m,At scene
420310,,Slight,1,1,12/06/2010,Saturday,12,June,10,11,0,230,Unclassified,,Dual carriageway - 2 lanes,30,Not at or within 20 metres of junction,unset,\,,Daylight: street lights present,Fine (without high winds),Dry,None,None,No overtaking,325540,673920,551196,Segment,Pedestrian,361191,unset,EH22DF,Control by other authorised person,Pedestrian phase at traffic signal junction,Elsewhere
420610,,Slight,1,1,01/06/2010,Tuesday,1,June,10,13,20,230,C,,Single carriageway - 2 lanes,30,Not at or within 20 metres of junction,unset,\,,Daylight: street lights present,Fine (without high winds),Dry,None,None,No overtaking,327980,669890,553480,Segment,Pedestrian,361192,unset,EH166BR,No crossing facility within 50m or physical crossing facility not controlled by authorised person,No physical crossing facility within 50m,At scene
420810,,Slight,2,1,12/06/2010,Saturday,12,June,10,19,30,230,A,199,Single carriageway - 2 lanes,30,'T' or staggered junction,Give way sign or markings,Unclassified,,Daylight: no street lighting,Fine (without high winds),Dry,None,None,No overtaking,326830,676630,531337,Junction,T.V.N.P.,361193,unset,EH66EP,No crossing facility within 50m or physical crossing facility not controlled by authorised person,No physical crossing facility within 50m,At scene
420910,,Slight,1,1,13/06/2010,Sunday,13,June,10,1,30,230,Unclassified,,Single carriageway - 2 lanes,30,Not at or within 20 metres of junction,unset,\,,Darkness: street lights present and lit,Fine (without high winds),Dry,None,None,No overtaking,323880,676580,570129,Segment,S.V.N.P.,361194,unset,EH52BJ,No crossing facility within 50m or physical crossing facility not controlled by authorised person,No physical crossing facility within 50m,At scene
423610,,Slight,2,1,13/06/2010,Sunday,13,June,10,18,47,230,A,8000,Roundabout,30,Roundabout,Give way sign or markings,Unclassified,,Daylight: street lights present,Fine (without high winds),Dry,None,None,No overtaking,312920,677600,10292768,Junction,T.V.N.P.,361195,unset,EH309PA,Control by other authorised person,Pedestrian phase at traffic signal junction,At scene
425510,,Slight,1,1,12/06/2010,Saturday,12,June,10,10,0,230,Unclassified,,Single carriageway - 2 lanes,40,Not at or within 20 metres of junction,unset,\,,Daylight: street lights present,Fine (without high winds),Dry,Road suface defective,Other object in carriageway,No overtaking,329100,673770,558104,Segment,Cyclist,361196,unset,EH87PL,No crossing facility within 50m or physical crossing facility not controlled by authorised person,Pedestrian phase at traffic signal junction,At scene
426110,,Slight,2,1,13/06/2010,Sunday,13,June,10,14,36,230,A,199,Single carriageway - 2 lanes,30,'T' or staggered junction,Give way sign or markings,Unclassified,,Daylight: street lights present,Fine (without high winds),Dry,None,None,No overtaking,326810,676630,531337,Junction,T.V.N.P.,361197,unset,EH66JD,No crossing facility within 50m or physical crossing facility not controlled by authorised person,"Pelican, puffin, toucan or similar non-junction pedestrian light crossing",At scene
426310,,Slight,2,1,14/06/2010,Monday,14,June,10,11,47,230,A,720,Dual carriageway - 2 lanes,70,Not at or within 20 metres of junction,unset,\,,Daylight: street lights present,Fine (without high winds),Dry,None,None,No overtaking,320260,669010,570543,Segment,T.V.N.P.,361198,unset,EH145BP,No crossing facility within 50m or physical crossing facility not controlled by authorised person,No physical crossing facility within 50m,At scene
427010,,Serious,2,1,15/06/2010,Tuesday,15,June,10,8,30,230,C,,Single carriageway - 2 lanes,30,Crossroads,Give way sign or markings,Unclassified,,Daylight: street lights present,Fine (without high winds),Dry,None,None,No overtaking,327030,675220,519900,Junction,Cyclist,361199,unset,EH68RT,No crossing facility within 50m or physical crossing facility not controlled by authorised person,No physical crossing facility within 50m,At scene
427310,,Slight,2,1,15/06/2010,Tuesday,15,June,10,13,0,230,A,902,Single carriageway - 2 lanes,40,Not at or within 20 metres of junction,unset,\,,Daylight: street lights present,Fine (without high winds),Dry,None,None,No overtaking,318110,672940,566096,Segment,T.V.N.P.,361200,unset,EH128LA,No crossing facility within 50m or physical crossing facility not controlled by authorised person,No physical crossing facility within 50m,At scene
428010,,Slight,1,1,15/06/2010,Tuesday,15,June,10,8,30,230,Unclassified,,Single carriageway - 2 lanes,30,Not at or within 20 metres of junction,unset,\,,Daylight: street lights present,Fine (without high winds),Dry,None,None,No overtaking,312150,672620,12231263,Segment,S.V.N.P.,350563,unset,EH288SS,No crossing facility within 50m or physical crossing facility not controlled by authorised person,No physical crossing facility within 50m,Elsewhere
428210,,Slight,2,1,15/06/2010,Tuesday,15,June,10,18,9,230,A,900,Single carriageway - 2 lanes,30,Not at or within 20 metres of junction,unset,\,,Daylight: street lights present,Fine (without high winds),Dry,None,None,No overtaking,326730,675430,558479,Segment,T.V.N.P.,361201,unset,EH68NY,No crossing facility within 50m or physical crossing facility not controlled by authorised person,No physical crossing facility within 50m,At scene
429310,,Slight,1,1,15/06/2010,Tuesday,15,June,10,18,40,230,A,1140,Single carriageway - 2 lanes,30,'T' or staggered junction,Give way sign or markings,Unclassified,,Daylight: street lights present,Fine (without high winds),Dry,None,None,No overtaking,329050,674250,523440,Junction,Bus,361202,unset,EH76RS,No crossing facility within 50m or physical crossing facility not controlled by authorised person,No physical crossing facility within 50m,Elsewhere
430110,,Slight,1,1,16/06/2010,Wednesday,16,June,10,15,10,230,Unclassified,,Single carriageway - 2 lanes,30,'T' or staggered junction,Give way sign or markings,Unclassified,,Daylight: street lights present,Fine (without high winds),Dry,None,None,No overtaking,323510,676540,522864,Junction,Pedestrian,361203,unset,EH52DA,No crossing facility within 50m or physical crossing facility not controlled by authorised person,No physical crossing facility within 50m,At scene
431510,,Slight,2,1,17/06/2010,Thursday,17,June,10,13,35,230,Unclassified,,Dual carriageway - 2 lanes,40,Not at or within 20 metres of junction,unset,\,,Daylight: street lights present,Fine (without high winds),Dry,None,None,No overtaking,312770,672650,550499,Segment,T.V.N.P.,361204,unset,EH288LH,No crossing facility within 50m or physical crossing facility not controlled by authorised person,No physical crossing facility within 50m,At scene
432310,,Slight,2,1,17/06/2010,Thursday,17,June,10,19,20,230,A,900,Dual carriageway - 2 lanes,30,Roundabout,Give way sign or markings,Unclassified,,Daylight: street lights present,Fine (without high winds),Dry,None,None,No overtaking,326120,674500,520242,Junction,Bus,361205,unset,EH13NH,Control by other authorised person,"Pelican, puffin, toucan or similar non-junction pedestrian light crossing",At scene
435810,,Slight,1,1,19/06/2010,Saturday,19,June,10,0,10,230,A,1,Single carriageway - 2 lanes,30,Crossroads,Automatic Traffic Signal,A,1,Darkness: street lights present and lit,Fine (without high winds),Dry,None,None,No overtaking,328320,674140,523374,Junction,Pedestrian,361206,unset,EH87AB,No crossing facility within 50m or physical crossing facility not controlled by authorised person,No physical crossing facility within 50m,At scene
437810,,Slight,1,1,19/06/2010,Saturday,19,June,10,22,45,230,A,7,Single carriageway - 2 lanes,30,Crossroads,Automatic Traffic Signal,Unclassified,,Daylight: street lights present,Fine (without high winds),Dry,None,None,No overtaking,325950,673630,521103,Junction,Pedestrian,361207,unset,EH11LL,Control by other authorised person,Pedestrian phase at traffic signal junction,Elsewhere
437910,,Slight,3,1,19/06/2010,Saturday,19,June,10,19,30,230,Unclassified,,Single carriageway - 2 lanes,30,Not at or within 20 metres of junction,unset,\,,Daylight: street lights present,Fine (without high winds),Dry,None,None,No overtaking,321160,674370,565685,Segment,M.V.N.P.,361208,unset,EH43PE,No crossing facility within 50m or physical crossing facility not controlled by authorised person,No physical crossing facility within 50m,At scene
440310,,Serious,1,1,21/06/2010,Monday,21,June,10,11,15,230,A,8,Unknown,30,Not at or within 20 metres of junction,unset,\,,Daylight: street lighting unknown,Fine (without high winds),Dry,None,None,No overtaking,320650,672810,550716,Segment,S.V.N.P.,361209,unset,EH126TS,No crossing facility within 50m or physical crossing facility not controlled by authorised person,No physical crossing facility within 50m,Elsewhere
441810,,Slight,1,1,22/06/2010,Tuesday,22,June,10,4,45,230,A,901,Single carriageway - 2 lanes,30,Not at or within 20 metres of junction,unset,\,,Daylight: no street lighting,Fine (without high winds),Dry,None,None,No overtaking,326000,676940,558755,Segment,S.V.N.P.,361210,unset,EH64JG,No crossing facility within 50m or physical crossing facility not controlled by authorised person,No physical crossing facility within 50m,At scene
442310,,Slight,2,1,22/06/2010,Tuesday,22,June,10,7,50,230,A,720,Dual carriageway - 2 lanes,60,Not at or within 20 metres of junction,unset,\,,Daylight: no street lighting,Fine (without high winds),Dry,None,None,No overtaking,323840,667970,570534,Segment,T.V.N.P.,361211,unset,EH107DS,No crossing facility within 50m or physical crossing facility not controlled by authorised person,No physical crossing facility within 50m,Elsewhere
443210,,Slight,2,1,25/05/2010,Tuesday,25,May,10,11,55,230,B,701,Dual carriageway - 2 lanes,40,'T' or staggered junction,Automatic Traffic Signal,Unclassified,,Daylight: street lights present,Fine (without high winds),Dry,None,None,No overtaking,319620,669920,12201408,Junction,T.V.N.P.,337508,unset,EH142RU,Control by other authorised person,"Pelican, puffin, toucan or similar non-junction pedestrian light crossing",At scene
444310,,Slight,1,1,23/06/2010,Wednesday,23,June,10,0,20,230,A,90,Single carriageway - 2 lanes,30,'T' or staggered junction,Automatic Traffic Signal,A,8,Darkness: street lights present and lit,Fine (without high winds),Dry,None,None,No overtaking,324790,673730,520932,Junction,Cyclist,361212,unset,EH24AX,No crossing facility within 50m or physical crossing facility not controlled by authorised person,"Pelican, puffin, toucan or similar non-junction pedestrian light crossing",At scene
445110,,Slight,2,1,21/06/2010,Monday,21,June,10,20,25,230,A,71,Single carriageway - 2 lanes,50,'T' or staggered junction,Give way sign or markings,Unclassified,,Daylight: street lights present,Fine (without high winds),Dry,None,None,No overtaking,314560,669180,517744,Junction,T.V.N.P.,361213,unset,EH278EB,No crossing facility within 50m or physical crossing facility not controlled by authorised person,No physical crossing facility within 50m,At scene
445210,,Serious,1,1,18/06/2010,Friday,18,June,10,13,0,230,C,,Single carriageway - 2 lanes,30,'T' or staggered junction,Give way sign or markings,Unclassified,,Daylight: street lights present,Fine (without high winds),Dry,None,None,No overtaking,326200,672500,532732,Junction,Pedestrian,361214,unset,EH91ND,No crossing facility within 50m or physical crossing facility not controlled by authorised person,No physical crossing facility within 50m,At scene
446110,,Slight,2,1,23/06/2010,Wednesday,23,June,10,8,45,230,C,,Single carriageway - 2 lanes,30,Not at or within 20 metres of junction,unset,\,,Daylight: street lights present,Fine (without high winds),Dry,None,None,No overtaking,325990,672080,566264,Segment,T.V.N.P.,361215,unset,EH91UF,Control by school crossing patrol,Pedestrian phase at traffic signal junction,At scene
446610,,Serious,3,1,23/06/2010,Wednesday,23,June,10,8,10,230,A,7,Single carriageway - 2 lanes,30,'T' or staggered junction,Give way sign or markings,Unclassified,,Daylight: street lights present,Fine (without high winds),Dry,None,None,No overtaking,328210,670660,530083,Junction,M.V.N.P.,361216,unset,EH165RH,Control by other authorised person,"Pelican, puffin, toucan or similar non-junction pedestrian light crossing",At scene
447110,,Slight,2,1,23/06/2010,Wednesday,23,June,10,9,20,230,Unclassified,,Single carriageway - 2 lanes,30,'T' or staggered junction,Automatic Traffic Signal,A,702,Daylight: street lights present,Fine (without high winds),Dry,None,None,No overtaking,324500,671930,522291,Junction,T.V.N.P.,361217,unset,EH104DH,Control by other authorised person,Pedestrian phase at traffic signal junction,Elsewhere