acc_ref,beat_no,severity,no_vehicle,no_casualt,a_date,a_day,a_date_day,a_date_mon,a_date_yr,a_time_hr,a_time_min,loc_auth,road1_class,road1_no,road_type,speed_limi,junc_det,junc_ctrl,road2_class,road2_no,light_cond,weather,road_surf,spec_cond,cway_hzrds,ovrtk_patrn,easting,northing,net_id,net_type,acc_type,text_id,division,Postcode,ped_xing_hc,ped_xing_p,place_reported
552410,,Slight,2,2,02/08/2010,Monday,2,August,10,18,0,230,A,90,Single carriageway - 2 lanes,30,Multiple junction,Automatic Traffic Signal,A,902,Daylight: no street lighting,Fine (without high winds),Dry,None,None,No overtaking,321580,674890,520032,Junction,T.V.N.P.,350415,unset,EH43TH,Control by other authorised person,"Pelican, puffin, toucan or similar non-junction pedestrian light crossing",At scene
553010,,Slight,2,2,02/08/2010,Monday,2,August,10,18,15,230,A,900,Single carriageway - 2 lanes,30,Crossroads,Automatic Traffic Signal,A,901,Daylight: street lights present,Fine (without high winds),Dry,None,None,No overtaking,326940,675890,522483,Junction,T.V.N.P.,350416,unset,EH65AE,Control by other authorised person,Pedestrian phase at traffic signal junction,At scene
553510,,Slight,1,1,03/08/2010,Tuesday,3,August,10,13,40,230,Unclassified,,Single carriageway - 2 lanes,30,'T' or staggered junction,Give way sign or markings,A,702,Daylight: street lights present,Fine (without high winds),Dry,None,None,No overtaking,324510,671280,530425,Junction,Pedestrian,350417,unset,EH104PU,No crossing facility within 50m or physical crossing facility not controlled by authorised person,No physical crossing facility within 50m,At scene
554210,,Slight,3,2,03/08/2010,Tuesday,3,August,10,14,35,230,A,90,Dual carriageway - 2 lanes,70,Slip road,Give way sign or markings,B,924,Daylight: street lights present,Fine (without high winds),Dry,None,None,No overtaking,316170,677020,517432,Junction,M.V.N.P.,350418,unset,EH309TQ,No crossing facility within 50m or physical crossing facility not controlled by authorised person,No physical crossing facility within 50m,At scene
555110,,Serious,1,1,25/07/2010,Sunday,25,July,10,15,35,230,C,,Single carriageway - 2 lanes,30,Other junction,Automatic Traffic Signal,Unclassified,,Daylight: street lights present,Fine (without high winds),Dry,None,None,No overtaking,325620,674290,520572,Junction,Bus,361486,unset,EH13PG,No crossing facility within 50m or physical crossing facility not controlled by authorised person,No physical crossing facility within 50m,At scene
555410,,Serious,1,1,31/07/2010,Saturday,31,July,10,17,55,230,Unclassified,,Single carriageway - 2 lanes,30,Other junction,Give way sign or markings,Unclassified,,Daylight: no street lighting,Fine (without high winds),Dry,None,None,No overtaking,327630,674290,520752,Junction,S.V.N.P.,361487,unset,EH76AA,No crossing facility within 50m or physical crossing facility not controlled by authorised person,No physical crossing facility within 50m,At scene
556810,,Slight,1,1,04/08/2010,Wednesday,4,August,10,16,35,230,A,701,Single carriageway - 2 lanes,30,Not at or within 20 metres of junction,unset,\,,Daylight: street lights present,Fine (without high winds),Dry,None,None,No overtaking,326990,671360,569339,Segment,Bus,350419,unset,EH165PF,No crossing facility within 50m or physical crossing facility not controlled by authorised person,No physical crossing facility within 50m,At scene
557110,,Slight,1,1,04/08/2010,Wednesday,4,August,10,16,40,230,Unclassified,,Single carriageway - 2 lanes,20,'T' or staggered junction,Give way sign or markings,A,90,Daylight: street lights present,Fine (without high winds),Dry,None,None,No overtaking,319570,674980,519981,Junction,Pedestrian,350420,unset,EH47ND,Control by other authorised person,"Pelican, puffin, toucan or similar non-junction pedestrian light crossing",At scene
557510,,Slight,1,1,04/08/2010,Wednesday,4,August,10,16,31,230,Unclassified,,Single carriageway - 2 lanes,30,Not at or within 20 metres of junction,unset,\,,Daylight: street lights present,Fine (without high winds),Dry,None,None,No overtaking,322540,672440,559248,Segment,Bus,350421,unset,EH112QE,No crossing facility within 50m or physical crossing facility not controlled by authorised person,No physical crossing facility within 50m,Elsewhere
557910,,Slight,2,1,04/08/2010,Wednesday,4,August,10,15,30,230,Unclassified,,Single carriageway - 2 lanes,30,'T' or staggered junction,Give way sign or markings,Unclassified,,Daylight: street lights present,Fine (without high winds),Dry,None,None,No overtaking,322420,674530,0,Unset,T.V.N.P.,350422,unset,EH42LN,Control by other authorised person,Central refuge - no other controls,At scene
558110,,Slight,2,4,04/08/2010,Wednesday,4,August,10,13,0,230,Motorway,8,Dual carriageway - 2 lanes,70,Not at or within 20 metres of junction,unset,\,,Daylight: street lights present,Fine (without high winds),Dry,None,None,No overtaking,318050,670920,6452850,Segment,T.V.N.P.,350423,unset,EH129BU,No crossing facility within 50m or physical crossing facility not controlled by authorised person,No physical crossing facility within 50m,At scene
559110,,Slight,1,1,04/08/2010,Wednesday,4,August,10,15,30,230,A,8,Single carriageway - 2 lanes,30,Other junction,Give way sign or markings,Unclassified,,Daylight: street lights present,Fine (without high winds),Dry,None,None,No overtaking,323350,673210,521289,Junction,Bus,350424,unset,EH125JQ,Control by other authorised person,"Pelican, puffin, toucan or similar non-junction pedestrian light crossing",Elsewhere
559310,,Slight,2,1,04/08/2010,Wednesday,4,August,10,15,45,230,A,90,Single carriageway - 2 lanes,30,'T' or staggered junction,Stop sign,Unclassified,,Daylight: street lights present,Fine (without high winds),Dry,None,None,No overtaking,322020,674580,520044,Junction,Cyclist,350425,unset,EH42BS,Control by other authorised person,Pedestrian phase at traffic signal junction,Elsewhere
560010,,Serious,1,1,05/08/2010,Thursday,5,August,10,20,30,230,A,700,Single carriageway - 2 lanes,30,Other junction,Give way sign or markings,Unclassified,,Darkness: street lights present and lit,Fine (without high winds),Dry,None,None,No overtaking,326240,672470,532780,Junction,Pedestrian,350426,unset,EH91NQ,Control by other authorised person,Pedestrian phase at traffic signal junction,At scene
560210,,Slight,1,1,05/08/2010,Thursday,5,August,10,19,45,230,C,,Single carriageway - 2 lanes,30,Not at or within 20 metres of junction,unset,\,,Daylight: street lights present,Fine (without high winds),Dry,None,Pedestrian in carriagway - not injured,No overtaking,325830,673630,558188,Segment,Pedestrian,350427,unset,EH11PE,No crossing facility within 50m or physical crossing facility not controlled by authorised person,No physical crossing facility within 50m,Elsewhere
561410,,Slight,2,3,05/08/2010,Thursday,5,August,10,13,46,230,B,6415,Single carriageway - 2 lanes,30,Crossroads,Give way sign or markings,Unclassified,,Daylight: street lights present,Fine (without high winds),Dry,None,None,No overtaking,331160,673570,531382,Junction,T.V.N.P.,350428,unset,EH152DQ,No crossing facility within 50m or physical crossing facility not controlled by authorised person,No physical crossing facility within 50m,At scene
561710,,Slight,1,1,05/08/2010,Thursday,5,August,10,20,50,230,A,90,Single carriageway - 2 lanes,30,Not at or within 20 metres of junction,unset,\,,Daylight: street lights present,Fine (without high winds),Dry,None,None,No overtaking,324620,673700,555627,Segment,Bus,350429,unset,EH24RA,No crossing facility within 50m or physical crossing facility not controlled by authorised person,No physical crossing facility within 50m,Elsewhere
563510,,Slight,1,1,07/08/2010,Saturday,7,August,10,0,5,230,A,701,Single carriageway - 2 lanes,30,Not at or within 20 metres of junction,unset,\,,Darkness: street lights present and lit,Fine (without high winds),Dry,None,None,No overtaking,327270,668720,570778,Segment,S.V.N.P.,350430,unset,EH166NE,No crossing facility within 50m or physical crossing facility not controlled by authorised person,No physical crossing facility within 50m,At scene
563710,,Slight,2,1,06/08/2010,Friday,6,August,10,17,20,230,Unclassified,,Single carriageway - 2 lanes,30,Mini-roundabout,Give way sign or markings,Unclassified,,Daylight: street lighting unknown,Raining (without high winds),Dry,None,None,No overtaking,323800,671640,12227378,Junction,Cyclist,350431,unset,EH105BL,No crossing facility within 50m or physical crossing facility not controlled by authorised person,No physical crossing facility within 50m,Elsewhere
563910,,Slight,2,5,06/08/2010,Friday,6,August,10,20,30,230,Unclassified,,Single carriageway - 2 lanes,30,Crossroads,Automatic Traffic Signal,Unclassified,,Daylight: street lights present,Fine (without high winds),Dry,None,None,No overtaking,323660,671850,522279,Junction,T.V.N.P.,350432,unset,EH105BW,No crossing facility within 50m or physical crossing facility not controlled by authorised person,Pedestrian phase at traffic signal junction,At scene
565810,,Slight,1,1,05/08/2010,Thursday,5,August,10,19,50,230,Unclassified,,Single carriageway - 2 lanes,30,Not at or within 20 metres of junction,unset,\,,Daylight: street lights present,Fine (without high winds),Dry,None,None,No overtaking,322060,671180,0,Unset,Pedestrian,350433,unset,EH141RL,No crossing facility within 50m or physical crossing facility not controlled by authorised person,No physical crossing facility within 50m,At scene
566010,,Serious,5,1,07/08/2010,Saturday,7,August,10,10,45,230,Unclassified,,Single carriageway - 2 lanes,30,Not at or within 20 metres of junction,unset,\,,Daylight: street lights present,Fine (without high winds),Dry,None,None,No overtaking,325810,674470,12222952,Segment,Cyclist,350434,unset,EH13QR,No crossing facility within 50m or physical crossing facility not controlled by authorised person,No physical crossing facility within 50m,At scene
568010,,Slight,1,1,09/08/2010,Monday,9,August,10,14,10,230,Unclassified,,Single carriageway - 2 lanes,30,Not at or within 20 metres of junction,unset,\,,Daylight: street lights present,Raining (without high winds),Dry,None,None,No overtaking,313650,678360,3948181,Segment,Pedestrian,350435,unset,EH309TB,No crossing facility within 50m or physical crossing facility not controlled by authorised person,No physical crossing facility within 50m,Elsewhere
568310,,Slight,1,1,09/08/2010,Monday,9,August,10,14,30,230,Unclassified,,Single carriageway - 2 lanes,30,Roundabout,Give way sign or markings,Unclassified,,Daylight: no street lighting,Raining (without high winds),Dry,None,None,No overtaking,325720,673740,2310553,Junction,Pedestrian,350436,unset,EH11DF,No crossing facility within 50m or physical crossing facility not controlled by authorised person,Central refuge - no other controls,At scene
568710,,Serious,1,1,09/08/2010,Monday,9,August,10,15,0,230,A,90,Dual carriageway - 2 lanes,30,Not at or within 20 metres of junction,unset,\,,Daylight: street lights present,Raining (without high winds),Dry,None,None,No overtaking,322430,674420,555552,Segment,Pedestrian,350437,unset,EH42BG,Control by other authorised person,Pedestrian phase at traffic signal junction,At scene
569910,,Slight,1,1,09/08/2010,Monday,9,August,10,7,25,230,A,7,Single carriageway - 2 lanes,30,Other junction,Give way sign or markings,Unclassified,,Daylight: street lights present,Fine (without high winds),Dry,None,None,No overtaking,326090,673170,521580,Junction,Pedestrian,350438,unset,EH89BZ,No crossing facility within 50m or physical crossing facility not controlled by authorised person,No physical crossing facility within 50m,At scene
572610,,Fatal,4,1,10/08/2010,Tuesday,10,August,10,22,59,230,Motorway,8,Dual carriageway - 2 lanes,70,Not at or within 20 metres of junction,unset,\,,Darkness: no street lighting,Fine (without high winds),Dry,None,None,No overtaking,317430,670460,6452039,Segment,Pedestrian,350439,unset,EH129BU,No crossing facility within 50m or physical crossing facility not controlled by authorised person,No physical crossing facility within 50m,At scene
573310,,Slight,3,1,11/08/2010,Wednesday,11,August,10,9,20,230,C,,Single carriageway - 2 lanes,30,'T' or staggered junction,Give way sign or markings,Unclassified,,Daylight: no street lighting,Fine (without high winds),Dry,None,None,No overtaking,320480,671790,522138,Junction,M.V.N.P.,350440,unset,EH113NR,No crossing facility within 50m or physical crossing facility not controlled by authorised person,Pedestrian phase at traffic signal junction,At scene
574110,,Slight,1,1,11/08/2010,Wednesday,11,August,10,13,0,230,A,8,One way Street,30,Other junction,Give way sign or markings,A,8,Daylight: street lights present,Fine (without high winds),Dry,None,None,No overtaking,324260,673320,521325,Junction,Bus,350441,unset,EH38JQ,No crossing facility within 50m or physical crossing facility not controlled by authorised person,Pedestrian phase at traffic signal junction,Elsewhere
575210,,Slight,2,1,11/08/2010,Wednesday,11,August,10,18,0,230,Unclassified,,Single carriageway - 2 lanes,30,Crossroads,Give way sign or markings,Unclassified,,Daylight: street lights present,Raining (without high winds),Dry,None,None,No overtaking,324340,671980,12227406,Junction,Cyclist,350442,unset,EH105AN,No crossing facility within 50m or physical crossing facility not controlled by authorised person,No physical crossing facility within 50m,Elsewhere
576210,,Slight,2,1,12/08/2010,Thursday,12,August,10,9,35,230,C,,Roundabout,30,Roundabout,Give way sign or markings,Unclassified,,Daylight: street lights present,Fine (without high winds),Dry,None,None,No overtaking,323550,674600,520089,Junction,Cyclist,350443,unset,EH41BG,Control by other authorised person,"Pelican, puffin, toucan or similar non-junction pedestrian light crossing",At scene
576310,,Slight,2,1,12/08/2010,Thursday,12,August,10,10,50,230,A,701,Single carriageway - 2 lanes,30,'T' or staggered junction,Give way sign or markings,Unclassified,,Daylight: street lights present,Fine (without high winds),Dry,None,None,No overtaking,327380,669070,530185,Junction,Cyclist,350444,unset,EH166TE,No crossing facility within 50m or physical crossing facility not controlled by authorised person,No physical crossing facility within 50m,Elsewhere
576410,,Slight,2,1,11/08/2010,Wednesday,11,August,10,9,0,230,Unclassified,,Single carriageway - 2 lanes,30,'T' or staggered junction,Give way sign or markings,Unclassified,,Daylight: street lights present,Fine (without high winds),Dry,None,None,No overtaking,327100,676390,0,Unset,Cyclist,350445,unset,EH66SU,No crossing facility within 50m or physical crossing facility not controlled by authorised person,No physical crossing facility within 50m,Elsewhere
576610,,Slight,2,1,11/08/2010,Wednesday,11,August,10,10,30,230,A,902,Single carriageway - 2 lanes,30,Other junction,Automatic Traffic Signal,Unclassified,,Daylight: street lights present,Unknown,Dry,None,None,No overtaking,322480,674950,520062,Junction,T.V.N.P.,350446,unset,EH42LZ,No crossing facility within 50m or physical crossing facility not controlled by authorised person,No physical crossing facility within 50m,At scene
576910,,Slight,2,1,12/08/2010,Thursday,12,August,10,11,22,230,B,901,Roundabout,30,Roundabout,Give way sign or markings,C,,Daylight: street lights present,Fine (without high winds),Dry,None,None,No overtaking,325730,674670,520206,Junction,Cyclist,350447,unset,EH36LX,No crossing facility within 50m or physical crossing facility not controlled by authorised person,No physical crossing facility within 50m,Elsewhere
577110,,Slight,2,1,12/08/2010,Thursday,12,August,10,11,30,230,A,902,Single carriageway - 2 lanes,30,Other junction,Automatic Traffic Signal,Unclassified,,Daylight: street lights present,Fine (without high winds),Dry,None,None,No overtaking,322260,674900,520050,Junction,T.V.N.P.,350448,unset,EH42LX,No crossing facility within 50m or physical crossing facility not controlled by authorised person,Pedestrian phase at traffic signal junction,At scene
577210,,Slight,2,1,11/08/2010,Wednesday,11,August,10,9,45,230,B,701,Single carriageway - 2 lanes,30,'T' or staggered junction,Give way sign or markings,Unclassified,,Daylight: street lights present,Fine (without high winds),Dry,None,None,No overtaking,318970,674550,519924,Junction,T.V.N.P.,350449,unset,EH48AT,No crossing facility within 50m or physical crossing facility not controlled by authorised person,No physical crossing facility within 50m,At scene
577810,,Serious,2,1,12/08/2010,Thursday,12,August,10,17,24,230,A,7,Single carriageway - 2 lanes,30,'T' or staggered junction,Give way sign or markings,Unclassified,,Daylight: street lights present,Fine (without high winds),Dry,None,None,No overtaking,326290,672700,532693,Junction,Cyclist,350450,unset,EH89JG,No crossing facility within 50m or physical crossing facility not controlled by authorised person,No physical crossing facility within 50m,At scene
577910,,Slight,2,1,12/08/2010,Thursday,12,August,10,8,30,230,A,90,Single carriageway - 2 lanes,30,Crossroads,Automatic Traffic Signal,A,90,Daylight: street lights present,Fine (without high winds),Dry,None,None,No overtaking,323830,674240,520464,Junction,Cyclist,350451,unset,EH41NZ,No crossing facility within 50m or physical crossing facility not controlled by authorised person,No physical crossing facility within 50m,At scene
578010,,Slight,1,1,12/08/2010,Thursday,12,August,10,7,40,230,Unclassified,,Single carriageway - 2 lanes,30,Other junction,Automatic Traffic Signal,Unclassified,,Daylight: street lights present,Fine (without high winds),Dry,None,None,No overtaking,327390,674370,520725,Junction,Bus,350452,unset,EH75TA,No crossing facility within 50m or physical crossing facility not controlled by authorised person,No physical crossing facility within 50m,Elsewhere
579710,,Slight,2,1,12/08/2010,Thursday,12,August,10,16,5,230,Unclassified,,Single carriageway - 2 lanes,30,'T' or staggered junction,Give way sign or markings,Unclassified,,Daylight: street lights present,Fine (without high winds),Dry,None,None,No overtaking,319410,669770,12338063,Junction,T.V.N.P.,350453,unset,EH142SR,No crossing facility within 50m or physical crossing facility not controlled by authorised person,No physical crossing facility within 50m,At scene
580010,,Slight,2,1,13/08/2010,Friday,13,August,10,17,30,230,Motorway,8,Dual carriageway - 2 lanes,70,Not at or within 20 metres of junction,unset,\,,Daylight: street lights present,Fine (without high winds),Dry,None,None,No overtaking,317430,670460,6452039,Segment,T.V.N.P.,350454,unset,EH129BU,No crossing facility within 50m or physical crossing facility not controlled by authorised person,No physical crossing facility within 50m,At scene
581610,,Slight,2,1,13/08/2010,Friday,13,August,10,12,5,230,Unclassified,,Single carriageway - 2 lanes,30,'T' or staggered junction,Give way sign or markings,Unclassified,,Daylight: street lights present,Fine (without high winds),Dry,None,None,No overtaking,327180,675760,519544,Junction,Cyclist,350455,unset,EH68HW,Control by other authorised person,"Pelican, puffin, toucan or similar non-junction pedestrian light crossing",At scene
581710,,Slight,3,5,14/08/2010,Saturday,14,August,10,15,0,230,Motorway,8,Dual carriageway - 2 lanes,70,Not at or within 20 metres of junction,unset,\,,Daylight: no street lighting,Fine (without high winds),Dry,None,None,No overtaking,317940,670830,6452850,Segment,M.V.N.P.,350456,unset,EH129BU,No crossing facility within 50m or physical crossing facility not controlled by authorised person,No physical crossing facility within 50m,At scene
582010,,Serious,1,1,14/08/2010,Saturday,14,August,10,14,19,230,Unclassified,,Unknown,30,Not at or within 20 metres of junction,unset,\,,Daylight: no street lighting,Fine (without high winds),Dry,None,None,No overtaking,318330,675330,0,Unset,S.V.N.P.,350457,unset,EH46QL,No crossing facility within 50m or physical crossing facility not controlled by authorised person,No physical crossing facility within 50m,At scene
583510,,Slight,2,1,15/08/2010,Sunday,15,August,10,13,33,230,A,90,Dual carriageway - 2 lanes,50,Not at or within 20 metres of junction,unset,\,,Daylight: street lights present,Fine (without high winds),Dry,None,None,No overtaking,312480,678540,555393,Segment,T.V.N.P.,350458,unset,EH309SQ,No crossing facility within 50m or physical crossing facility not controlled by authorised person,No physical crossing facility within 50m,At scene
584810,,Slight,2,2,14/08/2010,Saturday,14,August,10,13,45,230,A,8000,Roundabout,30,Roundabout,Give way sign or markings,Unclassified,,Daylight: street lights present,Fine (without high winds),Dry,None,None,No overtaking,312930,677590,10292768,Junction,T.V.N.P.,350459,unset,EH309PA,Control by other authorised person,"Pelican, puffin, toucan or similar non-junction pedestrian light crossing",At scene
585410,,Slight,4,2,11/08/2010,Wednesday,11,August,10,18,0,230,A,71,Dual carriageway - 2 lanes,60,Not at or within 20 metres of junction,unset,\,,Daylight: street lights present,Raining (without high winds),Dry,None,None,No overtaking,320830,671150,562816,Segment,M.V.N.P.,350460,unset,EH113PA,No crossing facility within 50m or physical crossing facility not controlled by authorised person,No physical crossing facility within 50m,Elsewhere
586510,,Serious,2,1,15/08/2010,Sunday,15,August,10,13,10,230,Motorway,8,Dual carriageway - 2 lanes,70,Not at or within 20 metres of junction,unset,\,,Daylight: no street lighting,Fine (without high winds),Dry,None,None,No overtaking,317670,670620,6452039,Segment,T.V.N.P.,350461,unset,EH129BU,No crossing facility within 50m or physical crossing facility not controlled by authorised person,No physical crossing facility within 50m,At scene
588810,,Slight,2,1,17/08/2010,Tuesday,17,August,10,12,50,230,A,199,Single carriageway - 2 lanes,30,Other junction,Give way sign or markings,Unclassified,,Daylight: street lights present,Fine (without high winds),Dry,None,None,No overtaking,327220,676480,519274,Junction,T.V.N.P.,350462,unset,EH66SH,No crossing facility within 50m or physical crossing facility not controlled by authorised person,Pedestrian phase at traffic signal junction,At scene
589210,,Slight,2,1,16/08/2010,Monday,16,August,10,10,41,230,A,701,Single carriageway - 2 lanes,30,Other junction,Automatic Traffic Signal,Unclassified,,Daylight: no street lighting,Fine (without high winds),Dry,None,None,No overtaking,326730,671830,529477,Junction,Cyclist,350463,unset,EH91SB,No crossing facility within 50m or physical crossing facility not controlled by authorised person,No physical crossing facility within 50m,At scene
590110,,Slight,2,1,12/08/2010,Thursday,12,August,10,15,0,230,Unclassified,,Single carriageway - 2 lanes,30,Not at or within 20 metres of junction,unset,\,,Daylight: street lights present,Fine (without high winds),Dry,None,None,No overtaking,327880,674800,0,Unset,Cyclist,350464,unset,EH76DF,No crossing facility within 50m or physical crossing facility not controlled by authorised person,No physical crossing facility within 50m,Elsewhere
591710,,Slight,1,2,17/08/2010,Tuesday,17,August,10,16,18,230,A,8,Single carriageway - 2 lanes,30,Crossroads,Automatic Traffic Signal,A,8,Daylight: street lights present,Fine (without high winds),Dry,None,None,No overtaking,324730,673670,522381,Junction,Bus,350465,unset,EH24BL,Control by other authorised person,Pedestrian phase at traffic signal junction,At scene
592910,,Slight,3,1,18/08/2010,Wednesday,18,August,10,16,43,230,A,901,Single carriageway - 2 lanes,30,'T' or staggered junction,Give way sign or markings,Unclassified,,Daylight: street lights present,Fine (without high winds),Dry,None,None,No overtaking,326280,676840,518530,Junction,M.V.N.P.,350466,unset,EH64ER,No crossing facility within 50m or physical crossing facility not controlled by authorised person,No physical crossing facility within 50m,At scene
594010,,Slight,1,1,19/08/2010,Thursday,19,August,10,0,15,230,Unclassified,,Single carriageway - 2 lanes,30,Not at or within 20 metres of junction,unset,\,,Darkness: street lights present and lit,Fine (without high winds),Dry,None,None,No overtaking,318000,672750,550926,Segment,S.V.N.P.,350467,unset,EH128NE,No crossing facility within 50m or physical crossing facility not controlled by authorised person,No physical crossing facility within 50m,At scene
594910,,Slight,2,1,19/08/2010,Thursday,19,August,10,9,0,230,B,701,Single carriageway - 2 lanes,30,'T' or staggered junction,Give way sign or markings,Unclassified,,Daylight: street lighting unknown,Fine (without high winds),Dry,None,None,No overtaking,319140,673950,520788,Junction,T.V.N.P.,350468,unset,EH128TH,No crossing facility within 50m or physical crossing facility not controlled by authorised person,"Pelican, puffin, toucan or similar non-junction pedestrian light crossing",At scene
595210,,Slight,1,1,19/08/2010,Thursday,19,August,10,11,25,230,Unclassified,,Single carriageway - 2 lanes,20,Not at or within 20 metres of junction,unset,\,,Daylight: street lights present,Fine (without high winds),Dry,None,None,No overtaking,326670,672550,0,Unset,Pedestrian,350469,unset,EH165BH,Control by school crossing patrol,"Pelican, puffin, toucan or similar non-junction pedestrian light crossing",At scene
596510,,Slight,1,2,19/08/2010,Thursday,19,August,10,20,30,230,A,7,Single carriageway - 2 lanes,30,Other junction,Automatic Traffic Signal,A,7,Darkness: street lights present and lit,Fine (without high winds),Dry,None,None,No overtaking,325930,673660,521103,Junction,Pedestrian,350470,unset,EH11PD,No crossing facility within 50m or physical crossing facility not controlled by authorised person,Pedestrian phase at traffic signal junction,At scene
596910,,Slight,2,1,19/08/2010,Thursday,19,August,10,6,1,230,A,900,Single carriageway - 2 lanes,30,Not at or within 20 metres of junction,unset,\,,Daylight: street lights present,Fine (without high winds),Dry,None,None,No overtaking,326230,674670,12222104,Junction,T.V.N.P.,350471,unset,EH74AA,No crossing facility within 50m or physical crossing facility not controlled by authorised person,Pedestrian phase at traffic signal junction,At scene
597510,,Slight,2,1,08/08/2010,Sunday,8,August,10,14,30,230,A,90,Single carriageway - 2 lanes,30,Not at or within 20 metres of junction,unset,\,,Daylight: no street lighting,Fine (without high winds),Dry,None,None,No overtaking,324620,673700,555627,Segment,T.V.N.P.,350472,unset,EH24RA,Control by other authorised person,Pedestrian phase at traffic signal junction,Elsewhere
599010,,Slight,1,1,20/08/2010,Friday,20,August,10,17,20,230,Unclassified,,Single carriageway - 2 lanes,30,Not at or within 20 metres of junction,unset,\,,Daylight: street lights present,Fine (without high winds),Dry,None,None,No overtaking,320040,671610,559338,Segment,Pedestrian,350473,unset,EH113SN,Control by other authorised person,"Pelican, puffin, toucan or similar non-junction pedestrian light crossing",At scene
599310,,Slight,3,1,20/08/2010,Friday,20,August,10,18,25,230,A,8,Dual carriageway - 2 lanes,40,Not at or within 20 metres of junction,unset,\,,Daylight: no street lighting,Fine (without high winds),Dry,None,None,No overtaking,315110,672410,550797,Segment,M.V.N.P.,350474,unset,EH288NQ,No crossing facility within 50m or physical crossing facility not controlled by authorised person,No physical crossing facility within 50m,\3
600110,,Slight,2,2,16/08/2010,Monday,16,August,10,16,45,230,Unclassified,,Single carriageway - 2 lanes,30,Not at or within 20 metres of junction,unset,\,,Daylight: street lights present,Fine (without high winds),Dry,None,None,No overtaking,312160,669560,12231389,Segment,T.V.N.P.,350475,unset,EH278BBA,No crossing facility within 50m or physical crossing facility not controlled by authorised person,No physical crossing facility within 50m,At scene
600510,,Slight,2,1,21/08/2010,Saturday,21,August,10,13,40,230,Motorway,8,Dual carriageway - 2 lanes,70,Not at or within 20 metres of junction,unset,\,,Daylight: street lights present,Fine (without high winds),Dry,None,None,No overtaking,317830,670750,6452850,Segment,T.V.N.P.,350476,unset,EH129BU,No crossing facility within 50m or physical crossing facility not controlled by authorised person,No physical crossing facility within 50m,At scene
601310,,Slight,1,1,19/08/2010,Thursday,19,August,10,20,36,230,A,8,Single carriageway - 2 lanes,30,Other junction,Give way sign or markings,Unclassified,,Darkness: street lights present and lit,Fine (without high winds),Dry,None,None,No overtaking,324450,673520,520881,Junction,Bus,350477,unset,EH37AL,Control by other authorised person,Pedestrian phase at traffic signal junction,Elsewhere
601610,,Slight,1,1,21/08/2010,Saturday,21,August,10,20,30,230,A,702,Single carriageway - 2 lanes,30,Multiple junction,Automatic Traffic Signal,A,8,Daylight: no street lighting,Fine (without high winds),Dry,None,None,No overtaking,324720,673660,522381,Junction,Pedestrian,350478,unset,EH12DA,Control by other authorised person,Pedestrian phase at traffic signal junction,At scene
602510,,Slight,2,1,20/08/2010,Friday,20,August,10,10,45,230,A,702,Dual carriageway - 2 lanes,30,'T' or staggered junction,Automatic Traffic Signal,A,8,Daylight: no street lighting,Fine (without high winds),Dry,None,None,No overtaking,324690,673670,520920,Junction,Cyclist,350479,unset,EH12AD,Control by other authorised person,Pedestrian phase at traffic signal junction,Elsewhere
603010,,Slight,2,1,22/08/2010,Sunday,22,August,10,12,16,230,Motorway,8,Dual carriageway - 2 lanes,70,Not at or within 20 metres of junction,unset,\,,Daylight: no street lighting,Fine (without high winds),Dry,None,None,No overtaking,317840,670760,6452850,Segment,T.V.N.P.,350480,unset,EH129BU,No crossing facility within 50m or physical crossing facility not controlled by authorised person,No physical crossing facility within 50m,At scene
604910,,Slight,2,1,21/08/2010,Saturday,21,August,10,21,10,230,A,70,Single carriageway - 2 lanes,30,Not at or within 20 metres of junction,unset,\,,Darkness: street lights present and lit,Raining (without high winds),Dry,None,None,No overtaking,320730,669170,561835,Segment,T.V.N.P.,350481,unset,EH130LT,No crossing facility within 50m or physical crossing facility not controlled by authorised person,No physical crossing facility within 50m,Elsewhere
605010,,Slight,1,1,22/08/2010,Sunday,22,August,10,6,0,230,A,901,Roundabout,30,Roundabout,Give way sign or markings,A,901,Daylight: street lights present,Fine (without high winds),Dry,None,None,No overtaking,323720,677110,518902,Junction,S.V.N.P.,350482,unset,EH51HA,Control by other authorised person,Central refuge - no other controls,At scene
605710,,Slight,2,1,21/08/2010,Saturday,21,August,10,23,0,230,C,,Single carriageway - 2 lanes,30,Not at or within 20 metres of junction,unset,\,,Darkness: street lights present and lit,Unknown,Dry,None,None,No overtaking,322850,672920,12223618,Segment,T.V.N.P.,350483,unset,EH125PL,Control by other authorised person,Central refuge - no other controls,Elsewhere
607110,,Slight,2,2,20/08/2010,Friday,20,August,10,12,20,230,A,720,Dual carriageway - 2 lanes,70,Not at or within 20 metres of junction,unset,\,,Daylight: street lights present,Fine (without high winds),Dry,None,None,No overtaking,320390,668720,570540,Segment,T.V.N.P.,350484,unset,EH146BA,No crossing facility within 50m or physical crossing facility not controlled by authorised person,No physical crossing facility within 50m,At scene
607210,,Slight,1,2,16/08/2010,Monday,16,August,10,12,11,230,A,702,Single carriageway - 2 lanes,30,Not at or within 20 metres of junction,unset,\,,Daylight: street lights present,Fine (without high winds),Dry,None,Pedestrian in carriagway - not injured,No overtaking,324810,673130,548961,Segment,Bus,350485,unset,EH39BG,No crossing facility within 50m or physical crossing facility not controlled by authorised person,No physical crossing facility within 50m,At scene