acc_ref,beat_no,severity,no_vehicle,no_casualt,a_date,a_day,a_date_day,a_date_mon,a_date_yr,a_time_hr,a_time_min,loc_auth,road1_class,road1_no,road_type,speed_limi,junc_det,junc_ctrl,road2_class,road2_no,light_cond,weather,road_surf,spec_cond,cway_hzrds,ovrtk_patrn,easting,northing,net_id,net_type,acc_type,text_id,division,Postcode,ped_xing_hc,ped_xing_p,place_reported
702110,,Slight,2,1,25/09/2010,Saturday,25,September,10,15,15,230,A,8,Single carriageway - 2 lanes,30,'T' or staggered junction,Automatic Traffic Signal,C,,Daylight: street lights present,Fine (without high winds),Dry,None,None,No overtaking,325720,673970,521079,Junction,Cyclist,365240,unset,EH22AN,No crossing facility within 50m or physical crossing facility not controlled by authorised person,No physical crossing facility within 50m,Elsewhere
702410,,Serious,1,1,25/09/2010,Saturday,25,September,10,19,45,230,B,1350,Single carriageway - 2 lanes,30,Crossroads,Automatic Traffic Signal,C,,Daylight: no street lighting,Fine (without high winds),Dry,None,None,No overtaking,326930,674460,520680,Junction,Pedestrian,365241,unset,EH75DR,Control by other authorised person,Pedestrian phase at traffic signal junction,At scene
702910,,Serious,2,1,26/09/2010,Sunday,26,September,10,12,26,230,Unclassified,,Single carriageway - 2 lanes,30,'T' or staggered junction,Give way sign or markings,Unclassified,,Daylight: street lights present,Fine (without high winds),Dry,None,None,No overtaking,324770,675760,519436,Junction,Cyclist,365242,unset,EH35QL,No crossing facility within 50m or physical crossing facility not controlled by authorised person,No physical crossing facility within 50m,At scene
705910,,Slight,1,1,23/09/2010,Thursday,23,September,10,13,30,230,C,,Single carriageway - 2 lanes,30,Not at or within 20 metres of junction,unset,\,,Daylight: street lights present,Raining (without high winds),Dry,None,None,No overtaking,326460,671880,563092,Segment,Pedestrian,365243,unset,EH91SS,No crossing facility within 50m or physical crossing facility not controlled by authorised person,No physical crossing facility within 50m,At scene
706110,,Slight,3,1,28/09/2010,Tuesday,28,September,10,3,30,230,C,,Single carriageway - 2 lanes,30,Not at or within 20 metres of junction,unset,\,,Darkness: street lights present but unlit,Fine (without high winds),Dry,None,None,No overtaking,325080,674930,566690,Segment,M.V.N.P.,365244,unset,EH35DP,No crossing facility within 50m or physical crossing facility not controlled by authorised person,No physical crossing facility within 50m,At scene
706810,,Slight,1,1,27/09/2010,Monday,27,September,10,15,40,230,A,8,Dual carriageway - 2 lanes,30,'T' or staggered junction,Automatic Traffic Signal,C,,Daylight: no street lighting,Fine (without high winds),Dry,None,None,No overtaking,325190,673820,521055,Junction,Bus,365245,unset,EH22ER,No crossing facility within 50m or physical crossing facility not controlled by authorised person,Pedestrian phase at traffic signal junction,At scene
706910,,Slight,1,1,22/09/2010,Wednesday,22,September,10,15,20,230,Unclassified,,Single carriageway - 2 lanes,30,Not at or within 20 metres of junction,unset,\,,Daylight: street lights present,Fine (without high winds),Dry,None,None,No overtaking,325660,673890,551250,Segment,Bus,365246,unset,EH22EJ,No crossing facility within 50m or physical crossing facility not controlled by authorised person,No physical crossing facility within 50m,Elsewhere
707310,,Slight,1,1,28/09/2010,Tuesday,28,September,10,11,35,230,A,8,Dual carriageway - 2 lanes,30,Not at or within 20 metres of junction,unset,\,,Daylight: street lights present,Fine (without high winds),Dry,None,None,No overtaking,325770,673990,551205,Segment,Bus,365247,unset,EH22AN,No crossing facility within 50m or physical crossing facility not controlled by authorised person,No physical crossing facility within 50m,Elsewhere
707610,,Slight,1,1,26/09/2010,Sunday,26,September,10,13,30,230,Unclassified,,Single carriageway - 2 lanes,30,'T' or staggered junction,Give way sign or markings,Unclassified,,Daylight: street lights present,Fine (without high winds),Dry,None,None,No overtaking,322010,675590,519364,Junction,S.V.N.P.,365248,unset,EH44PH,No crossing facility within 50m or physical crossing facility not controlled by authorised person,No physical crossing facility within 50m,Elsewhere
709010,,Slight,4,1,28/09/2010,Tuesday,28,September,10,19,50,230,A,702,Single carriageway - 2 lanes,30,Crossroads,Automatic Traffic Signal,C,,Darkness: street lights present and lit,Raining (without high winds),Dry,None,None,No overtaking,324800,673190,521406,Junction,M.V.N.P.,365249,unset,EH38BJ,Control by other authorised person,Pedestrian phase at traffic signal junction,At scene
709310,,Serious,2,1,29/09/2010,Wednesday,29,September,10,6,41,230,A,90,Single carriageway - 2 lanes,30,'T' or staggered junction,Give way sign or markings,C,,Darkness: street lights present and lit,Raining (without high winds),Dry,None,None,No overtaking,324110,674250,520476,Junction,Cyclist,365250,unset,EH43AD,No crossing facility within 50m or physical crossing facility not controlled by authorised person,No physical crossing facility within 50m,At scene
709510,,Slight,2,1,24/09/2010,Friday,24,September,10,17,0,230,Unclassified,,Single carriageway - 2 lanes,30,Not at or within 20 metres of junction,unset,\,,Daylight: no street lighting,Fine (without high winds),Dry,None,None,No overtaking,323260,676530,570111,Segment,Bus,365251,unset,EH52PN,No crossing facility within 50m or physical crossing facility not controlled by authorised person,No physical crossing facility within 50m,At scene
709610,,Slight,2,1,29/09/2010,Wednesday,29,September,10,0,15,230,Unclassified,,Single carriageway - 2 lanes,30,'T' or staggered junction,Give way sign or markings,Unclassified,,Daylight: no street lighting,Raining (without high winds),Dry,None,None,No overtaking,326200,672650,532726,Junction,T.V.N.P.,365252,unset,EH89NQ,No crossing facility within 50m or physical crossing facility not controlled by authorised person,No physical crossing facility within 50m,At scene
710510,,Slight,1,1,27/09/2010,Monday,27,September,10,15,35,230,Unclassified,,Single carriageway - 2 lanes,30,Other junction,Give way sign or markings,Unclassified,,Daylight: street lights present,Fine (without high winds),Dry,None,None,No overtaking,329800,671850,0,Unset,Pedestrian,365253,unset,EH164RF,No crossing facility within 50m or physical crossing facility not controlled by authorised person,No physical crossing facility within 50m,At scene
711710,,Serious,2,1,28/09/2010,Tuesday,28,September,10,13,30,230,C,,Single carriageway - 2 lanes,30,Crossroads,Authorised Person,C,,Daylight: street lights present,Raining (without high winds),Dry,None,None,No overtaking,325290,674190,520521,Junction,Cyclist,365254,unset,EH21DR,Control by other authorised person,Pedestrian phase at traffic signal junction,At scene
712710,,Serious,1,1,29/09/2010,Wednesday,29,September,10,16,50,230,B,901,Single carriageway - 2 lanes,30,Other junction,Give way sign or markings,Unclassified,,Daylight: no street lighting,Fine (without high winds),Dry,None,None,No overtaking,325810,674560,520194,Junction,Cyclist,350574,unset,EH13SB,No crossing facility within 50m or physical crossing facility not controlled by authorised person,Pedestrian phase at traffic signal junction,At scene
712910,,Slight,1,1,28/09/2010,Tuesday,28,September,10,19,50,230,B,701,Single carriageway - 2 lanes,30,Not at or within 20 metres of junction,unset,\,,Darkness: street lights present and lit,Raining (without high winds),Dry,None,None,No overtaking,319100,674080,551702,Segment,Bus,365255,unset,EH128TJ,No crossing facility within 50m or physical crossing facility not controlled by authorised person,No physical crossing facility within 50m,At scene
714210,,Slight,2,1,30/09/2010,Thursday,30,September,10,6,4,230,A,8,Single carriageway - 2 lanes,30,'T' or staggered junction,Automatic Traffic Signal,Unclassified,,Darkness: street lights present but unlit,Fine (without high winds),Dry,None,None,No overtaking,325650,673950,521085,Junction,Cyclist,365256,unset,EH22BY,Control by other authorised person,Pedestrian phase at traffic signal junction,At scene
715010,,Slight,4,1,30/09/2010,Thursday,30,September,10,12,33,230,C,,Single carriageway - 2 lanes,30,'T' or staggered junction,Automatic Traffic Signal,Unclassified,,Daylight: street lights present,Fine (without high winds),Dry,None,None,No overtaking,325490,673640,521022,Junction,M.V.N.P.,365257,unset,EH12LU,Control by other authorised person,Pedestrian phase at traffic signal junction,At scene
716010,,Slight,1,1,30/09/2010,Thursday,30,September,10,9,25,230,Unclassified,,One way Street,30,Not at or within 20 metres of junction,unset,\,,Daylight: street lights present,Fine (without high winds),Dry,None,None,No overtaking,325190,673110,567261,Segment,Pedestrian,365258,unset,EH39DE,No crossing facility within 50m or physical crossing facility not controlled by authorised person,No physical crossing facility within 50m,Elsewhere
716210,,Slight,1,1,30/09/2010,Thursday,30,September,10,21,15,230,Unclassified,,Single carriageway - 2 lanes,30,Crossroads,Authorised Person,Unclassified,,Darkness: street lights present and lit,Fine (without high winds),Dry,None,None,No overtaking,324500,673800,520890,Junction,Bus,365259,unset,EH37TQ,Control by other authorised person,Pedestrian phase at traffic signal junction,Elsewhere
716910,,Slight,2,1,30/09/2010,Thursday,30,September,10,9,0,230,Unclassified,,Single carriageway - 2 lanes,30,'T' or staggered junction,Give way sign or markings,Unclassified,,Daylight: no street lighting,Fine (without high winds),Dry,None,None,No overtaking,325320,673310,521484,Junction,Pedestrian,365260,unset,EH12HS,Control by other authorised person,Zebra crossing,Elsewhere
717310,,Slight,2,1,01/10/2010,Friday,1,October,10,10,25,230,Unclassified,,Single carriageway - 2 lanes,30,'T' or staggered junction,Give way sign or markings,Unclassified,,Daylight: street lights present,Fine (without high winds),Dry,None,None,No overtaking,326210,672640,532726,Junction,Cyclist,361708,unset,EH89NA,No crossing facility within 50m or physical crossing facility not controlled by authorised person,No physical crossing facility within 50m,Elsewhere
718010,,Slight,2,2,01/10/2010,Friday,1,October,10,14,11,230,Unclassified,,Single carriageway - 2 lanes,30,Not at or within 20 metres of junction,unset,\,,Daylight: street lights present,Other,Dry,None,None,No overtaking,329180,675180,557978,Segment,T.V.N.P.,361709,unset,EH76RG,No crossing facility within 50m or physical crossing facility not controlled by authorised person,No physical crossing facility within 50m,At scene
718110,,Slight,1,1,30/09/2010,Thursday,30,September,10,22,5,230,A,900,Dual carriageway - 2 lanes,30,'T' or staggered junction,Automatic Traffic Signal,Unclassified,,Darkness: street lights present and lit,Fine (without high winds),Dry,None,None,No overtaking,325990,674170,12288417,Junction,S.V.N.P.,365261,unset,EH13AA,Control by other authorised person,Pedestrian phase at traffic signal junction,Elsewhere
721610,,Slight,2,1,03/10/2010,Sunday,3,October,10,11,44,230,Unclassified,,Single carriageway - 2 lanes,40,Not at or within 20 metres of junction,unset,\,,Daylight: street lights present,Raining (without high winds),Dry,None,None,No overtaking,324400,669220,549129,Segment,T.V.N.P.,361710,unset,EH106HG,No crossing facility within 50m or physical crossing facility not controlled by authorised person,No physical crossing facility within 50m,At scene
722910,,Slight,2,1,01/10/2010,Friday,1,October,10,9,40,230,A,701,Single carriageway - 2 lanes,40,Not at or within 20 metres of junction,unset,\,,Daylight: street lights present,Raining (without high winds),Dry,None,None,No overtaking,327109,669890,570755,Segment,Cyclist,361711,unset,EH166AF,No crossing facility within 50m or physical crossing facility not controlled by authorised person,No physical crossing facility within 50m,Elsewhere
723010,,Slight,2,1,02/10/2010,Saturday,2,October,10,16,31,230,A,1,Dual carriageway - 2 lanes,40,Roundabout,Give way sign or markings,A,1,Daylight: street lights present,Fine (without high winds),Dry,None,None,No overtaking,331220,672900,531088,Junction,Cyclist,361712,unset,EH153QH,No crossing facility within 50m or physical crossing facility not controlled by authorised person,"Pelican, puffin, toucan or similar non-junction pedestrian light crossing",At scene
723110,,Serious,1,1,03/10/2010,Sunday,3,October,10,23,50,230,A,702,Single carriageway - 2 lanes,30,Not at or within 20 metres of junction,unset,\,,Darkness: street lights present and lit,Fine (without high winds),Dry,None,None,No overtaking,324820,673130,548961,Segment,Pedestrian,361713,unset,EH39AA,Control by other authorised person,"Pelican, puffin, toucan or similar non-junction pedestrian light crossing",At scene
723910,,Slight,2,1,03/10/2010,Sunday,3,October,10,17,50,230,A,1140,Single carriageway - 2 lanes,30,'T' or staggered junction,Give way sign or markings,Unclassified,,Daylight: street lights present,Fine (without high winds),Dry,None,None,No overtaking,329050,674250,523440,Junction,T.V.N.P.,361714,unset,EH76RS,No crossing facility within 50m or physical crossing facility not controlled by authorised person,No physical crossing facility within 50m,At scene
724210,,Slight,2,1,21/09/2010,Tuesday,21,September,10,10,0,230,Unclassified,,Single carriageway - 2 lanes,30,Not at or within 20 metres of junction,unset,\,,Daylight: street lights present,Fine (without high winds),Dry,None,None,No overtaking,327330,671770,12228045,Junction,Cyclist,365262,unset,EH165EF,No crossing facility within 50m or physical crossing facility not controlled by authorised person,No physical crossing facility within 50m,At scene
724510,,Slight,1,1,04/10/2010,Monday,4,October,10,13,50,230,A,8,Dual carriageway - 2 lanes,30,Not at or within 20 metres of junction,unset,\,,Daylight: street lighting unknown,Fine (without high winds),Dry,None,None,No overtaking,324630,673650,550514,Segment,Pedestrian,361715,unset,EH24RG,Control by other authorised person,"Pelican, puffin, toucan or similar non-junction pedestrian light crossing",At scene
724610,,Slight,1,1,04/10/2010,Monday,4,October,10,17,30,230,A,90,Single carriageway - 2 lanes,40,'T' or staggered junction,Automatic Traffic Signal,Unclassified,,Daylight: street lights present,Fine (without high winds),Dry,None,None,No overtaking,320000,675070,519708,Junction,Pedestrian,361716,unset,EH47NA,Control by other authorised person,Pedestrian phase at traffic signal junction,At scene
724810,,Slight,1,1,04/10/2010,Monday,4,October,10,8,0,230,A,1,Single carriageway - 2 lanes,30,Not at or within 20 metres of junction,unset,\,,Daylight: no street lighting,Fine (without high winds),Dry,None,None,No overtaking,329150,673160,2580777,Junction,Pedestrian,361717,unset,EH87TU,No crossing facility within 50m or physical crossing facility not controlled by authorised person,No physical crossing facility within 50m,At scene
725910,,Slight,2,1,05/10/2010,Tuesday,5,October,10,13,0,230,C,,Single carriageway - 2 lanes,30,'T' or staggered junction,Give way sign or markings,Unclassified,,Daylight: no street lighting,Fine (without high winds),Dry,None,None,No overtaking,326679,671259,531445,Junction,Cyclist,361718,unset,EH93AG,No crossing facility within 50m or physical crossing facility not controlled by authorised person,No physical crossing facility within 50m,At scene
726710,,Slight,2,1,05/10/2010,Tuesday,5,October,10,13,59,230,A,6095,Roundabout,30,Roundabout,Give way sign or markings,A,6095,Daylight: street lights present,Fine (without high winds),Dry,None,None,No overtaking,331650,671780,4464225,Junction,T.V.N.P.,361719,unset,EH218RX,No crossing facility within 50m or physical crossing facility not controlled by authorised person,No physical crossing facility within 50m,At scene
727610,,Slight,1,1,01/10/2010,Friday,1,October,10,9,50,230,A,900,Single carriageway - 2 lanes,30,Multiple junction,Automatic Traffic Signal,Unclassified,,Daylight: no street lighting,Fine (without high winds),Dry,None,None,No overtaking,326960,675890,522483,Junction,Pedestrian,361720,unset,EH68LN,No crossing facility within 50m or physical crossing facility not controlled by authorised person,Pedestrian phase at traffic signal junction,At scene
728510,,Slight,2,1,06/10/2010,Wednesday,6,October,10,9,15,230,Unclassified,,Dual carriageway - 2 lanes,70,Not at or within 20 metres of junction,unset,\,,Daylight: no street lighting,Fine (without high winds),Dry,None,None,No overtaking,320470,668560,570540,Segment,T.V.N.P.,361721,unset,EH146BA,No crossing facility within 50m or physical crossing facility not controlled by authorised person,No physical crossing facility within 50m,At scene
729510,,Slight,2,1,06/10/2010,Wednesday,6,October,10,13,23,230,A,701,Roundabout,40,Roundabout,Give way sign or markings,Unclassified,,Daylight: no street lighting,Fine (without high winds),Dry,None,None,No overtaking,327480,666980,2587875,Junction,T.V.N.P.,361722,unset,EH178SG,No crossing facility within 50m or physical crossing facility not controlled by authorised person,No physical crossing facility within 50m,At scene
730710,,Slight,2,1,06/10/2010,Wednesday,6,October,10,15,20,230,A,90,Single carriageway - 2 lanes,40,Not at or within 20 metres of junction,unset,\,,Daylight: street lights present,Fine (without high winds),Dry,None,None,No overtaking,318470,674980,555447,Segment,T.V.N.P.,361723,unset,EH46AT,No crossing facility within 50m or physical crossing facility not controlled by authorised person,No physical crossing facility within 50m,At scene
730810,,Serious,2,1,06/10/2010,Wednesday,6,October,10,18,0,230,A,8,Single carriageway - 2 lanes,30,Crossroads,Authorised Person,Unclassified,,Daylight: no street lighting,Fine (without high winds),Dry,None,None,No overtaking,321949,673120,521235,Junction,Cyclist,361724,unset,EH125SG,Control by other authorised person,Pedestrian phase at traffic signal junction,At scene
731410,,Slight,1,1,01/10/2010,Friday,1,October,10,20,25,230,A,1,Roundabout,40,Roundabout,Give way sign or markings,A,1,Darkness: street lights present and lit,Fine (without high winds),Dry,None,None,No overtaking,331260,672500,530989,Junction,S.V.N.P.,361725,unset,EH153SA,No crossing facility within 50m or physical crossing facility not controlled by authorised person,No physical crossing facility within 50m,At scene
731510,,Slight,2,1,06/10/2010,Wednesday,6,October,10,8,45,230,A,8,Dual carriageway - 2 lanes,40,Other junction,Automatic Traffic Signal,A,902,Daylight: street lights present,Raining (without high winds),Dry,None,None,No overtaking,318030,672720,521634,Junction,T.V.N.P.,361726,unset,EH128LU,Control by other authorised person,Pedestrian phase at traffic signal junction,At scene
731810,,Slight,2,1,27/09/2010,Monday,27,September,10,0,5,230,Unclassified,,Single carriageway - 2 lanes,30,'T' or staggered junction,Give way sign or markings,A,6095,Darkness: street lights present and lit,Fine (without high winds),Dry,None,None,No overtaking,329500,671600,523821,Junction,Cyclist,365263,unset,EH164EG,No crossing facility within 50m or physical crossing facility not controlled by authorised person,No physical crossing facility within 50m,At scene
732210,,Slight,2,1,11/08/2010,Wednesday,11,August,10,15,58,230,A,900,Single carriageway - 2 lanes,30,Roundabout,Give way sign or markings,Unclassified,,Daylight: street lights present,Fine (without high winds),Dry,None,None,No overtaking,326140,674550,520245,Junction,Cyclist,350534,unset,EH13PA,Control by other authorised person,Pedestrian phase at traffic signal junction,At scene
732810,,Slight,2,1,07/10/2010,Thursday,7,October,10,9,0,230,A,7,Single carriageway - 2 lanes,30,'T' or staggered junction,Automatic Traffic Signal,A,7,Daylight: street lights present,Fine (without high winds),Dry,None,None,No overtaking,326650,672480,522093,Junction,Cyclist,361727,unset,EH165BR,Control by other authorised person,Pedestrian phase at traffic signal junction,At scene
734410,,Slight,2,1,07/10/2010,Thursday,7,October,10,16,10,230,A,1,Single carriageway - 2 lanes,30,Not at or within 20 metres of junction,unset,\,,Daylight: street lights present,Fine (without high winds),Dry,None,None,No overtaking,331150,672430,556998,Segment,Bus,361728,unset,EH153SA,Control by other authorised person,Central refuge - no other controls,Elsewhere
735010,,Slight,1,1,07/10/2010,Thursday,7,October,10,18,15,230,Unclassified,,Single carriageway - 2 lanes,30,Not at or within 20 metres of junction,unset,\,,Daylight: street lighting unknown,Unknown,Dry,None,None,No overtaking,320460,670620,565103,Segment,Pedestrian,361729,unset,EH114RY,No crossing facility within 50m or physical crossing facility not controlled by authorised person,No physical crossing facility within 50m,Elsewhere
735510,,Slight,2,1,30/09/2010,Thursday,30,September,10,9,45,230,Unclassified,,Single carriageway - 2 lanes,30,'T' or staggered junction,Give way sign or markings,Unclassified,,Daylight: street lights present,Unknown,Dry,None,None,No overtaking,326450,672760,532738,Junction,Cyclist,365264,unset,EH89QX,No crossing facility within 50m or physical crossing facility not controlled by authorised person,No physical crossing facility within 50m,Elsewhere
735710,,Slight,2,2,06/10/2010,Wednesday,6,October,10,12,0,230,A,901,Single carriageway - 2 lanes,30,Not at or within 20 metres of junction,unset,\,,Daylight: street lights present,Fine (without high winds),Dry,None,None,No overtaking,325860,676980,558731,Segment,T.V.N.P.,361730,unset,EH66NT,Control by other authorised person,Pedestrian phase at traffic signal junction,At scene
736610,,Slight,2,1,07/10/2010,Thursday,7,October,10,7,48,230,A,71,Single carriageway - 2 lanes,50,Not at or within 20 metres of junction,unset,\,,Daylight: no street lighting,Fine (without high winds),Dry,None,None,No overtaking,313650,668760,549671,Segment,T.V.N.P.,361731,unset,EH278EB,No crossing facility within 50m or physical crossing facility not controlled by authorised person,No physical crossing facility within 50m,At scene
738110,,Slight,2,1,07/10/2010,Thursday,7,October,10,9,15,230,A,702,Single carriageway - 2 lanes,30,Other junction,Automatic Traffic Signal,Unclassified,,Daylight: street lights present,Fine (without high winds),Dry,None,None,No overtaking,324740,673550,520950,Junction,T.V.N.P.,361732,unset,EH12DA,No crossing facility within 50m or physical crossing facility not controlled by authorised person,No physical crossing facility within 50m,Elsewhere
738410,,Slight,1,1,08/10/2010,Friday,8,October,10,18,5,230,A,8,One way Street,30,Not at or within 20 metres of junction,unset,\,,Daylight: street lights present,Fine (without high winds),Dry,None,None,No overtaking,324170,673300,550631,Segment,Pedestrian,361733,unset,EH125DS,Control by other authorised person,Pedestrian phase at traffic signal junction,At scene
738510,,Slight,2,1,07/10/2010,Thursday,7,October,10,7,50,230,Unclassified,,Roundabout,30,Roundabout,Give way sign or markings,Unclassified,,Daylight: street lights present,Fine (without high winds),Dry,None,None,No overtaking,327910,674630,520308,Junction,Cyclist,361734,unset,EH76BP,No crossing facility within 50m or physical crossing facility not controlled by authorised person,No physical crossing facility within 50m,Elsewhere
738910,,Slight,2,1,06/10/2010,Wednesday,6,October,10,20,29,230,Unclassified,,Single carriageway - 2 lanes,30,'T' or staggered junction,Give way sign or markings,Unclassified,,Darkness: street lights present and lit,Fine (without high winds),Dry,None,None,No overtaking,323390,668940,533059,Junction,T.V.N.P.,361735,unset,EH139NB,No crossing facility within 50m or physical crossing facility not controlled by authorised person,No physical crossing facility within 50m,Elsewhere
739210,,Slight,2,1,04/10/2010,Monday,4,October,10,7,55,230,Unclassified,,Single carriageway - 2 lanes,30,Other junction,Give way sign or markings,Unclassified,,Darkness: street lights present but unlit,Fine (without high winds),Dry,None,None,No overtaking,324010,669100,0,Unset,T.V.N.P.,361736,unset,EH106NQ,No crossing facility within 50m or physical crossing facility not controlled by authorised person,No physical crossing facility within 50m,At scene
739510,,Serious,2,1,05/10/2010,Tuesday,5,October,10,8,40,230,Unclassified,,Single carriageway - 2 lanes,30,Other junction,Give way sign or markings,Unclassified,,Daylight: street lights present,Fine (without high winds),Dry,None,None,No overtaking,319510,668410,533113,Junction,Cyclist,361737,unset,EH145EG,No crossing facility within 50m or physical crossing facility not controlled by authorised person,No physical crossing facility within 50m,At scene
739910,,Slight,1,1,08/10/2010,Friday,8,October,10,22,28,230,A,8,Single carriageway - 2 lanes,30,Not at or within 20 metres of junction,unset,\,,Darkness: street lights present and lit,Fine (without high winds),Dry,None,None,No overtaking,325180,673820,521055,Junction,Pedestrian,361738,unset,EH23AA,Control by other authorised person,Pedestrian phase at traffic signal junction,At scene
740410,,Slight,2,1,16/08/2010,Monday,16,August,10,13,45,230,Unclassified,,Single carriageway - 2 lanes,30,Crossroads,Automatic Traffic Signal,Unclassified,,Daylight: street lights present,Fine (without high winds),Dry,None,None,No overtaking,320220,671180,0,Unset,Cyclist,350535,unset,EH113TY,No crossing facility within 50m or physical crossing facility not controlled by authorised person,No physical crossing facility within 50m,Elsewhere
742610,,Slight,2,1,09/10/2010,Saturday,9,October,10,14,15,230,C,,Single carriageway - 2 lanes,30,Not at or within 20 metres of junction,unset,\,,Daylight: street lights present,Fine (without high winds),Dry,None,None,No overtaking,325460,673480,558203,Segment,T.V.N.P.,361739,unset,EH12PW,No crossing facility within 50m or physical crossing facility not controlled by authorised person,No physical crossing facility within 50m,At scene
743110,,Slight,1,1,09/10/2010,Saturday,9,October,10,2,5,230,C,,Single carriageway - 2 lanes,30,'T' or staggered junction,Automatic Traffic Signal,Unclassified,,Darkness: street lights present and lit,Fine (without high winds),Dry,None,None,No overtaking,325470,674250,520524,Junction,Pedestrian,361740,unset,EH21JX,No crossing facility within 50m or physical crossing facility not controlled by authorised person,No physical crossing facility within 50m,At scene
743310,,Serious,1,1,10/10/2010,Sunday,10,October,10,13,0,230,C,,Single carriageway - 2 lanes,30,Not at or within 20 metres of junction,unset,\,,Daylight: street lights present,Fine (without high winds),Dry,None,None,No overtaking,322640,670330,564704,Segment,Cyclist,361741,unset,EH141DW,Control by other authorised person,Pedestrian phase at traffic signal junction,At scene
745210,,Slight,2,1,11/10/2010,Monday,11,October,10,8,0,230,Unclassified,,Single carriageway - 2 lanes,30,Not at or within 20 metres of junction,unset,\,,Daylight: street lights present,Fine (without high winds),Dry,None,None,No overtaking,313250,672060,12231511,Segment,T.V.N.P.,361742,unset,EH288LU,No crossing facility within 50m or physical crossing facility not controlled by authorised person,No physical crossing facility within 50m,At scene
748110,,Slight,2,1,11/10/2010,Monday,11,October,10,13,15,230,Unclassified,,Single carriageway - 2 lanes,30,Not at or within 20 metres of junction,unset,\,,Daylight: street lights present,Fine (without high winds),Dry,None,None,No overtaking,326130,672800,532717,Junction,Cyclist,361743,unset,EH89LS,No crossing facility within 50m or physical crossing facility not controlled by authorised person,No physical crossing facility within 50m,Elsewhere
749710,,Slight,2,1,13/10/2010,Wednesday,13,October,10,0,40,230,C,,Single carriageway - 2 lanes,30,Not at or within 20 metres of junction,unset,\,,Darkness: street lights present and lit,Fine (without high winds),Dry,None,None,No overtaking,326470,671880,563092,Segment,Cyclist,361744,unset,EH91SX,No crossing facility within 50m or physical crossing facility not controlled by authorised person,No physical crossing facility within 50m,At scene
751910,,Slight,2,1,14/10/2010,Thursday,14,October,10,7,0,230,A,8,Dual carriageway - 2 lanes,40,Not at or within 20 metres of junction,unset,\,,Daylight: street lights present,Fine (without high winds),Dry,None,None,No overtaking,312600,672690,550791,Segment,T.V.N.P.,361745,unset,EH288SY,No crossing facility within 50m or physical crossing facility not controlled by authorised person,No physical crossing facility within 50m,At scene
752110,,Slight,2,1,14/10/2010,Thursday,14,October,10,7,30,230,Unclassified,,Single carriageway - 2 lanes,30,Not at or within 20 metres of junction,unset,\,,Daylight: no street lighting,Fine (without high winds),Dry,None,None,No overtaking,328940,669520,12219685,Segment,T.V.N.P.,361746,unset,EH177EU,No crossing facility within 50m or physical crossing facility not controlled by authorised person,No physical crossing facility within 50m,At scene
752210,,Slight,2,1,13/10/2010,Wednesday,13,October,10,13,0,230,A,6106,Single carriageway - 2 lanes,30,Roundabout,Give way sign or markings,A,1,Daylight: street lights present,Fine (without high winds),Dry,None,None,No overtaking,330350,672820,12225153,Junction,Cyclist,361747,unset,EH153AS,Control by other authorised person,Pedestrian phase at traffic signal junction,At scene
753210,,Slight,2,1,14/10/2010,Thursday,14,October,10,19,45,230,C,,Single carriageway - 2 lanes,30,'T' or staggered junction,Give way sign or markings,Unclassified,,Darkness: street lights present and lit,Fine (without high winds),Dry,None,None,No overtaking,328570,672700,523701,Junction,T.V.N.P.,361748,unset,EH153PX,No crossing facility within 50m or physical crossing facility not controlled by authorised person,No physical crossing facility within 50m,At scene
754610,,Slight,2,1,14/10/2010,Thursday,14,October,10,16,50,230,C,,Single carriageway - 2 lanes,30,'T' or staggered junction,Give way sign or markings,Unclassified,,Daylight: street lights present,Fine (without high winds),Dry,None,None,No overtaking,326890,670680,529870,Junction,Cyclist,361749,unset,EH93JF,No crossing facility within 50m or physical crossing facility not controlled by authorised person,No physical crossing facility within 50m,Elsewhere
754710,,Slight,2,1,15/10/2010,Friday,15,October,10,16,40,230,Unclassified,,Single carriageway - 2 lanes,30,'T' or staggered junction,Give way sign or markings,A,902,Daylight: street lights present,Fine (without high winds),Dry,None,None,No overtaking,322740,675470,0,Unset,Cyclist,361750,unset,EH42PS,No crossing facility within 50m or physical crossing facility not controlled by authorised person,No physical crossing facility within 50m,Elsewhere
754810,,Slight,2,1,15/10/2010,Friday,15,October,10,15,7,230,A,900,Dual carriageway - 2 lanes,30,Not at or within 20 metres of junction,unset,\,,Daylight: street lights present,Fine (without high winds),Dry,None,None,No overtaking,326050,674410,558575,Segment,T.V.N.P.,361751,unset,EH13JT,Control by other authorised person,Pedestrian phase at traffic signal junction,Elsewhere
755810,,Slight,2,1,15/10/2010,Friday,15,October,10,20,40,230,A,199,Single carriageway - 2 lanes,30,Not at or within 20 metres of junction,unset,\,,Darkness: no street lighting,Fine (without high winds),Dry,None,None,No overtaking,329170,675580,563287,Segment,Cyclist,361752,unset,EH151TB,No crossing facility within 50m or physical crossing facility not controlled by authorised person,No physical crossing facility within 50m,Elsewhere
756010,,Slight,1,1,15/10/2010,Friday,15,October,10,12,40,230,C,,Single carriageway - 2 lanes,30,Not at or within 20 metres of junction,unset,\,,Daylight: street lights present,Fine (without high winds),Dry,None,None,No overtaking,324900,672750,554759,Segment,Pedestrian,361753,unset,EH39NB,Control by other authorised person,Central refuge - no other controls,Elsewhere