acc_ref,beat_no,severity,no_vehicle,no_casualt,a_date,a_day,a_date_day,a_date_mon,a_date_yr,a_time_hr,a_time_min,loc_auth,road1_class,road1_no,road_type,speed_limi,junc_det,junc_ctrl,road2_class,road2_no,light_cond,weather,road_surf,spec_cond,cway_hzrds,ovrtk_patrn,easting,northing,net_id,net_type,acc_type,text_id,division,Postcode,ped_xing_hc,ped_xing_p,place_reported
758210,,Slight,2,1,16/10/2010,Saturday,16,October,10,1,7,230,Unclassified,,Single carriageway - 2 lanes,40,Not at or within 20 metres of junction,unset,\,,Daylight: street lights present,Fine (without high winds),Dry,None,None,No overtaking,329970,674280,554057,Segment,T.V.N.P.,361754,unset,EH76XD,No crossing facility within 50m or physical crossing facility not controlled by authorised person,No physical crossing facility within 50m,At scene
759010,,Slight,1,1,17/10/2010,Sunday,17,October,10,11,20,230,Unclassified,,Single carriageway - 2 lanes,30,Not at or within 20 metres of junction,unset,\,,Daylight: street lights present,Fine (without high winds),Dry,None,None,No overtaking,318610,670940,0,Unset,S.V.N.P.,361755,unset,EH114DW,No crossing facility within 50m or physical crossing facility not controlled by authorised person,No physical crossing facility within 50m,At scene
759110,,Serious,1,1,17/10/2010,Sunday,17,October,10,1,45,230,C,,Single carriageway - 2 lanes,30,'T' or staggered junction,Automatic Traffic Signal,Unclassified,,Darkness: street lights present and lit,Fine (without high winds),Dry,None,None,No overtaking,324750,673010,521433,Junction,Pedestrian,361756,unset,EH39PU,Control by other authorised person,Pedestrian phase at traffic signal junction,At scene
759310,,Slight,2,4,18/10/2010,Monday,18,October,10,3,14,230,A,8,Single carriageway - 2 lanes,30,'T' or staggered junction,Give way sign or markings,Unclassified,,Darkness: street lights present and lit,Fine (without high winds),Dry,None,None,No overtaking,322610,673210,521277,Junction,T.V.N.P.,361757,unset,EH126DE,No crossing facility within 50m or physical crossing facility not controlled by authorised person,No physical crossing facility within 50m,At scene
760010,,Slight,2,1,17/10/2010,Sunday,17,October,10,20,15,230,A,720,Dual carriageway - 2 lanes,70,Not at or within 20 metres of junction,unset,\,,Darkness: street lights present and lit,Fine (without high winds),Dry,None,None,No overtaking,319870,669450,2578907,Segment,T.V.N.P.,361758,unset,EH143BT,No crossing facility within 50m or physical crossing facility not controlled by authorised person,No physical crossing facility within 50m,At scene
760810,,Slight,1,3,16/10/2010,Saturday,16,October,10,14,20,230,B,1350,Single carriageway - 2 lanes,30,Not at or within 20 metres of junction,unset,\,,Daylight: street lights present,Fine (without high winds),Dry,None,None,No overtaking,326860,674470,557686,Segment,Bus,361759,unset,EH75EJ,No crossing facility within 50m or physical crossing facility not controlled by authorised person,No physical crossing facility within 50m,At scene
762510,,Slight,1,1,18/10/2010,Monday,18,October,10,15,59,230,C,,Single carriageway - 2 lanes,30,Not at or within 20 metres of junction,unset,\,,Daylight: no street lighting,Fine (without high winds),Dry,None,None,No overtaking,325030,674380,566423,Segment,Pedestrian,361760,unset,EH36TF,No crossing facility within 50m or physical crossing facility not controlled by authorised person,No physical crossing facility within 50m,At scene
762710,,Slight,2,1,19/10/2010,Tuesday,19,October,10,9,0,230,Unclassified,,Single carriageway - 2 lanes,30,Crossroads,Give way sign or markings,Unclassified,,Daylight: street lighting unknown,Fine (without high winds),Dry,None,None,No overtaking,325560,671710,529444,Junction,Cyclist,361761,unset,EH92DP,Control by other authorised person,Central refuge - no other controls,Elsewhere
763010,,Slight,2,1,18/10/2010,Monday,18,October,10,21,52,230,Unclassified,,Single carriageway - 2 lanes,30,'T' or staggered junction,Give way sign or markings,A,702,Daylight: no street lighting,Fine (without high winds),Dry,None,None,No overtaking,324860,672480,533317,Junction,Cyclist,361762,unset,EH104EX,Control by other authorised person,Pedestrian phase at traffic signal junction,At scene
763210,,Slight,1,1,19/10/2010,Tuesday,19,October,10,8,54,230,A,8,Dual carriageway - 2 lanes,20,Not at or within 20 metres of junction,unset,\,,Daylight: no street lighting,Fine (without high winds),Dry,None,None,No overtaking,325500,673910,551196,Segment,Bus,361763,unset,EH22DF,No crossing facility within 50m or physical crossing facility not controlled by authorised person,Pedestrian phase at traffic signal junction,At scene
765010,,Slight,1,1,19/10/2010,Tuesday,19,October,10,23,30,230,A,700,Single carriageway - 2 lanes,30,Not at or within 20 metres of junction,unset,\,,Darkness: street lights present and lit,Fine (without high winds),Dry,None,None,No overtaking,325000,672900,559610,Segment,Pedestrian,361764,unset,EH39JH,No crossing facility within 50m or physical crossing facility not controlled by authorised person,No physical crossing facility within 50m,At scene
765310,,Slight,2,1,20/10/2010,Wednesday,20,October,10,8,40,230,C,,Roundabout,30,Roundabout,Give way sign or markings,C,,Daylight: street lights present,Fine (without high winds),Dry,None,None,No overtaking,325990,674370,520602,Junction,Cyclist,361765,unset,EH13JT,Control by other authorised person,"Pelican, puffin, toucan or similar non-junction pedestrian light crossing",At scene
765510,,Slight,3,2,20/10/2010,Wednesday,20,October,10,8,30,230,C,,Single carriageway - 2 lanes,30,Not at or within 20 metres of junction,unset,\,,Daylight: street lights present,Fine (without high winds),Dry,None,None,No overtaking,324970,674100,566753,Segment,M.V.N.P.,361766,unset,EH23NS,No crossing facility within 50m or physical crossing facility not controlled by authorised person,No physical crossing facility within 50m,At scene
767810,,Slight,1,2,20/10/2010,Wednesday,20,October,10,12,0,230,Unclassified,,Single carriageway - 2 lanes,30,Not at or within 20 metres of junction,unset,\,,Daylight: street lights present,Fine (without high winds),Dry,None,None,No overtaking,322860,675640,563670,Segment,Pedestrian,361767,unset,EH42PP,No crossing facility within 50m or physical crossing facility not controlled by authorised person,No physical crossing facility within 50m,Elsewhere
768210,,Slight,2,1,21/10/2010,Thursday,21,October,10,13,45,230,C,,Single carriageway - 2 lanes,30,'T' or staggered junction,Give way sign or markings,Unclassified,,Daylight: street lights present,Fine (without high winds),Dry,None,None,No overtaking,327450,675770,519523,Junction,T.V.N.P.,361768,unset,EH67ES,No crossing facility within 50m or physical crossing facility not controlled by authorised person,No physical crossing facility within 50m,Elsewhere
769010,,Slight,2,1,21/10/2010,Thursday,21,October,10,10,55,230,C,,Single carriageway - 2 lanes,30,Other junction,Automatic Traffic Signal,Unclassified,,Daylight: street lights present,Fine (without high winds),Dry,None,None,No overtaking,324390,672520,522336,Junction,T.V.N.P.,361769,unset,EH39PG,No crossing facility within 50m or physical crossing facility not controlled by authorised person,No physical crossing facility within 50m,At scene
769110,,Slight,1,1,21/10/2010,Thursday,21,October,10,20,10,230,A,7,Single carriageway - 2 lanes,30,Crossroads,Automatic Traffic Signal,Unclassified,,Darkness: street lights present and lit,Fine (without high winds),Dry,None,None,No overtaking,326130,673100,521568,Junction,Bus,361770,unset,EH89BZ,No crossing facility within 50m or physical crossing facility not controlled by authorised person,No physical crossing facility within 50m,At scene
769310,,Serious,1,1,22/10/2010,Friday,22,October,10,3,15,230,C,,Single carriageway - 2 lanes,30,Crossroads,Automatic Traffic Signal,B,901,Darkness: street lights present and lit,Raining (without high winds),Dry,None,None,No overtaking,325920,674380,520605,Junction,Pedestrian,361771,unset,EH13JG,Control by other authorised person,Pedestrian phase at traffic signal junction,At scene
769410,,Slight,2,1,22/10/2010,Friday,22,October,10,2,15,230,B,901,Single carriageway - 2 lanes,30,'T' or staggered junction,Give way sign or markings,Unclassified,,Darkness: street lights present and lit,Raining (without high winds),Dry,None,None,No overtaking,325810,674560,520194,Junction,Cyclist,361772,unset,EH13SB,Control by other authorised person,Pedestrian phase at traffic signal junction,At scene
770010,,Slight,1,1,20/10/2010,Wednesday,20,October,10,8,25,230,Unclassified,,Single carriageway - 2 lanes,30,Other junction,Give way sign or markings,Unclassified,,Daylight: street lights present,Fine (without high winds),Dry,None,None,No overtaking,324370,669990,532888,Junction,S.V.N.P.,361773,unset,EH106LG,No crossing facility within 50m or physical crossing facility not controlled by authorised person,No physical crossing facility within 50m,At scene
770810,,Slight,2,1,22/10/2010,Friday,22,October,10,7,15,230,A,90,Dual carriageway - 2 lanes,70,Not at or within 20 metres of junction,unset,\,,Darkness: no street lighting,Raining (without high winds),Dry,None,None,No overtaking,317670,675680,555435,Segment,T.V.N.P.,361774,unset,EH46DT,No crossing facility within 50m or physical crossing facility not controlled by authorised person,No physical crossing facility within 50m,At scene
771510,,Slight,2,2,22/10/2010,Friday,22,October,10,6,50,230,Unclassified,,Single carriageway - 2 lanes,30,Crossroads,Automatic Traffic Signal,Unclassified,,Darkness: street lights present and lit,Fine (without high winds),Dry,None,None,No overtaking,323510,671560,522276,Junction,T.V.N.P.,361775,unset,EH111NW,Control by other authorised person,Pedestrian phase at traffic signal junction,At scene
774910,,Slight,1,1,17/10/2010,Sunday,17,October,10,19,45,230,A,720,Single carriageway - 3 lanes,70,Not at or within 20 metres of junction,unset,\,,Darkness: street lighting unknown,Fine (without high winds),Dry,None,None,No overtaking,329130,667200,2579169,Segment,Pedestrian,361776,unset,EH178SD,No crossing facility within 50m or physical crossing facility not controlled by authorised person,No physical crossing facility within 50m,Elsewhere
775210,,Serious,1,1,23/10/2010,Saturday,23,October,10,14,10,230,Unclassified,,Single carriageway - 2 lanes,30,Not at or within 20 metres of junction,unset,\,,Daylight: street lights present,Fine (without high winds),Dry,None,None,No overtaking,322260,675630,563950,Segment,Pedestrian,361777,unset,EH44AJ,Control by other authorised person,Pedestrian phase at traffic signal junction,At scene
776610,,Slight,2,1,24/10/2010,Sunday,24,October,10,10,25,230,Unclassified,,Single carriageway - 2 lanes,30,'T' or staggered junction,Give way sign or markings,Unclassified,,Daylight: no street lighting,Fine (without high winds),Dry,None,None,No overtaking,313970,677940,12230493,Junction,T.V.N.P.,361778,unset,EH309JS,No crossing facility within 50m or physical crossing facility not controlled by authorised person,No physical crossing facility within 50m,At scene
777110,,Slight,2,1,24/10/2010,Sunday,24,October,10,15,10,230,B,6415,Single carriageway - 2 lanes,30,Not at or within 20 metres of junction,unset,\,,Daylight: no street lighting,Fine (without high winds),Dry,None,None,No overtaking,331300,673490,563397,Segment,T.V.N.P.,361779,unset,EH152EX,No crossing facility within 50m or physical crossing facility not controlled by authorised person,No physical crossing facility within 50m,At scene
778310,,Serious,1,1,25/10/2010,Monday,25,October,10,8,0,230,Unclassified,,Single carriageway - 2 lanes,30,Not at or within 20 metres of junction,unset,\,,Daylight: street lights present,Fine (without high winds),Dry,None,None,No overtaking,327080,676510,563436,Segment,Bus,361780,unset,EH66RA,No crossing facility within 50m or physical crossing facility not controlled by authorised person,No physical crossing facility within 50m,At scene
780110,,Slight,2,1,25/10/2010,Monday,25,October,10,14,30,230,A,701,Single carriageway - 2 lanes,20,Crossroads,Give way sign or markings,Unclassified,,Daylight: street lights present,Fine (without high winds),Dry,None,None,No overtaking,326630,672020,522105,Junction,Cyclist,361781,unset,EH91RQ,No crossing facility within 50m or physical crossing facility not controlled by authorised person,No physical crossing facility within 50m,Elsewhere
780510,,Slight,2,1,22/10/2010,Friday,22,October,10,9,0,230,A,71,Single carriageway - 2 lanes,30,'T' or staggered junction,Give way sign or markings,Unclassified,,Daylight: no street lighting,Raining (without high winds),Dry,None,None,No overtaking,323040,672300,522009,Junction,T.V.N.P.,361782,unset,EH111TT,No crossing facility within 50m or physical crossing facility not controlled by authorised person,No physical crossing facility within 50m,Elsewhere
781810,,Slight,1,1,26/10/2010,Tuesday,26,October,10,16,10,230,C,,Single carriageway - 2 lanes,30,'T' or staggered junction,Automatic Traffic Signal,A,8,Daylight: street lights present,Unknown,Dry,None,None,No overtaking,325190,673830,521055,Junction,Pedestrian,361783,unset,EH22ER,Control by other authorised person,Pedestrian phase at traffic signal junction,At scene
782810,,Slight,2,2,26/10/2010,Tuesday,26,October,10,8,52,230,A,1,Single carriageway - 2 lanes,30,'T' or staggered junction,Give way sign or markings,Unclassified,,Daylight: street lights present,Unknown,Dry,None,None,No overtaking,330610,672890,532597,Junction,T.V.N.P.,350575,unset,EH151JJ,No crossing facility within 50m or physical crossing facility not controlled by authorised person,No physical crossing facility within 50m,Elsewhere
784110,,Slight,2,2,27/10/2010,Wednesday,27,October,10,3,45,230,A,720,Dual carriageway - 2 lanes,70,Not at or within 20 metres of junction,unset,\,,Darkness: no street lighting,Fine (without high winds),Dry,None,None,No overtaking,325300,667390,2588141,Segment,T.V.N.P.,361784,unset,EH107DUA,No crossing facility within 50m or physical crossing facility not controlled by authorised person,No physical crossing facility within 50m,At scene
786810,,Slight,1,1,27/10/2010,Wednesday,27,October,10,18,30,230,Unclassified,,Single carriageway - 2 lanes,30,'T' or staggered junction,Give way sign or markings,Unclassified,,Darkness: street lights present and lit,Raining (without high winds),Dry,None,None,No overtaking,327640,675090,519912,Junction,Bus,361785,unset,EH76BX,Control by other authorised person,"Pelican, puffin, toucan or similar non-junction pedestrian light crossing",At scene
787110,,Slight,1,1,27/10/2010,Wednesday,27,October,10,13,15,230,A,8,One way Street,30,Not at or within 20 metres of junction,unset,\,,Daylight: street lights present,Fine (without high winds),Dry,None,None,No overtaking,324160,673300,550631,Segment,Bus,361786,unset,EH125EA,Control by other authorised person,Pedestrian phase at traffic signal junction,At scene
787210,,Slight,1,1,18/09/2010,Saturday,18,September,10,16,50,230,Unclassified,,Single carriageway - 2 lanes,30,Not at or within 20 metres of junction,unset,\,,Daylight: no street lighting,Fine (without high winds),Dry,None,None,No overtaking,325520,671390,0,Unset,S.V.N.P.,365265,unset,EH92HF,No crossing facility within 50m or physical crossing facility not controlled by authorised person,No physical crossing facility within 50m,At scene
787910,,Serious,2,1,27/10/2010,Wednesday,27,October,10,11,30,230,C,,Single carriageway - 2 lanes,30,Not at or within 20 metres of junction,unset,\,,Daylight: no street lighting,Other,Dry,None,None,No overtaking,326460,671890,563092,Segment,Cyclist,361787,unset,EH91SS,No crossing facility within 50m or physical crossing facility not controlled by authorised person,No physical crossing facility within 50m,At scene
788010,,Slight,2,2,28/10/2010,Thursday,28,October,10,7,50,230,Unclassified,,Single carriageway - 2 lanes,30,'T' or staggered junction,Give way sign or markings,Unclassified,,Daylight: no street lighting,Fine (without high winds),Dry,None,None,No overtaking,323390,668950,533059,Junction,T.V.N.P.,361788,unset,EH139JA,Control by other authorised person,Central refuge - no other controls,At scene
789010,,Slight,2,1,08/10/2010,Friday,8,October,10,12,0,230,Unclassified,,One way Street,30,Other junction,Automatic Traffic Signal,C,,Daylight: street lights present,Fine (without high winds),Dry,None,None,No overtaking,325730,673130,521514,Junction,Bus,361789,unset,EH12QZ,Control by other authorised person,Pedestrian phase at traffic signal junction,At scene
791910,,Slight,1,1,28/10/2010,Thursday,28,October,10,13,53,230,Unclassified,,Single carriageway - 2 lanes,30,Crossroads,Give way sign or markings,Unclassified,,Daylight: street lights present,Fine (without high winds),Dry,None,None,No overtaking,326610,672040,522105,Junction,Bus,361790,unset,EH91SZ,Control by other authorised person,"Pelican, puffin, toucan or similar non-junction pedestrian light crossing",At scene
792110,,Slight,3,1,28/10/2010,Thursday,28,October,10,8,30,230,Unclassified,,Single carriageway - 2 lanes,30,'T' or staggered junction,Give way sign or markings,Unclassified,,Daylight: street lights present,Fine (without high winds),Dry,None,None,No overtaking,323380,668950,533059,Junction,M.V.N.P.,361791,unset,EH139NB,No crossing facility within 50m or physical crossing facility not controlled by authorised person,No physical crossing facility within 50m,At scene
793610,,Slight,2,1,28/10/2010,Thursday,28,October,10,9,40,230,A,90,Unknown,20,Not at or within 20 metres of junction,unset,\,,Daylight: no street lighting,Fine (without high winds),Dry,None,None,No overtaking,322370,674640,0,Unset,Cyclist,361792,unset,EH42LS,No crossing facility within 50m or physical crossing facility not controlled by authorised person,No physical crossing facility within 50m,At scene
794210,,Slight,2,1,29/10/2010,Friday,29,October,10,12,15,230,C,,Single carriageway - 3 lanes,70,'T' or staggered junction,Give way sign or markings,A,720,Daylight: no street lighting,Fine (without high winds),Dry,None,None,No overtaking,329210,667250,2579121,Junction,T.V.N.P.,361793,unset,EH178SD,No crossing facility within 50m or physical crossing facility not controlled by authorised person,No physical crossing facility within 50m,At scene
795010,,Slight,2,1,28/10/2010,Thursday,28,October,10,19,35,230,C,,Single carriageway - 2 lanes,30,Not at or within 20 metres of junction,unset,\,,Darkness: street lights present and lit,Fine (without high winds),Dry,None,None,No overtaking,326360,672110,563095,Segment,Cyclist,361794,unset,EH91PR,Control by other authorised person,Pedestrian phase at traffic signal junction,At scene
796510,,Slight,1,1,30/10/2010,Saturday,30,October,10,0,30,230,Unclassified,,One way Street,30,'T' or staggered junction,Give way sign or markings,Unclassified,,Darkness: street lights present and lit,Raining with high winds,Dry,None,None,No overtaking,324680,673640,0,Unset,Pedestrian,361795,unset,EH12AE,No crossing facility within 50m or physical crossing facility not controlled by authorised person,No physical crossing facility within 50m,Elsewhere
797910,,Serious,2,1,30/10/2010,Saturday,30,October,10,18,10,230,Unclassified,,Roundabout,30,Roundabout,Give way sign or markings,Unclassified,,Daylight: street lights present,Fine (without high winds),Dry,None,None,No overtaking,327910,674590,520323,Junction,T.V.N.P.,361796,unset,EH76AP,Control by other authorised person,"Pelican, puffin, toucan or similar non-junction pedestrian light crossing",At scene
799210,,Serious,1,1,31/10/2010,Sunday,31,October,10,12,55,230,A,720,Dual carriageway - 2 lanes,70,Not at or within 20 metres of junction,unset,\,,Darkness: no street lighting,Fine (without high winds),Dry,None,None,No overtaking,323620,667990,570546,Segment,S.V.N.P.,361797,unset,EH107DS,No crossing facility within 50m or physical crossing facility not controlled by authorised person,No physical crossing facility within 50m,At scene
800010,,Slight,1,1,31/10/2010,Sunday,31,October,10,19,55,230,Unclassified,,Dual carriageway - 2 lanes,30,Crossroads,Automatic Traffic Signal,Unclassified,,Darkness: street lights present and lit,Other,Dry,None,None,No overtaking,324580,673380,10254960,Junction,Bus,361798,unset,EH12DA,Control by other authorised person,Pedestrian phase at traffic signal junction,At scene
801710,,Slight,1,2,01/11/2010,Monday,1,November,10,9,25,230,A,701,Single carriageway - 2 lanes,30,Not at or within 20 metres of junction,unset,\,,Daylight: street lights present,Fine (without high winds),Dry,None,None,No overtaking,326980,671380,569339,Segment,Bus,361934,unset,EH165PF,No crossing facility within 50m or physical crossing facility not controlled by authorised person,No physical crossing facility within 50m,Elsewhere
802310,,Slight,2,1,01/11/2010,Monday,1,November,10,9,10,230,A,8,Dual carriageway - 2 lanes,40,Not at or within 20 metres of junction,unset,\,,Daylight: street lights present,Fine (without high winds),Dry,None,None,No overtaking,317850,672700,550637,Segment,T.V.N.P.,361935,unset,EH128LU,No crossing facility within 50m or physical crossing facility not controlled by authorised person,No physical crossing facility within 50m,At scene
803010,,Slight,2,1,02/11/2010,Tuesday,2,November,10,12,45,230,Unclassified,,Single carriageway - 2 lanes,30,Not at or within 20 metres of junction,unset,\,,Daylight: street lights present,Raining (without high winds),Dry,None,None,No overtaking,322380,669650,564818,Segment,T.V.N.P.,361936,unset,EH141DS,No crossing facility within 50m or physical crossing facility not controlled by authorised person,No physical crossing facility within 50m,At scene
804410,,Slight,2,1,01/11/2010,Monday,1,November,10,17,0,230,Unclassified,,Single carriageway - 2 lanes,30,Mini-roundabout,Give way sign or markings,Unclassified,,Darkness: street lights present and lit,Raining with high winds,Dry,None,None,No overtaking,322570,669810,532855,Junction,Cyclist,361937,unset,EH130PN,Control by other authorised person,"Pelican, puffin, toucan or similar non-junction pedestrian light crossing",At scene
804910,,Slight,2,2,30/10/2010,Saturday,30,October,10,11,45,230,Unclassified,,Single carriageway - 2 lanes,30,'T' or staggered junction,Give way sign or markings,Unclassified,,Daylight: street lights present,Fine (without high winds),Dry,None,None,No overtaking,330060,673760,529624,Junction,T.V.N.P.,361799,unset,EH151LU,No crossing facility within 50m or physical crossing facility not controlled by authorised person,No physical crossing facility within 50m,Elsewhere
805310,,Slight,2,2,01/11/2010,Monday,1,November,10,17,14,230,A,1,Dual carriageway - 2 lanes,40,Not at or within 20 metres of junction,unset,\,,Darkness: street lighting unknown,Unknown,Dry,None,None,No overtaking,331250,672560,552838,Segment,T.V.N.P.,361938,unset,EH153DR,No crossing facility within 50m or physical crossing facility not controlled by authorised person,No physical crossing facility within 50m,Elsewhere
805710,,Slight,2,1,02/11/2010,Tuesday,2,November,10,9,25,230,Unclassified,,Dual carriageway - 2 lanes,30,Using private drive or entrance,Give way sign or markings,Unclassified,,Daylight: street lights present,Fine (without high winds),Dry,None,None,No overtaking,318680,671500,12232522,Segment,T.V.N.P.,361939,unset,EH129EB,No crossing facility within 50m or physical crossing facility not controlled by authorised person,No physical crossing facility within 50m,At scene
806010,,Slight,2,1,01/11/2010,Monday,1,November,10,17,25,230,Unclassified,,Single carriageway - 2 lanes,30,Crossroads,Give way sign or markings,Unclassified,,Darkness: street lights present and lit,Raining (without high winds),Dry,None,None,No overtaking,324690,676750,0,Unset,T.V.N.P.,361940,unset,EH53JW,No crossing facility within 50m or physical crossing facility not controlled by authorised person,No physical crossing facility within 50m,At scene
806210,,Slight,1,1,02/11/2010,Tuesday,2,November,10,14,30,230,A,702,Single carriageway - 2 lanes,30,Crossroads,Automatic Traffic Signal,C,,Daylight: no street lighting,Other,Dry,None,None,No overtaking,324800,673200,521406,Junction,Pedestrian,361941,unset,EH39BE,No crossing facility within 50m or physical crossing facility not controlled by authorised person,Pedestrian phase at traffic signal junction,Elsewhere
806310,,Slight,1,2,02/11/2010,Tuesday,2,November,10,8,30,230,A,7,Single carriageway - 2 lanes,30,Not at or within 20 metres of junction,unset,\,,Daylight: street lights present,Fine (without high winds),Dry,None,None,No overtaking,326010,673370,569291,Segment,Pedestrian,361942,unset,EH11LS,Control by other authorised person,"Pelican, puffin, toucan or similar non-junction pedestrian light crossing",At scene
806810,,Slight,2,1,01/11/2010,Monday,1,November,10,21,40,230,Unclassified,,Single carriageway - 2 lanes,30,Not at or within 20 metres of junction,unset,\,,Daylight: street lights present,Fine (without high winds),Dry,None,None,No overtaking,326100,672900,560094,Segment,T.V.N.P.,361943,unset,EH89JN,No crossing facility within 50m or physical crossing facility not controlled by authorised person,No physical crossing facility within 50m,Elsewhere
808610,,Slight,2,1,03/11/2010,Wednesday,3,November,10,8,7,230,Unclassified,,Single carriageway - 2 lanes,30,'T' or staggered junction,Automatic Traffic Signal,Unclassified,,Daylight: no street lighting,Fine (without high winds),Dry,None,None,No overtaking,324310,668730,0,Unset,Cyclist,361944,unset,EH106QU,Control by other authorised person,Pedestrian phase at traffic signal junction,At scene
808710,,Slight,2,1,03/11/2010,Wednesday,3,November,10,7,25,230,A,8,Single carriageway - 2 lanes,30,'T' or staggered junction,Give way sign or markings,Unclassified,,Daylight: no street lighting,Fine (without high winds),Dry,None,None,No overtaking,314810,672470,532249,Junction,Cyclist,361945,unset,EH288NB,Control by other authorised person,Pedestrian phase at traffic signal junction,Elsewhere
809210,,Slight,3,1,31/10/2010,Sunday,31,October,10,14,4,230,Unclassified,,Single carriageway - 2 lanes,30,Not at or within 20 metres of junction,unset,\,,Daylight: no street lighting,Fine (without high winds),Dry,None,None,No overtaking,327380,669380,570761,Segment,M.V.N.P.,361800,unset,EH166JR,No crossing facility within 50m or physical crossing facility not controlled by authorised person,No physical crossing facility within 50m,At scene
810410,,Serious,2,1,04/11/2010,Thursday,4,November,10,8,0,230,C,,Single carriageway - 2 lanes,30,Not at or within 20 metres of junction,unset,\,,Daylight: street lights present,Raining (without high winds),Dry,None,None,No overtaking,328970,671130,553654,Segment,Cyclist,361946,unset,EH164SY,No crossing facility within 50m or physical crossing facility not controlled by authorised person,No physical crossing facility within 50m,At scene
811310,,Serious,2,1,11/08/2010,Wednesday,11,August,10,17,20,230,A,8,Roundabout,30,Roundabout,Automatic Traffic Signal,A,8,Daylight: street lights present,Fine (without high winds),Dry,None,None,No overtaking,317420,672640,9658446,Junction,Cyclist,350536,unset,EH128ND,No crossing facility within 50m or physical crossing facility not controlled by authorised person,No physical crossing facility within 50m,Elsewhere
811610,,Slight,1,1,04/11/2010,Thursday,4,November,10,12,0,230,C,,Single carriageway - 2 lanes,30,'T' or staggered junction,Automatic Traffic Signal,Unclassified,,Daylight: no street lighting,Raining with high winds,Dry,None,None,No overtaking,325380,673900,521049,Junction,Bus,361947,unset,EH22DF,No crossing facility within 50m or physical crossing facility not controlled by authorised person,No physical crossing facility within 50m,At scene
811810,,Slight,2,1,04/11/2010,Thursday,4,November,10,16,15,230,A,720,Dual carriageway - 2 lanes,70,Not at or within 20 metres of junction,unset,\,,Darkness: no street lighting,Raining with high winds,Dry,None,None,No overtaking,327950,666890,2579069,Segment,T.V.N.P.,361948,unset,EH178SD,No crossing facility within 50m or physical crossing facility not controlled by authorised person,No physical crossing facility within 50m,At scene
812310,,Slight,4,7,04/11/2010,Thursday,4,November,10,16,35,230,Motorway,9,Dual carriageway - 2 lanes,70,Not at or within 20 metres of junction,unset,\,,Darkness: no street lighting,Raining with high winds,Dry,None,None,No overtaking,312300,673260,562738,Segment,M.V.N.P.,361949,unset,EH299DZ,No crossing facility within 50m or physical crossing facility not controlled by authorised person,No physical crossing facility within 50m,At scene
812610,,Slight,2,1,04/11/2010,Thursday,4,November,10,22,0,230,A,900,Dual carriageway - 2 lanes,30,Not at or within 20 metres of junction,unset,\,,Darkness: street lights present and lit,Raining (without high winds),Dry,None,None,No overtaking,326179,674599,2599256,Segment,Bus,361950,unset,EH74AB,Control by other authorised person,"Pelican, puffin, toucan or similar non-junction pedestrian light crossing",At scene
813110,,Slight,2,1,04/11/2010,Thursday,4,November,10,9,50,230,A,70,Single carriageway - 2 lanes,30,'T' or staggered junction,Give way sign or markings,Unclassified,,Daylight: street lights present,Raining (without high winds),Dry,None,None,No overtaking,323720,672740,521793,Junction,Cyclist,361951,unset,EH112EF,Control by other authorised person,"Pelican, puffin, toucan or similar non-junction pedestrian light crossing",At scene
814710,,Slight,3,1,04/11/2010,Thursday,4,November,10,17,50,230,A,90,Single carriageway - 2 lanes,40,Not at or within 20 metres of junction,unset,\,,Darkness: street lighting unknown,Unknown,Dry,None,None,No overtaking,320610,675130,555471,Segment,M.V.N.P.,361952,unset,EH47AG,Control by other authorised person,Central refuge - no other controls,Elsewhere
815610,,Slight,3,1,05/11/2010,Friday,5,November,10,18,0,230,B,900,Single carriageway - 2 lanes,30,'T' or staggered junction,Give way sign or markings,Unclassified,,Darkness: street lights present and lit,Raining (without high winds),Dry,None,None,No overtaking,324360,674670,520107,Junction,M.V.N.P.,361953,unset,EH41JF,No crossing facility within 50m or physical crossing facility not controlled by authorised person,No physical crossing facility within 50m,At scene
816310,,Slight,2,1,06/11/2010,Saturday,6,November,10,1,35,230,A,900,Single carriageway - 2 lanes,30,Crossroads,Automatic Traffic Signal,A,900,Darkness: street lights present and lit,Fine (without high winds),Dry,None,None,No overtaking,326980,675900,522483,Junction,T.V.N.P.,361954,unset,EH68HQ,Control by other authorised person,Pedestrian phase at traffic signal junction,At scene
817110,,Slight,2,1,05/11/2010,Friday,5,November,10,22,20,230,Unclassified,,Single carriageway - 2 lanes,30,Crossroads,Automatic Traffic Signal,A,70,Darkness: street lights present and lit,Raining (without high winds),Dry,None,None,No overtaking,320580,669070,532906,Junction,T.V.N.P.,361955,unset,EH130NJ,Control by other authorised person,Pedestrian phase at traffic signal junction,At scene
817710,,Slight,4,1,05/11/2010,Friday,5,November,10,18,30,230,A,90,Dual carriageway - 2 lanes,30,Other junction,Automatic Traffic Signal,A,902,Darkness: street lights present and lit,Raining (without high winds),Dry,None,None,No overtaking,321530,674930,520029,Junction,M.V.N.P.,361956,unset,EH42AQ,Control by other authorised person,Pedestrian phase at traffic signal junction,Elsewhere