acc_ref,beat_no,severity,no_vehicle,no_casualt,a_date,a_day,a_date_day,a_date_mon,a_date_yr,a_time_hr,a_time_min,loc_auth,road1_class,road1_no,road_type,speed_limi,junc_det,junc_ctrl,road2_class,road2_no,light_cond,weather,road_surf,spec_cond,cway_hzrds,ovrtk_patrn,easting,northing,net_id,net_type,acc_type,text_id,division,Postcode,ped_xing_hc,ped_xing_p,place_reported
860110,,Slight,1,1,20/11/2010,Saturday,20,November,10,12,30,230,A,8,Dual carriageway - 2 lanes,30,'T' or staggered junction,Automatic Traffic Signal,Unclassified,,Daylight: street lights present,Raining (without high winds),Dry,None,Other object in carriageway,No overtaking,324980,673760,520938,Junction,Cyclist,362026,unset,EH24AA,Control by other authorised person,"Pelican, puffin, toucan or similar non-junction pedestrian light crossing",Elsewhere
860910,,Slight,2,1,21/10/2010,Thursday,21,October,10,17,35,230,A,199,Dual carriageway - 2 lanes,30,Crossroads,Automatic Traffic Signal,A,199,Darkness: street lights present and lit,Unknown,Dry,None,None,No overtaking,327250,676450,519262,Junction,T.V.N.P.,361803,unset,EH66PW,Control by other authorised person,Pedestrian phase at traffic signal junction,Elsewhere
861910,,Slight,1,1,20/11/2010,Saturday,20,November,10,3,20,230,A,900,Dual carriageway - 2 lanes,30,Other junction,Give way sign or markings,Unclassified,,Darkness: street lights present and lit,Fine (without high winds),Dry,None,None,No overtaking,326080,674450,520665,Junction,Pedestrian,362027,unset,EH13NQ,No crossing facility within 50m or physical crossing facility not controlled by authorised person,Pedestrian phase at traffic signal junction,At scene
863510,,Serious,1,2,22/11/2010,Monday,22,November,10,16,15,230,Unclassified,,Single carriageway - 2 lanes,30,'T' or staggered junction,Authorised Person,A,7,Darkness: street lights present and lit,Raining (without high winds),Dry,None,None,No overtaking,329740,669470,530233,Junction,S.V.N.P.,362028,unset,EH164SP,No crossing facility within 50m or physical crossing facility not controlled by authorised person,No physical crossing facility within 50m,At scene
864010,,Slight,1,1,21/11/2010,Sunday,21,November,10,23,40,230,Unclassified,,Single carriageway - 2 lanes,30,Not at or within 20 metres of junction,unset,\,,Darkness: street lights present and lit,Raining (without high winds),Dry,None,None,No overtaking,320270,674130,565991,Segment,Pedestrian,362029,unset,EH126UW,No crossing facility within 50m or physical crossing facility not controlled by authorised person,No physical crossing facility within 50m,Elsewhere
865210,,Slight,2,1,22/11/2010,Monday,22,November,10,18,40,230,C,,Roundabout,40,Roundabout,Give way sign or markings,Unclassified,,Darkness: street lights present but unlit,Raining (without high winds),Dry,None,None,No overtaking,326020,674350,520653,Junction,T.V.N.P.,362030,unset,EH13JT,No crossing facility within 50m or physical crossing facility not controlled by authorised person,No physical crossing facility within 50m,Elsewhere
865510,,Slight,2,1,23/11/2010,Tuesday,23,November,10,10,0,230,Unclassified,,Single carriageway - 2 lanes,30,Not at or within 20 metres of junction,unset,\,,Daylight: street lights present,Fine (without high winds),Dry,None,None,No overtaking,318940,674670,551690,Segment,T.V.N.P.,362031,unset,EH48AT,No crossing facility within 50m or physical crossing facility not controlled by authorised person,No physical crossing facility within 50m,At scene
867410,,Slight,1,1,01/11/2010,Monday,1,November,10,10,0,230,Unclassified,,Single carriageway - 2 lanes,30,'T' or staggered junction,Automatic Traffic Signal,A,7,Daylight: street lights present,Fine (without high winds),Dry,None,None,No overtaking,325990,673420,521589,Junction,Pedestrian,362032,unset,EH11HR,Control by other authorised person,Pedestrian phase at traffic signal junction,Elsewhere
869810,,Slight,1,1,24/11/2010,Wednesday,24,November,10,16,39,230,Unclassified,,Single carriageway - 2 lanes,30,Not at or within 20 metres of junction,unset,\,,Darkness: street lights present and lit,Fine (without high winds),Dry,None,None,No overtaking,325020,675300,566864,Segment,Pedestrian,362033,unset,EH35JY,No crossing facility within 50m or physical crossing facility not controlled by authorised person,No physical crossing facility within 50m,At scene
869910,,Serious,1,1,12/11/2010,Friday,12,November,10,10,15,230,Unclassified,,Single carriageway - 2 lanes,30,Not at or within 20 metres of junction,unset,\,,Daylight: street lights present,Fine (without high winds),Dry,None,None,No overtaking,318560,675040,557187,Segment,S.V.N.P.,362034,unset,EH46BU,No crossing facility within 50m or physical crossing facility not controlled by authorised person,No physical crossing facility within 50m,At scene
870110,,Slight,3,1,24/11/2010,Wednesday,24,November,10,9,38,230,C,,Single carriageway - 2 lanes,30,'T' or staggered junction,Automatic Traffic Signal,B,901,Daylight: street lights present,Fine (without high winds),Dry,None,None,No overtaking,325910,674380,520605,Junction,M.V.N.P.,362035,unset,EH13JG,Control by other authorised person,Pedestrian phase at traffic signal junction,Elsewhere
870310,,Slight,1,1,24/11/2010,Wednesday,24,November,10,15,55,230,Unclassified,,Single carriageway - 2 lanes,30,Not at or within 20 metres of junction,unset,\,,Darkness: street lights present and lit,Fine (without high winds),Dry,None,None,No overtaking,326940,675850,522318,Junction,Bus,362036,unset,EH68LN,No crossing facility within 50m or physical crossing facility not controlled by authorised person,No physical crossing facility within 50m,At scene
870910,,Slight,2,1,24/11/2010,Wednesday,24,November,10,16,45,230,A,702,Single carriageway - 2 lanes,40,Using private drive or entrance,Give way sign or markings,Unclassified,,Daylight: street lights present,Fine (without high winds),Dry,None,None,No overtaking,324950,667310,548922,Segment,T.V.N.P.,362037,unset,EH107DUA,No crossing facility within 50m or physical crossing facility not controlled by authorised person,No physical crossing facility within 50m,At scene
875210,,Slight,1,1,26/11/2010,Friday,26,November,10,16,10,230,A,71,Single carriageway - 2 lanes,30,Not at or within 20 metres of junction,unset,\,,Darkness: street lights present and lit,Fine (without high winds),Dry,None,None,No overtaking,321560,671460,549800,Segment,Pedestrian,362038,unset,EH113LW,Control by other authorised person,Zebra crossing,At scene
876610,,Slight,1,1,22/11/2010,Monday,22,November,10,8,15,230,Unclassified,,Single carriageway - 2 lanes,30,'T' or staggered junction,Give way sign or markings,C,,Daylight: street lights present,Unknown,Dry,None,None,No overtaking,322810,676470,519160,Junction,Pedestrian,362039,unset,EH52LY,No crossing facility within 50m or physical crossing facility not controlled by authorised person,No physical crossing facility within 50m,At scene
877010,,Slight,1,1,24/11/2010,Wednesday,24,November,10,17,45,230,Unclassified,,Single carriageway - 2 lanes,30,'T' or staggered junction,Give way sign or markings,Unclassified,,Darkness: street lights present and lit,Fine (without high winds),Dry,None,None,No overtaking,326470,672730,532735,Junction,Pedestrian,362040,unset,EH89QY,Control by other authorised person,"Pelican, puffin, toucan or similar non-junction pedestrian light crossing",At scene
877210,,Slight,2,1,25/11/2010,Thursday,25,November,10,16,10,230,Unclassified,,Dual carriageway - 2 lanes,30,Not at or within 20 metres of junction,unset,\,,Darkness: street lights present and lit,Fine (without high winds),Dry,None,None,No overtaking,318720,671510,12232522,Segment,T.V.N.P.,362041,unset,EH129EB,No crossing facility within 50m or physical crossing facility not controlled by authorised person,No physical crossing facility within 50m,At scene
882810,,Slight,1,1,30/11/2010,Tuesday,30,November,10,18,15,230,A,900,Dual carriageway - 2 lanes,30,Not at or within 20 metres of junction,unset,\,,Daylight: no street lighting,Snowing (without high winds),Dry,None,None,No overtaking,326000,674290,520623,Junction,Pedestrian,362042,unset,EH13AA,No crossing facility within 50m or physical crossing facility not controlled by authorised person,No physical crossing facility within 50m,At scene
883410,,Slight,1,1,28/11/2010,Sunday,28,November,10,16,55,230,Unclassified,,Single carriageway - 2 lanes,30,'T' or staggered junction,Automatic Traffic Signal,A,702,Darkness: street lights present and lit,Snowing (without high winds),Dry,None,None,No overtaking,324740,673420,10254972,Junction,Bus,362043,unset,EH12DA,Control by other authorised person,Pedestrian phase at traffic signal junction,Elsewhere
890910,,Slight,1,1,02/12/2010,Thursday,2,December,10,20,30,230,A,901,Single carriageway - 2 lanes,30,Crossroads,Automatic Traffic Signal,A,900,Darkness: street lights present and lit,Snowing (without high winds),Dry,None,None,No overtaking,326940,675910,522483,Junction,Pedestrian,362219,unset,EH65HX,Control by other authorised person,Pedestrian phase at traffic signal junction,At scene
891010,,Slight,1,1,02/12/2010,Thursday,2,December,10,16,0,230,Unclassified,,Single carriageway - 2 lanes,30,Not at or within 20 metres of junction,unset,\,,Darkness: street lights present and lit,Snowing (without high winds),Dry,None,None,No overtaking,327790,668010,0,Unset,Pedestrian,362220,unset,EH178EP,No crossing facility within 50m or physical crossing facility not controlled by authorised person,No physical crossing facility within 50m,At scene
891310,,Slight,1,1,02/12/2010,Thursday,2,December,10,20,40,230,Motorway,8,Dual carriageway - 2 lanes,70,Not at or within 20 metres of junction,unset,\,,Darkness: no street lighting,Unknown,Dry,None,None,No overtaking,311100,671140,562639,Segment,S.V.N.P.,362221,unset,EH288LQ,No crossing facility within 50m or physical crossing facility not controlled by authorised person,No physical crossing facility within 50m,At scene
892110,,Slight,1,1,13/11/2010,Saturday,13,November,10,14,20,230,Unclassified,,Single carriageway - 2 lanes,40,Other junction,Give way sign or markings,Unclassified,,Daylight: no street lighting,Fine (without high winds),Dry,None,None,No overtaking,324480,676000,519187,Junction,Pedestrian,362044,unset,EH53QG,No crossing facility within 50m or physical crossing facility not controlled by authorised person,No physical crossing facility within 50m,At scene
893410,,Serious,2,1,03/12/2010,Friday,3,December,10,11,5,230,Unclassified,,Single carriageway - 2 lanes,40,Not at or within 20 metres of junction,unset,\,,Daylight: no street lighting,Other,Dry,None,None,No overtaking,330280,673590,554048,Segment,T.V.N.P.,362222,unset,EH152QA,No crossing facility within 50m or physical crossing facility not controlled by authorised person,No physical crossing facility within 50m,At scene
903610,,Slight,2,1,06/12/2010,Monday,6,December,10,11,30,230,B,900,Single carriageway - 2 lanes,30,Other junction,Give way sign or markings,Unclassified,,Daylight: no street lighting,Snowing (without high winds),Dry,None,None,No overtaking,324210,674700,520116,Junction,T.V.N.P.,362223,unset,EH41DS,No crossing facility within 50m or physical crossing facility not controlled by authorised person,No physical crossing facility within 50m,Elsewhere
903810,,Slight,2,1,06/12/2010,Monday,6,December,10,13,55,230,A,6095,Single carriageway - 2 lanes,30,Roundabout,Give way sign or markings,Unclassified,,Daylight: street lights present,Fine (without high winds),Dry,None,None,No overtaking,331050,671640,530053,Junction,T.V.N.P.,362224,unset,EH153HS,Control by other authorised person,"Pelican, puffin, toucan or similar non-junction pedestrian light crossing",Elsewhere
904110,,Slight,1,1,07/12/2010,Tuesday,7,December,10,8,50,230,A,720,Dual carriageway - 2 lanes,70,Not at or within 20 metres of junction,unset,\,,Daylight: no street lighting,Snowing (without high winds),Dry,None,None,No overtaking,320460,668550,570552,Segment,S.V.N.P.,362225,unset,EH146BA,No crossing facility within 50m or physical crossing facility not controlled by authorised person,No physical crossing facility within 50m,At scene
905310,,Slight,2,1,07/12/2010,Tuesday,7,December,10,12,10,230,A,902,Single carriageway - 2 lanes,30,Other junction,Automatic Traffic Signal,Unclassified,,Daylight: street lights present,Fine (without high winds),Dry,None,None,No overtaking,322460,674950,520062,Junction,T.V.N.P.,362226,unset,EH42LZ,No crossing facility within 50m or physical crossing facility not controlled by authorised person,No physical crossing facility within 50m,Elsewhere
907410,,Slight,2,1,07/12/2010,Tuesday,7,December,10,18,30,230,A,1,Dual carriageway - 2 lanes,40,Not at or within 20 metres of junction,unset,\,,Darkness: street lights present and lit,Other,Dry,None,None,No overtaking,331210,672820,552838,Segment,T.V.N.P.,362227,unset,EH153QH,No crossing facility within 50m or physical crossing facility not controlled by authorised person,No physical crossing facility within 50m,At scene
907610,,Slight,1,1,24/11/2010,Wednesday,24,November,10,16,40,230,Unclassified,,Single carriageway - 2 lanes,30,Not at or within 20 metres of junction,unset,\,,Darkness: street lights present and lit,Fine (without high winds),Dry,None,None,No overtaking,327670,674280,2306922,Segment,Pedestrian,362045,unset,EH76AA,No crossing facility within 50m or physical crossing facility not controlled by authorised person,No physical crossing facility within 50m,At scene
908610,,Slight,1,1,08/12/2010,Wednesday,8,December,10,23,0,230,Motorway,9,Dual carriageway - 2 lanes,50,Not at or within 20 metres of junction,unset,\,,Darkness: no street lighting,Other,Dry,None,None,No overtaking,311950,675300,562750,Segment,S.V.N.P.,362228,unset,EH299EG,No crossing facility within 50m or physical crossing facility not controlled by authorised person,No physical crossing facility within 50m,At scene
909010,,Slight,1,1,08/12/2010,Wednesday,8,December,10,13,33,230,C,,Single carriageway - 2 lanes,30,Crossroads,Automatic Traffic Signal,Unclassified,,Daylight: street lights present,Fine (without high winds),Dry,None,None,No overtaking,323350,674890,520071,Junction,Pedestrian,362229,unset,EH42HX,No crossing facility within 50m or physical crossing facility not controlled by authorised person,Pedestrian phase at traffic signal junction,At scene
909110,,Slight,2,1,07/12/2010,Tuesday,7,December,10,15,0,230,Unclassified,,Single carriageway - 2 lanes,30,Crossroads,Automatic Traffic Signal,A,6095,Daylight: street lights present,Other,Dry,None,None,No overtaking,330490,671740,530029,Junction,T.V.N.P.,362230,unset,EH164ND,Control by school crossing patrol,Pedestrian phase at traffic signal junction,At scene
911110,,Slight,2,1,08/12/2010,Wednesday,8,December,10,14,30,230,Unclassified,,Single carriageway - 2 lanes,30,Not at or within 20 metres of junction,unset,\,,Daylight: street lights present,Fine (without high winds),Dry,None,None,No overtaking,322530,672410,559248,Segment,Cyclist,362231,unset,EH112QW,No crossing facility within 50m or physical crossing facility not controlled by authorised person,No physical crossing facility within 50m,Elsewhere
911510,,Slight,1,1,08/12/2010,Wednesday,8,December,10,13,0,230,Motorway,9,Dual carriageway - 2 lanes,70,Not at or within 20 metres of junction,unset,\,,Daylight: no street lighting,Fine (without high winds),Dry,None,None,No overtaking,312230,673500,562714,Segment,S.V.N.P.,362232,unset,EH299EA,No crossing facility within 50m or physical crossing facility not controlled by authorised person,No physical crossing facility within 50m,At scene
916310,,Serious,1,1,08/12/2010,Wednesday,8,December,10,15,30,230,A,7,Single carriageway - 2 lanes,30,Other junction,Give way sign or markings,Unclassified,,Daylight: street lights present,Other,Dry,None,None,No overtaking,326030,673320,521586,Junction,Pedestrian,362233,unset,EH89DH,No crossing facility within 50m or physical crossing facility not controlled by authorised person,No physical crossing facility within 50m,At scene
916510,,Slight,3,3,18/09/2010,Saturday,18,September,10,14,0,230,A,90,Single carriageway - 2 lanes,30,'T' or staggered junction,Authorised Person,Unclassified,,Daylight: street lights present,Fine (without high winds),Dry,None,None,No overtaking,324400,673850,520899,Junction,M.V.N.P.,365266,unset,EH37PT,Control by other authorised person,Pedestrian phase at traffic signal junction,At scene
917410,,Slight,1,3,10/12/2010,Friday,10,December,10,16,15,230,A,903,Single carriageway - 2 lanes,30,'T' or staggered junction,Give way sign or markings,Unclassified,,Darkness: street lights present and lit,Fine (without high winds),Dry,None,None,No overtaking,324150,676910,519025,Junction,S.V.N.P.,362234,unset,EH51AJ,No crossing facility within 50m or physical crossing facility not controlled by authorised person,No physical crossing facility within 50m,At scene
917910,,Slight,1,1,05/12/2010,Sunday,5,December,10,13,30,230,Unclassified,,Single carriageway - 2 lanes,30,Not at or within 20 metres of junction,unset,\,,Daylight: street lights present,Fine (without high winds),Dry,None,None,No overtaking,319880,674400,565934,Segment,Pedestrian,362235,unset,EH47DT,No crossing facility within 50m or physical crossing facility not controlled by authorised person,No physical crossing facility within 50m,At scene
918110,,Slight,1,1,11/12/2010,Saturday,11,December,10,5,12,230,A,90,Single carriageway - 2 lanes,60,Not at or within 20 metres of junction,unset,\,,Daylight: street lights present,Fine (without high winds),Dry,None,None,No overtaking,318010,675240,555438,Segment,S.V.N.P.,362236,unset,EH46DZ,No crossing facility within 50m or physical crossing facility not controlled by authorised person,No physical crossing facility within 50m,Elsewhere
920610,,Slight,1,1,11/12/2010,Saturday,11,December,10,16,20,230,A,6095,Single carriageway - 2 lanes,30,Not at or within 20 metres of junction,unset,\,,Darkness: street lights present and lit,Other,Dry,None,None,No overtaking,330640,671740,553840,Segment,Pedestrian,362237,unset,EH153QX,Control by other authorised person,Central refuge - no other controls,At scene
920910,,Serious,2,1,10/12/2010,Friday,10,December,10,21,25,230,A,8,Dual carriageway - 2 lanes,30,Not at or within 20 metres of junction,unset,\,,Darkness: street lights present and lit,Other,Dry,None,Other object in carriageway,No overtaking,325410,673880,551196,Segment,Cyclist,362238,unset,EH22DF,Control by other authorised person,Central refuge - no other controls,Elsewhere
922010,,Slight,1,1,13/11/2010,Saturday,13,November,10,2,30,230,C,,Single carriageway - 2 lanes,30,Not at or within 20 metres of junction,unset,\,,Darkness: street lights present and lit,Fine (without high winds),Dry,None,None,No overtaking,325590,673420,2106562,Segment,Pedestrian,362046,unset,EH11JX,No crossing facility within 50m or physical crossing facility not controlled by authorised person,No physical crossing facility within 50m,At scene
922710,,Slight,1,1,12/12/2010,Sunday,12,December,10,14,40,230,A,900,Single carriageway - 2 lanes,30,Other junction,Give way sign or markings,Unclassified,,Daylight: no street lighting,Fine (without high winds),Dry,None,None,No overtaking,326710,675400,519885,Junction,Pedestrian,362239,unset,EH68NY,No crossing facility within 50m or physical crossing facility not controlled by authorised person,Pedestrian phase at traffic signal junction,At scene
925810,,Serious,1,1,13/12/2010,Monday,13,December,10,10,40,230,A,701,Single carriageway - 2 lanes,30,Other junction,Give way sign or markings,Unclassified,,Daylight: street lights present,Fine (without high winds),Dry,None,None,No overtaking,326990,671360,529606,Junction,Pedestrian,362240,unset,EH165PF,Control by other authorised person,Central refuge - no other controls,At scene
925910,,Slight,2,1,13/12/2010,Monday,13,December,10,9,30,230,Unclassified,,Dual carriageway - 2 lanes,30,Not at or within 20 metres of junction,unset,\,,Daylight: no street lighting,Fine (without high winds),Dry,None,None,No overtaking,321530,676170,0,Unset,T.V.N.P.,362241,unset,EH44NZ,Control by other authorised person,Zebra crossing,At scene
926310,,Serious,2,1,13/12/2010,Monday,13,December,10,9,0,230,A,900,Single carriageway - 2 lanes,30,Crossroads,Automatic Traffic Signal,Unclassified,,Daylight: street lights present,Fine (without high winds),Dry,None,None,No overtaking,326230,674690,520260,Junction,Cyclist,362242,unset,EH74AE,Control by other authorised person,"Pelican, puffin, toucan or similar non-junction pedestrian light crossing",At scene
928810,,Slight,2,1,10/12/2010,Friday,10,December,10,7,30,230,Unclassified,,Dual carriageway - 2 lanes,30,Not at or within 20 metres of junction,unset,\,,Darkness: street lights present and lit,Other,Dry,None,Other object in carriageway,No overtaking,321320,676350,557297,Segment,T.V.N.P.,362244,unset,EH45EU,No crossing facility within 50m or physical crossing facility not controlled by authorised person,No physical crossing facility within 50m,At scene
928910,,Slight,1,1,14/12/2010,Tuesday,14,December,10,0,1,230,A,90,Dual carriageway - 2 lanes,70,Not at or within 20 metres of junction,unset,\,,Darkness: street lights present and lit,Fine (without high winds),Dry,None,None,No overtaking,312600,677490,555423,Segment,S.V.N.P.,362245,unset,EH309SS,No crossing facility within 50m or physical crossing facility not controlled by authorised person,No physical crossing facility within 50m,At scene
929110,,Slight,2,1,13/12/2010,Monday,13,December,10,11,0,230,Unclassified,,Single carriageway - 2 lanes,30,'T' or staggered junction,Give way sign or markings,Unclassified,,Daylight: street lights present,Fine (without high winds),Dry,None,None,No overtaking,320080,670730,0,Unset,T.V.N.P.,362246,unset,EH114QS,No crossing facility within 50m or physical crossing facility not controlled by authorised person,No physical crossing facility within 50m,Elsewhere
930410,,Slight,2,1,14/12/2010,Tuesday,14,December,10,12,38,230,Unclassified,,Single carriageway - 2 lanes,30,Not at or within 20 metres of junction,unset,\,,Daylight: street lights present,Fine (without high winds),Dry,None,None,No overtaking,327380,671180,564298,Segment,Cyclist,362247,unset,EH165PB,Control by other authorised person,"Pelican, puffin, toucan or similar non-junction pedestrian light crossing",At scene
934610,,Slight,3,1,15/12/2010,Wednesday,15,December,10,17,15,230,A,70,Single carriageway - 2 lanes,30,Not at or within 20 metres of junction,unset,\,,Daylight: street lights present,Other,Dry,None,None,No overtaking,324010,673020,521394,Junction,M.V.N.P.,362248,unset,EH112AY,No crossing facility within 50m or physical crossing facility not controlled by authorised person,No physical crossing facility within 50m,At scene
935210,,Serious,1,1,16/12/2010,Thursday,16,December,10,3,35,230,Unclassified,,Single carriageway - 2 lanes,30,'T' or staggered junction,Give way sign or markings,Unclassified,,Darkness: street lights present and lit,Fine (without high winds),Dry,None,None,No overtaking,325700,673300,521538,Junction,Pedestrian,362249,unset,EH11EY,No crossing facility within 50m or physical crossing facility not controlled by authorised person,No physical crossing facility within 50m,At scene
936710,,Slight,1,1,16/12/2010,Thursday,16,December,10,11,40,230,Unclassified,,One way Street,30,Roundabout,Give way sign or markings,Unclassified,,Daylight: street lights present,Fine (without high winds),Dry,None,None,No overtaking,315060,673270,6423418,Junction,Pedestrian,362250,unset,EH288NG,Control by other authorised person,Central refuge - no other controls,At scene
937210,,Slight,1,1,16/12/2010,Thursday,16,December,10,11,15,230,Unclassified,,Single carriageway - 2 lanes,30,'T' or staggered junction,Give way sign or markings,Unclassified,,Daylight: street lights present,Other,Dry,None,None,No overtaking,327830,668340,0,Unset,Pedestrian,362251,unset,EH166RP,No crossing facility within 50m or physical crossing facility not controlled by authorised person,No physical crossing facility within 50m,At scene
939010,,Serious,2,1,16/12/2010,Thursday,16,December,10,14,0,230,Unclassified,,Single carriageway - 2 lanes,30,'T' or staggered junction,Give way sign or markings,Unclassified,,Daylight: street lights present,Snowing (without high winds),Dry,None,None,No overtaking,322870,671770,522240,Junction,Bus,362252,unset,EH141NP,No crossing facility within 50m or physical crossing facility not controlled by authorised person,No physical crossing facility within 50m,At scene
939910,,Serious,2,1,11/12/2010,Saturday,11,December,10,0,10,230,A,71,Single carriageway - 2 lanes,30,Not at or within 20 metres of junction,unset,\,,Darkness: street lights present and lit,Fine (without high winds),Dry,None,None,No overtaking,322200,671790,549749,Segment,T.V.N.P.,362253,unset,EH113AA,No crossing facility within 50m or physical crossing facility not controlled by authorised person,No physical crossing facility within 50m,At scene
941610,,Slight,1,1,17/12/2010,Friday,17,December,10,10,45,230,A,1,Single carriageway - 2 lanes,30,Not at or within 20 metres of junction,unset,\,,Daylight: street lights present,Fine (without high winds),Dry,None,None,No overtaking,325860,674010,520638,Junction,Bus,362254,unset,EH88DL,Control by other authorised person,Pedestrian phase at traffic signal junction,At scene
942110,,Slight,1,1,17/12/2010,Friday,17,December,10,10,44,230,A,71,Dual carriageway - 2 lanes,40,'T' or staggered junction,Give way sign or markings,C,,Daylight: street lights present,Fine (without high winds),Dry,None,None,No overtaking,321190,671430,529534,Junction,S.V.N.P.,362255,unset,EH113PF,Control by other authorised person,"Pelican, puffin, toucan or similar non-junction pedestrian light crossing",At scene
944510,,Slight,2,1,06/12/2010,Monday,6,December,10,7,30,230,B,701,Single carriageway - 2 lanes,30,Not at or within 20 metres of junction,unset,\,,Daylight: street lights present,Snowing (without high winds),Dry,None,None,No overtaking,326080,667950,2105975,Segment,T.V.N.P.,362256,unset,EH166TJ,No crossing facility within 50m or physical crossing facility not controlled by authorised person,No physical crossing facility within 50m,At scene
948610,,Serious,1,1,17/12/2010,Friday,17,December,10,17,0,230,A,702,Single carriageway - 2 lanes,30,Not at or within 20 metres of junction,unset,\,,Darkness: street lights present and lit,Other,Dry,None,None,No overtaking,324790,673320,548964,Segment,Pedestrian,362257,unset,EH39AW,No crossing facility within 50m or physical crossing facility not controlled by authorised person,No physical crossing facility within 50m,At scene
948810,,Slight,1,2,19/12/2010,Sunday,19,December,10,18,10,230,A,8000,Single carriageway - 2 lanes,60,Not at or within 20 metres of junction,unset,\,,Darkness: no street lighting,Snowing (without high winds),Dry,None,None,No overtaking,313739,676460,0,Unset,S.V.N.P.,362258,unset,EH309SR,No crossing facility within 50m or physical crossing facility not controlled by authorised person,No physical crossing facility within 50m,At scene
950210,,Slight,1,1,18/12/2010,Saturday,18,December,10,13,30,230,A,71,Dual carriageway - 2 lanes,40,Not at or within 20 metres of junction,unset,\,,Daylight: street lights present,Fine (without high winds),Dry,None,None,No overtaking,320370,670960,562840,Segment,Bus,362259,unset,EH113TD,No crossing facility within 50m or physical crossing facility not controlled by authorised person,No physical crossing facility within 50m,Elsewhere
951910,,Slight,1,1,15/12/2010,Wednesday,15,December,10,11,0,230,A,8,Single carriageway - 2 lanes,30,Not at or within 20 metres of junction,unset,\,,Daylight: no street lighting,Snowing (without high winds),Dry,None,None,No overtaking,325740,673970,550541,Segment,Pedestrian,362260,unset,EH22EJ,No crossing facility within 50m or physical crossing facility not controlled by authorised person,No physical crossing facility within 50m,At scene
956310,,Slight,2,2,15/12/2010,Wednesday,15,December,10,9,30,230,Unclassified,,Dual carriageway - 2 lanes,30,Other junction,Give way sign or markings,Unclassified,,Daylight: no street lighting,Fine (without high winds),Dry,None,None,No overtaking,318340,673690,10303346,Junction,T.V.N.P.,362261,unset,EH128UD,Control by other authorised person,Pedestrian phase at traffic signal junction,At scene
956810,,Slight,2,2,22/12/2010,Wednesday,22,December,10,8,59,230,A,1,Single carriageway - 2 lanes,30,Multiple junction,Give way sign or markings,Unclassified,,Daylight: no street lighting,Snowing (without high winds),Dry,None,None,No overtaking,331070,672900,523755,Junction,T.V.N.P.,362262,unset,EH153AZ,Control by other authorised person,Pedestrian phase at traffic signal junction,At scene
959410,,Slight,2,2,22/12/2010,Wednesday,22,December,10,13,20,230,Unclassified,,Single carriageway - 2 lanes,30,Slip road,Give way sign or markings,Unclassified,,Daylight: street lights present,Fine (without high winds),Dry,None,None,No overtaking,320530,670740,0,Unset,T.V.N.P.,362263,unset,EH114SW,No crossing facility within 50m or physical crossing facility not controlled by authorised person,No physical crossing facility within 50m,Elsewhere
961610,,Serious,1,1,23/12/2010,Thursday,23,December,10,20,45,230,Unclassified,,One way Street,30,Multiple junction,Automatic Traffic Signal,A,8,Darkness: street lights present and lit,Fine (without high winds),Dry,None,None,No overtaking,324250,673340,521322,Junction,Pedestrian,362264,unset,EH38HX,Control by other authorised person,Pedestrian phase at traffic signal junction,At scene
961710,,Slight,1,1,23/12/2010,Thursday,23,December,10,6,10,230,A,720,Dual carriageway - 2 lanes,70,Slip road,Give way sign or markings,A,720,Darkness: no street lighting,Fine (without high winds),Dry,None,None,No overtaking,324530,667800,2588177,Junction,S.V.N.P.,362265,unset,EH107DS,No crossing facility within 50m or physical crossing facility not controlled by authorised person,No physical crossing facility within 50m,At scene
962310,,Slight,2,1,24/12/2010,Friday,24,December,10,5,27,230,Unclassified,,Single carriageway - 2 lanes,30,Not at or within 20 metres of junction,unset,\,,Darkness: street lights present and lit,Fine (without high winds),Dry,None,None,No overtaking,329720,674670,557545,Segment,T.V.N.P.,362266,unset,EH76TN,No crossing facility within 50m or physical crossing facility not controlled by authorised person,No physical crossing facility within 50m,At scene
963610,,Slight,2,1,24/12/2010,Friday,24,December,10,8,20,230,Unclassified,,Single carriageway - 2 lanes,40,Not at or within 20 metres of junction,unset,\,,Darkness: street lights present and lit,Fine (without high winds),Dry,None,None,No overtaking,331120,673300,554033,Segment,T.V.N.P.,362267,unset,EH152QA,No crossing facility within 50m or physical crossing facility not controlled by authorised person,No physical crossing facility within 50m,At scene
964410,,Slight,2,2,21/12/2010,Tuesday,21,December,10,15,35,230,C,,Single carriageway - 2 lanes,30,'T' or staggered junction,Give way sign or markings,Unclassified,,Darkness: street lights present and lit,Fine (without high winds),Dry,None,None,No overtaking,326870,674170,520695,Junction,T.V.N.P.,362268,unset,EH88EH,Control by other authorised person,No physical crossing facility within 50m,Elsewhere
964910,,Slight,1,1,24/12/2010,Friday,24,December,10,12,30,230,A,772,Single carriageway - 2 lanes,30,Not at or within 20 metres of junction,unset,\,,Daylight: street lights present,Fine (without high winds),Dry,None,None,No overtaking,329210,668720,569384,Segment,Bus,362269,unset,EH178QQ,No crossing facility within 50m or physical crossing facility not controlled by authorised person,No physical crossing facility within 50m,Elsewhere