acc_ref,beat_no,severity,no_vehicle,no_casualt,a_date,a_day,a_date_day,a_date_mon,a_date_yr,a_time_hr,a_time_min,loc_auth,road1_class,road1_no,road_type,speed_limi,junc_det,junc_ctrl,road2_class,road2_no,light_cond,weather,road_surf,spec_cond,cway_hzrds,ovrtk_patrn,easting,northing,net_id,net_type,acc_type,text_id,division,Postcode,ped_xing_hc,ped_xing_p,place_reported
64911,,Slight,2,1,26/01/2011,Wednesday,26,January,11,19,37,230,Unclassified,,Single carriageway - 2 lanes,40,'T' or staggered junction,Give way sign or markings,Unclassified,,Darkness: street lights present and lit,Fine (without high winds),Dry,None,None,No overtaking,312400,672540,12231700,Junction,T.V.N.P.,365452,unset,EH288PJ,No crossing facility within 50m or physical crossing facility not controlled by authorised person,No physical crossing facility within 50m,At scene
65211,,Slight,1,1,26/01/2011,Wednesday,26,January,11,17,0,230,Unclassified,,Single carriageway - 2 lanes,30,Not at or within 20 metres of junction,unset,\,,Darkness: street lights present and lit,Fine (without high winds),Dry,None,None,No overtaking,324270,672980,559245,Segment,Bus,365453,unset,EH38AX,Control by other authorised person,"Pelican, puffin, toucan or similar non-junction pedestrian light crossing",At scene
66511,,Fatal,2,3,26/01/2011,Wednesday,26,January,11,11,45,230,A,71,Single carriageway - 2 lanes,50,Not at or within 20 metres of junction,unset,\,,Daylight: no street lighting,Fine (without high winds),Dry,None,None,No overtaking,313460,668610,549671,Segment,T.V.N.P.,365454,unset,EH278ED,No crossing facility within 50m or physical crossing facility not controlled by authorised person,No physical crossing facility within 50m,At scene
66811,,Slight,1,1,27/01/2011,Thursday,27,January,11,0,4,230,A,900,Dual carriageway - 2 lanes,30,Not at or within 20 metres of junction,unset,\,,Darkness: street lights present and lit,Fine (without high winds),Dry,None,None,No overtaking,326050,674390,558509,Segment,Bus,365455,unset,EH13AA,Control by other authorised person,Pedestrian phase at traffic signal junction,Elsewhere
67211,,Slight,1,1,23/01/2011,Sunday,23,January,11,20,15,230,A,903,Single carriageway - 2 lanes,30,'T' or staggered junction,Give way sign or markings,Unclassified,,Darkness: street lights present and lit,Fine (without high winds),Dry,None,Any animal in carriagway (except riden hors,No overtaking,324160,676900,519025,Junction,S.V.N.P.,365456,unset,EH51AJ,No crossing facility within 50m or physical crossing facility not controlled by authorised person,No physical crossing facility within 50m,At scene
67711,,Slight,1,1,20/01/2011,Thursday,20,January,11,21,15,230,C,,Single carriageway - 2 lanes,30,Not at or within 20 metres of junction,unset,\,,Darkness: street lights present and lit,Fine (without high winds),Dry,None,None,No overtaking,323700,674400,560033,Segment,Pedestrian,365457,unset,EH41NY,No crossing facility within 50m or physical crossing facility not controlled by authorised person,No physical crossing facility within 50m,Elsewhere
68911,,Slight,1,1,27/01/2011,Thursday,27,January,11,13,5,230,A,702,Single carriageway - 2 lanes,30,Not at or within 20 metres of junction,unset,\,,Daylight: street lights present,Fine (without high winds),Dry,None,None,No overtaking,324530,671220,549087,Segment,Bus,365458,unset,EH104QT,No crossing facility within 50m or physical crossing facility not controlled by authorised person,No physical crossing facility within 50m,At scene
69211,,Slight,2,1,27/01/2011,Thursday,27,January,11,17,55,230,C,,Roundabout,30,Roundabout,Give way sign or markings,Unclassified,,Darkness: street lights present and lit,Other,Dry,None,None,No overtaking,326740,673920,521175,Junction,Cyclist,365459,unset,EH88BY,Control by other authorised person,Central refuge - no other controls,At scene
69611,,Fatal,1,1,01/01/2011,Saturday,1,January,11,4,20,230,A,900,Single carriageway - 2 lanes,30,'T' or staggered junction,Give way sign or markings,Unclassified,,Darkness: street lights present and lit,Fine (without high winds),Dry,None,None,No overtaking,326080,674450,520665,Junction,Pedestrian,365460,unset,EH13NQ,Control by other authorised person,"Pelican, puffin, toucan or similar non-junction pedestrian light crossing",At scene
70211,,Slight,3,2,28/01/2011,Friday,28,January,11,12,0,230,A,902,Single carriageway - 2 lanes,30,Not at or within 20 metres of junction,unset,\,,Daylight: street lights present,Fine (without high winds),Dry,None,None,No overtaking,321880,674880,563676,Segment,M.V.N.P.,365461,unset,EH42BA,No crossing facility within 50m or physical crossing facility not controlled by authorised person,No physical crossing facility within 50m,At scene
70311,,Slight,2,1,19/01/2011,Wednesday,19,January,11,19,0,230,Unclassified,,Single carriageway - 2 lanes,30,Other junction,Give way sign or markings,Unclassified,,Darkness: street lights present and lit,Fine (without high winds),Dry,None,None,No overtaking,330230,673180,523659,Junction,T.V.N.P.,365462,unset,EH151JS,Control by other authorised person,Central refuge - no other controls,At scene
70711,,Slight,1,1,28/01/2011,Friday,28,January,11,17,35,230,A,90,Single carriageway - 2 lanes,30,'T' or staggered junction,Automatic Traffic Signal,Unclassified,,Darkness: street lights present and lit,Fine (without high winds),Dry,None,None,No overtaking,324390,673860,520899,Junction,Pedestrian,365463,unset,EH37PT,Control by other authorised person,Pedestrian phase at traffic signal junction,Elsewhere
70811,,Serious,2,1,28/01/2011,Friday,28,January,11,14,29,230,Unclassified,,Single carriageway - 2 lanes,30,Not at or within 20 metres of junction,unset,\,,Daylight: street lights present,Fine (without high winds),Dry,None,None,No overtaking,326420,672860,558320,Segment,Cyclist,365464,unset,EH89QN,Control by other authorised person,"Pelican, puffin, toucan or similar non-junction pedestrian light crossing",At scene
71711,,Serious,1,1,30/01/2011,Sunday,30,January,11,2,0,230,Unclassified,,Single carriageway - 2 lanes,30,Not at or within 20 metres of junction,unset,\,,Darkness: street lights present and lit,Fine (without high winds),Dry,None,None,No overtaking,326209,674479,0,Unset,Pedestrian,365465,unset,EH75JH,No crossing facility within 50m or physical crossing facility not controlled by authorised person,No physical crossing facility within 50m,At scene
71811,,Serious,1,2,30/01/2011,Sunday,30,January,11,3,25,230,A,70,Single carriageway - 2 lanes,40,Not at or within 20 metres of junction,unset,\,,Darkness: street lights present and lit,Fine (without high winds),Dry,None,None,No overtaking,321400,670170,561799,Segment,S.V.N.P.,365466,unset,EH142LU,No crossing facility within 50m or physical crossing facility not controlled by authorised person,No physical crossing facility within 50m,At scene
73811,,Slight,2,4,30/01/2011,Sunday,30,January,11,15,35,230,Unclassified,,Single carriageway - 2 lanes,30,Other junction,Automatic Traffic Signal,Unclassified,,Daylight: street lights present,Fine (without high winds),Dry,Road works present,None,No overtaking,327940,674220,520755,Junction,T.V.N.P.,365467,unset,EH76AE,Control by other authorised person,Pedestrian phase at traffic signal junction,At scene
74911,,Serious,1,1,23/01/2011,Sunday,23,January,11,16,15,230,Unclassified,,Single carriageway - 2 lanes,30,Other junction,Give way sign or markings,Unclassified,,Daylight: street lighting unknown,Fine (without high winds),Dry,None,None,No overtaking,320240,669490,533239,Junction,Pedestrian,365468,unset,EH143AN,Control by other authorised person,"Pelican, puffin, toucan or similar non-junction pedestrian light crossing",Elsewhere
75211,,Slight,1,1,31/01/2011,Monday,31,January,11,13,0,230,A,901,Single carriageway - 2 lanes,30,Crossroads,Automatic Traffic Signal,Unclassified,,Daylight: street lights present,Fine (without high winds),Dry,None,None,No overtaking,326720,676180,531355,Junction,Bus,365469,unset,EH65LJ,Control by other authorised person,Pedestrian phase at traffic signal junction,At scene
77611,,Slight,2,1,31/01/2011,Monday,31,January,11,10,53,230,A,90,Dual carriageway - 2 lanes,50,Not at or within 20 metres of junction,unset,\,,Daylight: street lights present,Fine (without high winds),Dry,None,None,No overtaking,312840,677240,555417,Segment,T.V.N.P.,365470,unset,EH309SS,No crossing facility within 50m or physical crossing facility not controlled by authorised person,No physical crossing facility within 50m,At scene
79011,,Slight,1,1,31/01/2011,Monday,31,January,11,17,0,230,C,,Single carriageway - 2 lanes,30,Not at or within 20 metres of junction,unset,\,,Darkness: street lights present and lit,Fine (without high winds),Dry,None,None,No overtaking,324049,672240,554783,Segment,S.V.N.P.,365471,unset,EH111JS,No crossing facility within 50m or physical crossing facility not controlled by authorised person,No physical crossing facility within 50m,At scene
80411,,Serious,1,1,01/02/2011,Tuesday,1,February,11,18,0,230,B,701,Dual carriageway - 2 lanes,40,Not at or within 20 metres of junction,unset,\,,Darkness: street lights present and lit,Fine (without high winds),Dry,None,None,No overtaking,319440,670530,2305642,Segment,Pedestrian,345362,unset,EH114JZ,No crossing facility within 50m or physical crossing facility not controlled by authorised person,No physical crossing facility within 50m,At scene
80511,,Slight,2,1,31/01/2011,Monday,31,January,11,17,30,230,Unclassified,,Single carriageway - 2 lanes,30,'T' or staggered junction,Give way sign or markings,Unclassified,,Daylight: no street lighting,Fine (without high winds),Dry,None,None,No overtaking,320830,675440,519762,Junction,T.V.N.P.,365472,unset,EH45AB,Control by other authorised person,Pedestrian phase at traffic signal junction,At scene
80711,,Slight,1,1,01/02/2011,Tuesday,1,February,11,16,10,230,A,70,Single carriageway - 2 lanes,30,Not at or within 20 metres of junction,unset,\,,Daylight: no street lighting,Fine (without high winds),Dry,None,None,No overtaking,322420,671160,561769,Segment,Pedestrian,345363,unset,EH141PY,No crossing facility within 50m or physical crossing facility not controlled by authorised person,Central refuge - no other controls,At scene
80811,,Slight,1,1,02/02/2011,Wednesday,2,February,11,1,15,230,Unclassified,,Single carriageway - 2 lanes,30,Not at or within 20 metres of junction,unset,\,,Darkness: street lights present but unlit,Fine (without high winds),Dry,None,None,No overtaking,330510,671560,569117,Segment,S.V.N.P.,345364,unset,EH164ND,No crossing facility within 50m or physical crossing facility not controlled by authorised person,No physical crossing facility within 50m,At scene
81111,,Slight,1,1,01/02/2011,Tuesday,1,February,11,17,50,230,Unclassified,,Single carriageway - 2 lanes,30,Crossroads,Automatic Traffic Signal,C,,Daylight: no street lighting,Fine (without high winds),Dry,None,None,No overtaking,326640,671360,531451,Junction,Pedestrian,345365,unset,EH93AF,Control by other authorised person,Pedestrian phase at traffic signal junction,At scene
85011,,Serious,1,1,03/02/2011,Thursday,3,February,11,11,30,230,Unclassified,,Single carriageway - 2 lanes,30,Not at or within 20 metres of junction,unset,\,,Daylight: street lights present,Fine (without high winds),Dry,None,None,No overtaking,320060,670730,0,Unset,Pedestrian,345366,unset,EH114NP,No crossing facility within 50m or physical crossing facility not controlled by authorised person,No physical crossing facility within 50m,At scene
85511,,Slight,3,1,03/02/2011,Thursday,3,February,11,16,25,230,C,,Single carriageway - 2 lanes,30,'T' or staggered junction,Give way sign or markings,Unclassified,,Darkness: street lights present and lit,Raining with high winds,Dry,None,None,No overtaking,322910,676770,518995,Junction,M.V.N.P.,345367,unset,EH51LA,No crossing facility within 50m or physical crossing facility not controlled by authorised person,No physical crossing facility within 50m,At scene
86111,,Slight,3,1,02/02/2011,Wednesday,2,February,11,9,30,230,A,90,Dual carriageway - 2 lanes,40,Not at or within 20 metres of junction,unset,\,,Daylight: no street lighting,Raining with high winds,Dry,None,None,No overtaking,316920,676400,555432,Segment,M.V.N.P.,345368,unset,EH309TQ,No crossing facility within 50m or physical crossing facility not controlled by authorised person,No physical crossing facility within 50m,At scene
86311,,Slight,1,1,03/02/2011,Thursday,3,February,11,17,45,230,Unclassified,,Single carriageway - 2 lanes,30,Other junction,Give way sign or markings,Unclassified,,Darkness: street lights present and lit,Raining with high winds,Dry,None,None,No overtaking,327750,668410,0,Unset,Pedestrian,345369,unset,EH166HF,No crossing facility within 50m or physical crossing facility not controlled by authorised person,No physical crossing facility within 50m,Elsewhere
86411,,Slight,2,1,02/02/2011,Wednesday,2,February,11,9,30,230,A,720,Roundabout,40,Roundabout,Automatic Traffic Signal,A,71,Daylight: street lights present,Unknown,Dry,None,None,No overtaking,318580,670440,2307033,Junction,T.V.N.P.,345370,unset,EH144AW,No crossing facility within 50m or physical crossing facility not controlled by authorised person,No physical crossing facility within 50m,Elsewhere
87011,,Serious,1,1,28/01/2011,Friday,28,January,11,8,5,230,A,701,Single carriageway - 2 lanes,30,Other junction,Give way sign or markings,Unclassified,,Daylight: street lights present,Fine (without high winds),Dry,None,None,No overtaking,327300,668210,530290,Junction,Pedestrian,365473,unset,EH166PL,No crossing facility within 50m or physical crossing facility not controlled by authorised person,Pedestrian phase at traffic signal junction,Elsewhere
87211,,Slight,1,1,31/01/2011,Monday,31,January,11,15,20,230,Unclassified,,Dual carriageway - 2 lanes,30,Other junction,Automatic Traffic Signal,Unclassified,,Daylight: street lights present,Fine (without high winds),Dry,None,None,No overtaking,319410,671430,9658593,Junction,Pedestrian,365474,unset,EH113UP,No crossing facility within 50m or physical crossing facility not controlled by authorised person,Pedestrian phase at traffic signal junction,Elsewhere
88211,,Slight,2,1,03/02/2011,Thursday,3,February,11,14,50,230,Unclassified,,Single carriageway - 2 lanes,30,'T' or staggered junction,Give way sign or markings,Unclassified,,Daylight: street lights present,Raining with high winds,Dry,None,None,No overtaking,318680,671060,12232067,Junction,T.V.N.P.,345371,unset,EH114DT,Control by other authorised person,Pedestrian phase at traffic signal junction,At scene
88411,,Slight,1,1,04/02/2011,Friday,4,February,11,18,28,230,A,199,Single carriageway - 2 lanes,30,Not at or within 20 metres of junction,unset,\,,Darkness: street lights present and lit,Raining with high winds,Dry,None,None,No overtaking,327140,676520,563239,Segment,Pedestrian,345372,unset,EH66SL,Control by other authorised person,Pedestrian phase at traffic signal junction,At scene
88711,,Slight,2,1,04/02/2011,Friday,4,February,11,19,50,230,Unclassified,,Single carriageway - 2 lanes,30,'T' or staggered junction,Authorised Person,Unclassified,,Darkness: street lights present and lit,Raining with high winds,Dry,None,None,No overtaking,326240,674660,12222436,Junction,T.V.N.P.,345373,unset,EH74AH,Control by other authorised person,Pedestrian phase at traffic signal junction,At scene
89011,,Slight,1,1,05/02/2011,Saturday,5,February,11,1,10,230,A,90,Single carriageway - 2 lanes,30,Not at or within 20 metres of junction,unset,\,,Darkness: street lights present and lit,Raining with high winds,Dry,None,None,No overtaking,324650,673680,555627,Segment,Pedestrian,345374,unset,EH24RA,Control by other authorised person,"Pelican, puffin, toucan or similar non-junction pedestrian light crossing",At scene
89211,,Slight,1,1,04/02/2011,Friday,4,February,11,23,30,230,A,702,Single carriageway - 2 lanes,30,Not at or within 20 metres of junction,unset,\,,Darkness: street lights present and lit,Fine (without high winds),Dry,None,None,No overtaking,324790,673330,548964,Segment,Pedestrian,345375,unset,EH12EA,No crossing facility within 50m or physical crossing facility not controlled by authorised person,No physical crossing facility within 50m,At scene
91611,,Slight,2,4,04/02/2011,Friday,4,February,11,20,18,230,A,772,Single carriageway - 2 lanes,30,'T' or staggered junction,Give way sign or markings,Unclassified,,Darkness: street lights present and lit,Fine (without high winds),Dry,None,None,No overtaking,328440,669490,530209,Junction,T.V.N.P.,345376,unset,EH177JJ,No crossing facility within 50m or physical crossing facility not controlled by authorised person,Central refuge - no other controls,Elsewhere
91711,,Slight,2,1,03/02/2011,Thursday,3,February,11,16,55,230,C,,Single carriageway - 2 lanes,30,Not at or within 20 metres of junction,unset,\,,Darkness: street lights present and lit,Raining (without high winds),Dry,None,None,No overtaking,327040,670460,563128,Segment,T.V.N.P.,345377,unset,EH93BD,No crossing facility within 50m or physical crossing facility not controlled by authorised person,No physical crossing facility within 50m,Elsewhere
91911,,Slight,1,1,06/02/2011,Sunday,6,February,11,0,48,230,C,,Single carriageway - 2 lanes,30,Crossroads,Automatic Traffic Signal,C,,Darkness: street lights present and lit,Fine (without high winds),Dry,None,None,No overtaking,325280,674190,520521,Junction,Pedestrian,345378,unset,EH21JX,No crossing facility within 50m or physical crossing facility not controlled by authorised person,Pedestrian phase at traffic signal junction,At scene
93911,,Slight,2,1,31/01/2011,Monday,31,January,11,17,0,230,C,,Single carriageway - 2 lanes,30,'T' or staggered junction,Give way sign or markings,Unclassified,,Darkness: street lights present and lit,Fine (without high winds),Dry,None,None,No overtaking,326670,671300,531448,Junction,Cyclist,365475,unset,EH93EE,No crossing facility within 50m or physical crossing facility not controlled by authorised person,No physical crossing facility within 50m,At scene
94711,,Slight,2,1,07/02/2011,Monday,7,February,11,11,0,230,A,199,Single carriageway - 2 lanes,30,Not at or within 20 metres of junction,unset,\,,Daylight: street lights present,Raining (without high winds),Dry,None,None,No overtaking,328860,675680,563287,Segment,T.V.N.P.,345379,unset,EH67LW,Control by other authorised person,Pedestrian phase at traffic signal junction,At scene
95011,,Slight,2,1,05/02/2011,Saturday,5,February,11,7,38,230,C,,Single carriageway - 2 lanes,30,'T' or staggered junction,Automatic Traffic Signal,Unclassified,,Daylight: street lights present,Fine (without high winds),Dry,None,None,No overtaking,327000,674910,520287,Junction,T.V.N.P.,345380,unset,EH75QL,Control by other authorised person,Pedestrian phase at traffic signal junction,At scene
95811,,Slight,2,1,03/02/2011,Thursday,3,February,11,10,55,230,A,702,Dual carriageway - 2 lanes,30,'T' or staggered junction,Automatic Traffic Signal,A,8,Daylight: street lights present,Fine (without high winds),Dry,None,None,No overtaking,324700,673660,520920,Junction,Cyclist,345381,unset,EH12AD,Control by other authorised person,Pedestrian phase at traffic signal junction,Elsewhere
95911,,Slight,1,1,07/02/2011,Monday,7,February,11,14,20,230,A,90,Single carriageway - 2 lanes,30,Not at or within 20 metres of junction,unset,\,,Daylight: street lights present,Fine (without high winds),Dry,None,None,No overtaking,322160,674480,555540,Segment,Pedestrian,345382,unset,EH42BN,No crossing facility within 50m or physical crossing facility not controlled by authorised person,No physical crossing facility within 50m,Elsewhere
98211,,Serious,2,1,08/02/2011,Tuesday,8,February,11,13,0,230,B,900,Roundabout,30,Roundabout,Give way sign or markings,B,900,Daylight: no street lighting,Fine (without high winds),Dry,None,None,No overtaking,323520,674610,520098,Junction,Cyclist,345383,unset,EH42DL,Control by other authorised person,Central refuge - no other controls,At scene
99011,,Slight,2,1,08/02/2011,Tuesday,8,February,11,16,25,230,Unclassified,,Single carriageway - 2 lanes,30,Crossroads,Automatic Traffic Signal,Unclassified,,Daylight: street lights present,Fine (without high winds),Dry,None,None,No overtaking,326730,671830,529477,Junction,Cyclist,345384,unset,EH91SB,No crossing facility within 50m or physical crossing facility not controlled by authorised person,No physical crossing facility within 50m,At scene
99411,,Slight,1,1,07/02/2011,Monday,7,February,11,8,21,230,C,,Single carriageway - 2 lanes,30,Other junction,Automatic Traffic Signal,Unclassified,,Daylight: street lights present,Unknown,Dry,None,None,No overtaking,325360,673950,521061,Junction,Pedestrian,345385,unset,EH22DL,Control by other authorised person,Pedestrian phase at traffic signal junction,Elsewhere
99711,,Slight,2,1,08/02/2011,Tuesday,8,February,11,13,53,230,B,6415,Single carriageway - 2 lanes,30,Other junction,Give way sign or markings,Unclassified,,Daylight: street lights present,Fine (without high winds),Dry,None,None,No overtaking,331820,673390,531400,Junction,Bus,345386,unset,EH152HD,No crossing facility within 50m or physical crossing facility not controlled by authorised person,No physical crossing facility within 50m,At scene
99811,,Slight,1,1,11/01/2011,Tuesday,11,January,11,3,0,230,A,7,Single carriageway - 2 lanes,30,Not at or within 20 metres of junction,unset,\,,Darkness: street lights present and lit,Fine (without high winds),Dry,None,None,No overtaking,325920,673729,569273,Segment,Pedestrian,365476,unset,EH11SB,Control by other authorised person,Central refuge - no other controls,At scene
101411,,Slight,1,1,09/02/2011,Wednesday,9,February,11,20,55,230,A,90,One way Street,30,'T' or staggered junction,Automatic Traffic Signal,A,90,Darkness: street lights present and lit,Raining (without high winds),Dry,None,None,No overtaking,324770,673820,520995,Junction,Pedestrian,345387,unset,EH24HE,Control by other authorised person,"Pelican, puffin, toucan or similar non-junction pedestrian light crossing",At scene
102611,,Serious,2,1,10/02/2011,Thursday,10,February,11,8,20,230,A,90,Single carriageway - 2 lanes,30,'T' or staggered junction,Give way sign or markings,Unclassified,,Daylight: street lights present,Other,Dry,None,None,No overtaking,322020,674580,520044,Junction,Cyclist,345388,unset,EH42BS,No crossing facility within 50m or physical crossing facility not controlled by authorised person,"Pelican, puffin, toucan or similar non-junction pedestrian light crossing",At scene
105011,,Slight,2,2,11/02/2011,Friday,11,February,11,7,45,230,A,90,Dual carriageway - 2 lanes,50,Other junction,Give way sign or markings,Unclassified,,Daylight: no street lighting,Fine (without high winds),Dry,None,None,No overtaking,312450,678040,533266,Junction,T.V.N.P.,345389,unset,EH309XY,Control by other authorised person,No physical crossing facility within 50m,At scene
105211,,Slight,2,2,11/02/2011,Friday,11,February,11,15,50,230,A,1,Single carriageway - 3 lanes,70,Roundabout,Automatic Traffic Signal,A,6095,Daylight: no street lighting,Fine (without high winds),Dry,None,None,No overtaking,331630,671800,4464213,Junction,T.V.N.P.,345390,unset,EH218RX,No crossing facility within 50m or physical crossing facility not controlled by authorised person,No physical crossing facility within 50m,Elsewhere
106911,,Slight,2,1,11/02/2011,Friday,11,February,11,19,40,230,B,701,Single carriageway - 2 lanes,30,'T' or staggered junction,Give way sign or markings,Unclassified,,Darkness: street lights present and lit,Fine (without high winds),Dry,None,None,No overtaking,328440,668520,530245,Junction,T.V.N.P.,345391,unset,EH178JX,No crossing facility within 50m or physical crossing facility not controlled by authorised person,No physical crossing facility within 50m,At scene
107211,,Slight,2,1,12/02/2011,Saturday,12,February,11,13,20,230,Unclassified,,Single carriageway - 2 lanes,30,Using private drive or entrance,Give way sign or markings,Unclassified,,Daylight: street lights present,Fine (without high winds),Dry,None,None,No overtaking,322370,669650,564818,Segment,T.V.N.P.,345392,unset,EH141DS,No crossing facility within 50m or physical crossing facility not controlled by authorised person,No physical crossing facility within 50m,Elsewhere
108711,,Slight,1,1,12/02/2011,Saturday,12,February,11,8,35,230,Unclassified,,Dual carriageway - 2 lanes,30,Multiple junction,Automatic Traffic Signal,C,,Daylight: street lights present,Fine (without high winds),Dry,None,None,No overtaking,325690,673970,521076,Junction,Bus,345393,unset,EH22BY,No crossing facility within 50m or physical crossing facility not controlled by authorised person,No physical crossing facility within 50m,Elsewhere
109311,,Slight,1,1,12/02/2011,Saturday,12,February,11,22,55,230,Unclassified,,Single carriageway - 2 lanes,30,'T' or staggered junction,Give way sign or markings,Unclassified,,Darkness: street lights present and lit,Fine (without high winds),Dry,None,None,No overtaking,324580,673730,520956,Junction,Pedestrian,345394,unset,EH24PG,Control by other authorised person,Pedestrian phase at traffic signal junction,At scene
109911,,Slight,2,2,13/02/2011,Sunday,13,February,11,17,25,230,A,90,One way Street,30,Not at or within 20 metres of junction,unset,\,,Darkness: street lights present and lit,Fine (without high winds),Dry,None,None,No overtaking,324640,673800,520968,Junction,Bus,345395,unset,EH24DR,No crossing facility within 50m or physical crossing facility not controlled by authorised person,No physical crossing facility within 50m,At scene
110211,,Slight,1,1,13/02/2011,Sunday,13,February,11,3,52,230,C,,Single carriageway - 2 lanes,30,Not at or within 20 metres of junction,unset,\,,Daylight: street lights present,Fine (without high winds),Dry,None,None,No overtaking,325780,674340,566777,Segment,Pedestrian,345396,unset,EH13HU,No crossing facility within 50m or physical crossing facility not controlled by authorised person,Pedestrian phase at traffic signal junction,At scene
112111,,Slight,2,1,11/02/2011,Friday,11,February,11,13,25,230,Motorway,8,Dual carriageway - 2 lanes,70,Not at or within 20 metres of junction,unset,\,,Daylight: no street lighting,Fine (without high winds),Dry,None,None,No overtaking,317910,670810,6452850,Segment,T.V.N.P.,345397,unset,EH129BU,No crossing facility within 50m or physical crossing facility not controlled by authorised person,No physical crossing facility within 50m,Elsewhere
113211,,Slight,2,1,15/02/2011,Tuesday,15,February,11,7,5,230,Unclassified,,Roundabout,40,Roundabout,Give way sign or markings,A,71,Daylight: no street lighting,Fine (without high winds),Dry,None,None,No overtaking,320050,670810,529678,Junction,Cyclist,345398,unset,EH113TA,Control by other authorised person,No physical crossing facility within 50m,At scene
113911,,Slight,2,1,15/02/2011,Tuesday,15,February,11,18,40,230,Unclassified,,Single carriageway - 2 lanes,30,Not at or within 20 metres of junction,unset,\,,Darkness: street lights present and lit,Fine (without high winds),Dry,None,None,No overtaking,322750,669330,564752,Segment,Cyclist,345399,unset,EH139AH,No crossing facility within 50m or physical crossing facility not controlled by authorised person,No physical crossing facility within 50m,Elsewhere
114011,,Slight,3,1,15/02/2011,Tuesday,15,February,11,18,15,230,A,71,Dual carriageway - 2 lanes,40,Roundabout,Give way sign or markings,C,,Darkness: street lights present and lit,Fine (without high winds),Dry,None,None,No overtaking,320670,671090,529513,Junction,M.V.N.P.,345400,unset,EH113RQ,No crossing facility within 50m or physical crossing facility not controlled by authorised person,No physical crossing facility within 50m,Elsewhere
114111,,Slight,1,1,14/02/2011,Monday,14,February,11,19,15,230,Unclassified,,Single carriageway - 2 lanes,30,Other junction,Give way sign or markings,Unclassified,,Darkness: street lights present and lit,Fine (without high winds),Dry,None,None,No overtaking,323140,671970,522264,Junction,Pedestrian,345401,unset,EH111QE,No crossing facility within 50m or physical crossing facility not controlled by authorised person,No physical crossing facility within 50m,At scene
114211,,Slight,2,1,14/02/2011,Monday,14,February,11,16,27,230,A,701,Single carriageway - 2 lanes,30,Crossroads,Give way sign or markings,Unclassified,,Daylight: no street lighting,Fine (without high winds),Dry,None,None,No overtaking,327110,671130,529603,Junction,T.V.N.P.,345402,unset,EH165PS,Control by other authorised person,Pedestrian phase at traffic signal junction,At scene
115011,,Slight,1,1,16/02/2011,Wednesday,16,February,11,6,50,230,Unclassified,,Single carriageway - 2 lanes,30,Roundabout,Give way sign or markings,Unclassified,,Daylight: no street lighting,Raining (without high winds),Dry,None,None,No overtaking,318590,674100,10303194,Junction,S.V.N.P.,345403,unset,EH128UP,Control by other authorised person,No physical crossing facility within 50m,At scene
115511,,Fatal,1,1,15/02/2011,Tuesday,15,February,11,8,2,230,Unclassified,,Dual carriageway - 2 lanes,30,Not at or within 20 metres of junction,unset,\,,Daylight: street lights present,Fine (without high winds),Dry,None,None,No overtaking,318490,671780,12232438,Segment,Pedestrian,345404,unset,EH129EB,No crossing facility within 50m or physical crossing facility not controlled by authorised person,No physical crossing facility within 50m,At scene
116811,,Slight,2,1,16/02/2011,Wednesday,16,February,11,17,40,230,A,71,Single carriageway - 2 lanes,30,'T' or staggered junction,Automatic Traffic Signal,Unclassified,,Darkness: street lights present but unlit,Fine (without high winds),Dry,None,None,No overtaking,321850,671610,522204,Junction,Cyclist,345405,unset,EH113AJ,Control by school crossing patrol,Pedestrian phase at traffic signal junction,At scene
118611,,Slight,2,1,16/02/2011,Wednesday,16,February,11,7,0,230,Unclassified,,Unknown,30,Other junction,Automatic Traffic Signal,A,70,Darkness: street lights present and lit,Unknown,Dry,None,None,No overtaking,321970,670690,522765,Junction,Cyclist,345406,unset,EH141TN,Control by other authorised person,No physical crossing facility within 50m,Elsewhere
119011,,Slight,2,1,17/02/2011,Thursday,17,February,11,18,20,230,A,8,Single carriageway - 2 lanes,30,Other junction,Give way sign or markings,Unclassified,,Daylight: no street lighting,Raining (without high winds),Dry,None,None,No overtaking,322860,673250,521271,Junction,Bus,345407,unset,EH126DF,No crossing facility within 50m or physical crossing facility not controlled by authorised person,No physical crossing facility within 50m,Elsewhere
120311,,Slight,3,2,17/02/2011,Thursday,17,February,11,16,10,230,B,701,Single carriageway - 2 lanes,30,Using private drive or entrance,unset,\,,Daylight: street lights present,Fine (without high winds),Dry,None,None,No overtaking,329150,668600,2105870,Segment,M.V.N.P.,345408,unset,EH178RF,No crossing facility within 50m or physical crossing facility not controlled by authorised person,No physical crossing facility within 50m,At scene
121911,,Slight,2,1,14/02/2011,Monday,14,February,11,18,30,230,A,900,Single carriageway - 2 lanes,30,Roundabout,Give way sign or markings,B,1350,Darkness: street lights present and lit,Fine (without high winds),Dry,None,None,No overtaking,326150,674540,520248,Junction,Cyclist,345409,unset,EH13NH,No crossing facility within 50m or physical crossing facility not controlled by authorised person,No physical crossing facility within 50m,At scene
122411,,Serious,2,1,19/02/2011,Saturday,19,February,11,11,28,230,Unclassified,,Single carriageway - 2 lanes,30,'T' or staggered junction,Give way sign or markings,B,901,Daylight: no street lighting,Raining (without high winds),Dry,None,None,No overtaking,325040,675260,519837,Junction,Cyclist,345410,unset,EH35LP,No crossing facility within 50m or physical crossing facility not controlled by authorised person,"Pelican, puffin, toucan or similar non-junction pedestrian light crossing",At scene