acc_ref,beat_no,severity,no_vehicle,no_casualt,a_date,a_day,a_date_day,a_date_mon,a_date_yr,a_time_hr,a_time_min,loc_auth,road1_class,road1_no,road_type,speed_limi,junc_det,junc_ctrl,road2_class,road2_no,light_cond,weather,road_surf,spec_cond,cway_hzrds,ovrtk_patrn,easting,northing,net_id,net_type,acc_type,text_id,division,Postcode,ped_xing_hc,ped_xing_p,place_reported
297211,,Slight,1,1,04/05/2011,Wednesday,4,May,11,18,25,230,A,900,Single carriageway - 2 lanes,30,Other junction,Give way sign or markings,Unclassified,,Daylight: street lights present,Fine (without high winds),Dry,None,None,No overtaking,326800,675580,519478,Junction,Bus,351011,unset,EH68NR,No crossing facility within 50m or physical crossing facility not controlled by authorised person,No physical crossing facility within 50m,Elsewhere
298111,,Slight,1,1,05/05/2011,Thursday,5,May,11,11,15,230,A,8,Single carriageway - 2 lanes,30,Not at or within 20 metres of junction,unset,\,,Daylight: street lights present,Fine (without high winds),Dry,None,None,No overtaking,320030,672930,550692,Segment,S.V.N.P.,351012,unset,EH127SD,No crossing facility within 50m or physical crossing facility not controlled by authorised person,No physical crossing facility within 50m,At scene
298811,,Slight,1,1,05/05/2011,Thursday,5,May,11,15,20,230,Unclassified,,Single carriageway - 2 lanes,30,Not at or within 20 metres of junction,unset,\,,Daylight: street lights present,Raining (without high winds),Dry,None,None,No overtaking,322990,671880,561724,Segment,Pedestrian,351013,unset,EH111QU,Control by other authorised person,"Pelican, puffin, toucan or similar non-junction pedestrian light crossing",At scene
299911,,Slight,2,1,06/05/2011,Friday,6,May,11,6,10,230,Unclassified,,Single carriageway - 2 lanes,30,'T' or staggered junction,Give way sign or markings,Unclassified,,Daylight: street lights present,Raining (without high winds),Dry,None,None,No overtaking,320600,670400,0,Unset,Cyclist,351014,unset,EH142AB,No crossing facility within 50m or physical crossing facility not controlled by authorised person,No physical crossing facility within 50m,Elsewhere
300111,,Slight,2,1,06/05/2011,Friday,6,May,11,12,20,230,A,720,Dual carriageway - 2 lanes,70,Not at or within 20 metres of junction,unset,\,,Daylight: no street lighting,Fine (without high winds),Dry,None,None,No overtaking,317650,671800,6453019,Segment,T.V.N.P.,351015,unset,EH129DF,No crossing facility within 50m or physical crossing facility not controlled by authorised person,No physical crossing facility within 50m,At scene
300311,,Slight,2,1,05/05/2011,Thursday,5,May,11,18,50,230,A,720,Dual carriageway - 2 lanes,50,Not at or within 20 metres of junction,unset,\,,Daylight: no street lighting,Raining (without high winds),Dry,None,None,No overtaking,317520,672380,6453019,Segment,T.V.N.P.,351016,unset,EH129BS,No crossing facility within 50m or physical crossing facility not controlled by authorised person,No physical crossing facility within 50m,At scene
300511,,Slight,2,1,03/05/2011,Tuesday,3,May,11,7,30,230,Unclassified,,Single carriageway - 2 lanes,30,'T' or staggered junction,Give way sign or markings,Unclassified,,Daylight: street lights present,Fine (without high winds),Dry,None,None,No overtaking,312970,677620,4421942,Junction,Cyclist,351017,unset,EH309PB,No crossing facility within 50m or physical crossing facility not controlled by authorised person,No physical crossing facility within 50m,Elsewhere
302311,,Slight,2,1,06/05/2011,Friday,6,May,11,17,45,230,Unclassified,,Single carriageway - 2 lanes,30,Not at or within 20 metres of junction,unset,\,,Daylight: street lights present,Fine (without high winds),Dry,None,None,No overtaking,322520,672400,559248,Segment,T.V.N.P.,351018,unset,EH112QH,No crossing facility within 50m or physical crossing facility not controlled by authorised person,No physical crossing facility within 50m,At scene
302711,,Slight,2,1,07/05/2011,Saturday,7,May,11,8,0,230,A,8,Dual carriageway - 2 lanes,40,Roundabout,Automatic Traffic Signal,A,8,Daylight: street lights present,Fine (without high winds),Dry,None,None,No overtaking,312590,672700,517579,Junction,T.V.N.P.,351019,unset,EH288SY,No crossing facility within 50m or physical crossing facility not controlled by authorised person,No physical crossing facility within 50m,Elsewhere
303311,,Slight,2,2,07/05/2011,Saturday,7,May,11,8,45,230,Unclassified,,Single carriageway - 2 lanes,30,'T' or staggered junction,Give way sign or markings,Unclassified,,Daylight: street lighting unknown,Fine (without high winds),Dry,None,None,No overtaking,326860,674170,520695,Junction,T.V.N.P.,351021,unset,EH88EJ,No crossing facility within 50m or physical crossing facility not controlled by authorised person,No physical crossing facility within 50m,At scene
304711,,Slight,1,1,07/05/2011,Saturday,7,May,11,1,50,230,C,,Single carriageway - 2 lanes,30,Not at or within 20 metres of junction,unset,\,,Darkness: street lights present and lit,Raining (without high winds),Dry,None,None,No overtaking,325800,673470,2106559,Segment,Pedestrian,351022,unset,EH11JL,No crossing facility within 50m or physical crossing facility not controlled by authorised person,No physical crossing facility within 50m,Elsewhere
304811,,Slight,2,1,07/05/2011,Saturday,7,May,11,5,38,230,Unclassified,,Single carriageway - 2 lanes,30,'T' or staggered junction,Give way sign or markings,Unclassified,,Daylight: street lights present,Other,Dry,None,None,No overtaking,324330,672580,10252432,Junction,T.V.N.P.,351023,unset,EH39PH,No crossing facility within 50m or physical crossing facility not controlled by authorised person,No physical crossing facility within 50m,At scene
305011,,Slight,2,1,07/05/2011,Saturday,7,May,11,19,25,230,C,,Single carriageway - 2 lanes,30,'T' or staggered junction,Give way sign or markings,Unclassified,,Daylight: street lights present,Fine (without high winds),Dry,None,None,No overtaking,327890,668920,533107,Junction,T.V.N.P.,351024,unset,EH166SU,No crossing facility within 50m or physical crossing facility not controlled by authorised person,No physical crossing facility within 50m,At scene
305511,,Slight,1,1,07/05/2011,Saturday,7,May,11,12,10,230,A,1140,Single carriageway - 2 lanes,30,Not at or within 20 metres of junction,unset,\,,Daylight: street lights present,Fine (without high winds),Dry,None,None,No overtaking,329310,674290,554915,Segment,Bus,351025,unset,EH76RY,No crossing facility within 50m or physical crossing facility not controlled by authorised person,No physical crossing facility within 50m,Elsewhere
307611,,Serious,2,1,09/05/2011,Monday,9,May,11,10,33,230,Unclassified,,Single carriageway - 2 lanes,30,Not at or within 20 metres of junction,unset,\,,Daylight: street lights present,Fine (without high winds),Dry,None,None,No overtaking,322650,670450,554744,Segment,T.V.N.P.,351026,unset,EH141BP,No crossing facility within 50m or physical crossing facility not controlled by authorised person,No physical crossing facility within 50m,At scene
307811,,Slight,2,1,09/05/2011,Monday,9,May,11,11,36,230,A,7,Single carriageway - 2 lanes,30,Not at or within 20 metres of junction,unset,\,,Daylight: street lights present,Fine (without high winds),Dry,None,None,No overtaking,326040,673270,569288,Segment,Cyclist,351027,unset,EH89DH,No crossing facility within 50m or physical crossing facility not controlled by authorised person,No physical crossing facility within 50m,At scene
309111,,Slight,1,1,09/05/2011,Monday,9,May,11,14,30,230,C,,Single carriageway - 2 lanes,30,Not at or within 20 metres of junction,unset,\,,Daylight: street lights present,Fine (without high winds),Dry,None,None,No overtaking,324640,672920,559484,Segment,Bus,351028,unset,EH39QG,No crossing facility within 50m or physical crossing facility not controlled by authorised person,No physical crossing facility within 50m,Elsewhere
309811,,Slight,2,1,06/05/2011,Friday,6,May,11,15,0,230,Unclassified,,Single carriageway - 2 lanes,30,Not at or within 20 metres of junction,unset,\,,Daylight: street lights present,Fine (without high winds),Dry,None,None,No overtaking,319170,676490,0,Unset,Pedestrian,351029,unset,EH46JB,No crossing facility within 50m or physical crossing facility not controlled by authorised person,No physical crossing facility within 50m,At scene
310211,,Slight,1,1,10/05/2011,Tuesday,10,May,11,7,40,230,Unclassified,,Single carriageway - 2 lanes,30,Not at or within 20 metres of junction,unset,\,,Daylight: no street lighting,Fine (without high winds),Dry,None,None,No overtaking,326780,674020,2106526,Segment,Pedestrian,351030,unset,EH88DU,No crossing facility within 50m or physical crossing facility not controlled by authorised person,No physical crossing facility within 50m,At scene
310411,,Slight,2,1,09/05/2011,Monday,9,May,11,11,7,230,B,701,Single carriageway - 2 lanes,30,'T' or staggered junction,Automatic Traffic Signal,Unclassified,,Daylight: no street lighting,Fine (without high winds),Dry,None,None,No overtaking,321620,668990,532924,Junction,T.V.N.P.,351031,unset,EH130LE,No crossing facility within 50m or physical crossing facility not controlled by authorised person,No physical crossing facility within 50m,Elsewhere
311011,,Slight,1,1,07/05/2011,Saturday,7,May,11,11,30,230,A,8,Single carriageway - 2 lanes,30,'T' or staggered junction,Automatic Traffic Signal,C,,Daylight: no street lighting,Fine (without high winds),Dry,None,None,No overtaking,325370,673870,521049,Junction,Bus,351032,unset,EH22ER,No crossing facility within 50m or physical crossing facility not controlled by authorised person,Pedestrian phase at traffic signal junction,Elsewhere
311811,,Slight,1,1,10/05/2011,Tuesday,10,May,11,17,0,230,Unclassified,,Single carriageway - 2 lanes,30,'T' or staggered junction,Automatic Traffic Signal,Unclassified,,Daylight: street lights present,Fine (without high winds),Dry,None,None,No overtaking,324660,676010,519205,Junction,Pedestrian,351033,unset,EH35QY,No crossing facility within 50m or physical crossing facility not controlled by authorised person,No physical crossing facility within 50m,Elsewhere
311911,,Slight,1,1,10/05/2011,Tuesday,10,May,11,19,13,230,Motorway,8,Dual carriageway - 2 lanes,70,Not at or within 20 metres of junction,unset,\,,Daylight: no street lighting,Fine (without high winds),Dry,None,None,No overtaking,314470,671680,6452039,Segment,S.V.N.P.,351034,unset,EH288LX,No crossing facility within 50m or physical crossing facility not controlled by authorised person,No physical crossing facility within 50m,At scene
312011,,Slight,1,1,10/05/2011,Tuesday,10,May,11,17,50,230,A,700,Single carriageway - 2 lanes,30,Other junction,Give way sign or markings,Unclassified,,Daylight: no street lighting,Fine (without high winds),Dry,None,None,No overtaking,325030,672870,521853,Junction,Pedestrian,351035,unset,EH39JT,Control by other authorised person,"Pelican, puffin, toucan or similar non-junction pedestrian light crossing",At scene
312611,,Slight,1,1,12/05/2011,Thursday,12,May,11,8,30,230,Unclassified,,Single carriageway - 2 lanes,30,Not at or within 20 metres of junction,unset,\,,Daylight: no street lighting,Fine (without high winds),Dry,None,None,No overtaking,326630,672940,0,Unset,Pedestrian,351036,unset,EH87AT,No crossing facility within 50m or physical crossing facility not controlled by authorised person,No physical crossing facility within 50m,At scene
313811,,Slight,2,1,11/05/2011,Wednesday,11,May,11,12,0,230,B,701,Single carriageway - 2 lanes,30,'T' or staggered junction,Give way sign or markings,Unclassified,,Daylight: street lights present,Fine (without high winds),Dry,None,None,No overtaking,323650,668550,533074,Junction,T.V.N.P.,351037,unset,EH139NQ,Control by other authorised person,Central refuge - no other controls,At scene
314911,,Slight,1,1,01/05/2011,Sunday,1,May,11,1,15,230,Unclassified,,Single carriageway - 2 lanes,30,'T' or staggered junction,Give way sign or markings,Unclassified,,Darkness: street lights present and lit,Unknown,Dry,None,None,No overtaking,330340,672540,12240130,Junction,S.V.N.P.,351038,unset,EH153LR,Control by other authorised person,Pedestrian phase at traffic signal junction,Elsewhere
315111,,Slight,1,1,12/05/2011,Thursday,12,May,11,16,8,230,Unclassified,,Single carriageway - 2 lanes,30,'T' or staggered junction,Give way sign or markings,Unclassified,,Daylight: street lights present,Fine (without high winds),Dry,None,None,No overtaking,321520,675490,12285884,Junction,Pedestrian,351039,unset,EH44QT,Control by other authorised person,Pedestrian phase at traffic signal junction,At scene
316111,,Slight,1,2,08/05/2011,Sunday,8,May,11,1,15,230,Unclassified,,Roundabout,30,Roundabout,Give way sign or markings,Unclassified,,Daylight: no street lighting,Fine (without high winds),Dry,None,None,No overtaking,327910,674610,520326,Junction,S.V.N.P.,351040,unset,EH76BP,Control by other authorised person,"Pelican, puffin, toucan or similar non-junction pedestrian light crossing",At scene
316411,,Slight,2,2,12/05/2011,Thursday,12,May,11,7,45,230,A,902,Single carriageway - 2 lanes,40,Other junction,Give way sign or markings,Unclassified,,Daylight: no street lighting,Fine (without high winds),Dry,None,None,No overtaking,318100,672910,12201547,Junction,T.V.N.P.,351041,unset,EH128NX,No crossing facility within 50m or physical crossing facility not controlled by authorised person,No physical crossing facility within 50m,At scene
317611,,Slight,2,1,11/05/2011,Wednesday,11,May,11,15,25,230,Unclassified,,Single carriageway - 2 lanes,30,Not at or within 20 metres of junction,unset,\,,Daylight: no street lighting,Fine (without high winds),Dry,None,None,No overtaking,322160,671310,559177,Segment,Bus,351042,unset,EH141RW,Control by other authorised person,Pedestrian phase at traffic signal junction,Elsewhere
319311,,Slight,2,2,13/05/2011,Friday,13,May,11,12,40,230,Unclassified,,Single carriageway - 2 lanes,30,Not at or within 20 metres of junction,unset,\,,Daylight: street lights present,Fine (without high winds),Dry,None,None,No overtaking,319810,671410,9659211,Junction,T.V.N.P.,351043,unset,EH113UP,Control by other authorised person,Pedestrian phase at traffic signal junction,At scene
319811,,Serious,2,2,13/05/2011,Friday,13,May,11,17,56,230,A,71,Single carriageway - 2 lanes,30,Other junction,Automatic Traffic Signal,Unclassified,,Daylight: street lights present,Other,Dry,None,None,No overtaking,322290,671860,522219,Junction,T.V.N.P.,351044,unset,EH112RT,No crossing facility within 50m or physical crossing facility not controlled by authorised person,No physical crossing facility within 50m,At scene
321211,,Slight,2,1,14/05/2011,Saturday,14,May,11,18,45,230,Unclassified,,Single carriageway - 2 lanes,30,Not at or within 20 metres of junction,unset,\,,Daylight: street lights present,Fine (without high winds),Dry,None,None,No overtaking,328660,674260,0,Unset,Cyclist,351045,unset,EH87BU,No crossing facility within 50m or physical crossing facility not controlled by authorised person,No physical crossing facility within 50m,Elsewhere
321411,,Slight,2,2,14/05/2011,Saturday,14,May,11,19,55,230,A,90,Dual carriageway - 2 lanes,40,Multiple junction,Automatic Traffic Signal,A,902,Daylight: street lights present,Fine (without high winds),Dry,None,None,No overtaking,321570,674920,520029,Junction,T.V.N.P.,351046,unset,EH42AJ,No crossing facility within 50m or physical crossing facility not controlled by authorised person,No physical crossing facility within 50m,At scene
322711,,Slight,2,1,14/05/2011,Saturday,14,May,11,13,0,230,A,1,Single carriageway - 2 lanes,30,Not at or within 20 metres of junction,unset,\,,Daylight: no street lighting,Fine (without high winds),Dry,None,None,No overtaking,327120,674430,2106016,Segment,Cyclist,351047,unset,EH75SN,No crossing facility within 50m or physical crossing facility not controlled by authorised person,No physical crossing facility within 50m,At scene
323211,,Slight,2,1,15/05/2011,Sunday,15,May,11,19,0,230,Unclassified,,Single carriageway - 2 lanes,30,'T' or staggered junction,Give way sign or markings,Unclassified,,Daylight: no street lighting,Fine (without high winds),Dry,None,None,No overtaking,320110,671630,522132,Junction,T.V.N.P.,351048,unset,EH113SR,Control by other authorised person,Pedestrian phase at traffic signal junction,At scene
324611,,Slight,2,1,16/05/2011,Monday,16,May,11,9,54,230,A,702,Single carriageway - 2 lanes,30,Crossroads,Automatic Traffic Signal,C,,Daylight: street lights present,Fine (without high winds),Dry,None,None,No overtaking,324930,672780,533329,Junction,Cyclist,351049,unset,EH39NA,Control by other authorised person,Pedestrian phase at traffic signal junction,At scene
325111,,Slight,2,2,17/05/2011,Tuesday,17,May,11,9,40,230,A,1,Single carriageway - 2 lanes,30,'T' or staggered junction,Give way sign or markings,Unclassified,,Daylight: no street lighting,Fine (without high winds),Dry,None,None,No overtaking,326460,674010,520647,Junction,T.V.N.P.,351050,unset,EH75BL,No crossing facility within 50m or physical crossing facility not controlled by authorised person,No physical crossing facility within 50m,At scene
325411,,Slight,3,2,17/05/2011,Tuesday,17,May,11,19,45,230,A,902,Roundabout,40,Roundabout,Automatic Traffic Signal,Unclassified,,Daylight: no street lighting,Fine (without high winds),Dry,None,None,No overtaking,318050,672770,521640,Junction,M.V.N.P.,351051,unset,EH128LS,Control by other authorised person,Pedestrian phase at traffic signal junction,At scene
326411,,Slight,2,1,18/05/2011,Wednesday,18,May,11,8,55,230,Motorway,8,Dual carriageway - 2 lanes,70,Not at or within 20 metres of junction,unset,\,,Daylight: street lights present,Fine (without high winds),Dry,None,None,No overtaking,317880,670790,6452850,Segment,T.V.N.P.,351052,unset,EH129BU,No crossing facility within 50m or physical crossing facility not controlled by authorised person,No physical crossing facility within 50m,Elsewhere
326611,,Slight,1,1,03/05/2011,Tuesday,3,May,11,15,15,230,A,90,Single carriageway - 2 lanes,40,'T' or staggered junction,Automatic Traffic Signal,B,701,Daylight: street lights present,Fine (without high winds),Dry,None,None,No overtaking,318890,674910,519933,Junction,S.V.N.P.,351053,unset,EH48AR,Control by other authorised person,Pedestrian phase at traffic signal junction,At scene
330411,,Slight,2,1,18/05/2011,Wednesday,18,May,11,17,0,230,A,8,Dual carriageway - 2 lanes,40,Not at or within 20 metres of junction,unset,\,,Daylight: no street lighting,Fine (without high winds),Dry,Road works present,None,No overtaking,317370,672590,9659460,Segment,T.V.N.P.,351054,unset,EH129BQ,No crossing facility within 50m or physical crossing facility not controlled by authorised person,No physical crossing facility within 50m,At scene
331011,,Slight,2,1,18/05/2011,Wednesday,18,May,11,23,15,230,A,8,Single carriageway - 2 lanes,30,Not at or within 20 metres of junction,unset,\,,Darkness: street lights present and lit,Fine with high winds,Dry,None,None,No overtaking,323020,673190,550574,Segment,T.V.N.P.,351055,unset,EH126AW,No crossing facility within 50m or physical crossing facility not controlled by authorised person,No physical crossing facility within 50m,At scene
331111,,Slight,1,1,18/05/2011,Wednesday,18,May,11,14,0,230,C,,Single carriageway - 2 lanes,30,Not at or within 20 metres of junction,unset,\,,Daylight: street lights present,Fine with high winds,Dry,None,None,No overtaking,325100,674090,566435,Segment,Bus,351056,unset,EH21LN,No crossing facility within 50m or physical crossing facility not controlled by authorised person,No physical crossing facility within 50m,Elsewhere
331411,,Serious,2,1,19/05/2011,Thursday,19,May,11,15,0,230,Unclassified,,Single carriageway - 2 lanes,30,Crossroads,Stop sign,Unclassified,,Daylight: street lights present,Fine (without high winds),Dry,None,None,No overtaking,325610,671530,523860,Junction,Cyclist,351057,unset,EH92DX,No crossing facility within 50m or physical crossing facility not controlled by authorised person,Pedestrian phase at traffic signal junction,At scene
331711,,Slight,1,1,18/05/2011,Wednesday,18,May,11,10,20,230,Unclassified,,One way Street,30,Other junction,Automatic Traffic Signal,C,,Daylight: no street lighting,Fine (without high winds),Dry,None,None,No overtaking,325720,673120,521514,Junction,Bus,351058,unset,EH89AF,Control by other authorised person,Pedestrian phase at traffic signal junction,At scene
334411,,Slight,2,1,20/05/2011,Friday,20,May,11,8,10,230,A,90,Single carriageway - 2 lanes,40,Crossroads,Automatic Traffic Signal,Unclassified,,Daylight: street lights present,Raining with high winds,Dry,None,None,No overtaking,318560,674970,519963,Junction,T.V.N.P.,351059,unset,EH46AT,Control by other authorised person,Pedestrian phase at traffic signal junction,At scene
335511,,Slight,1,1,20/05/2011,Friday,20,May,11,22,30,230,A,701,Single carriageway - 2 lanes,30,Not at or within 20 metres of junction,unset,\,,Darkness: street lights present and lit,Fine (without high winds),Dry,None,None,No overtaking,327180,670790,569345,Segment,Bus,351060,unset,EH165TY,Control by other authorised person,Pedestrian phase at traffic signal junction,At scene
335611,,Slight,2,2,19/05/2011,Thursday,19,May,11,18,50,230,Unclassified,,Single carriageway - 2 lanes,30,Not at or within 20 metres of junction,unset,\,,Daylight: street lights present,Fine (without high winds),Dry,None,None,No overtaking,327430,675440,557443,Segment,T.V.N.P.,351061,unset,EH68DQ,No crossing facility within 50m or physical crossing facility not controlled by authorised person,No physical crossing facility within 50m,At scene
336211,,Slight,2,1,21/05/2011,Saturday,21,May,11,4,45,230,B,901,Single carriageway - 2 lanes,30,Other junction,Give way sign or markings,Unclassified,,Daylight: street lights present,Fine (without high winds),Dry,None,None,No overtaking,325810,674570,520197,Junction,Cyclist,351062,unset,EH13SA,No crossing facility within 50m or physical crossing facility not controlled by authorised person,No physical crossing facility within 50m,At scene
337111,,Slight,2,2,21/05/2011,Saturday,21,May,11,13,45,230,A,8,Single carriageway - 2 lanes,30,Not at or within 20 metres of junction,unset,\,,Daylight: street lights present,Fine (without high winds),Dry,None,None,No overtaking,324470,673540,520881,Junction,Bus,351063,unset,EH37AL,No crossing facility within 50m or physical crossing facility not controlled by authorised person,No physical crossing facility within 50m,At scene
337511,,Slight,1,1,22/05/2011,Sunday,22,May,11,0,35,230,A,903,Single carriageway - 2 lanes,30,Not at or within 20 metres of junction,unset,\,,Darkness: street lights present and lit,Fine (without high winds),Dry,None,None,No overtaking,324200,676710,519016,Junction,S.V.N.P.,351065,unset,EH53RG,No crossing facility within 50m or physical crossing facility not controlled by authorised person,No physical crossing facility within 50m,At scene
337611,,Slight,1,1,22/05/2011,Sunday,22,May,11,2,45,230,C,,Single carriageway - 2 lanes,30,Other junction,Give way sign or markings,Unclassified,,Darkness: street lights present and lit,Fine (without high winds),Dry,None,None,No overtaking,325030,673020,521451,Junction,Pedestrian,351066,unset,EH39JB,No crossing facility within 50m or physical crossing facility not controlled by authorised person,No physical crossing facility within 50m,At scene
337811,,Slight,1,1,20/05/2011,Friday,20,May,11,9,0,230,C,,Dual carriageway - 2 lanes,30,Roundabout,Give way sign or markings,C,,Daylight: street lights present,Fine (without high winds),Dry,None,None,No overtaking,325160,673980,521073,Junction,Bus,351067,unset,EH22LR,No crossing facility within 50m or physical crossing facility not controlled by authorised person,No physical crossing facility within 50m,Elsewhere
337911,,Slight,2,1,22/05/2011,Sunday,22,May,11,9,20,230,Unclassified,,Single carriageway - 2 lanes,30,Not at or within 20 metres of junction,unset,\,,Daylight: street lights present,Fine (without high winds),Dry,None,None,No overtaking,330630,671310,569117,Segment,Cyclist,351068,unset,EH153HW,No crossing facility within 50m or physical crossing facility not controlled by authorised person,No physical crossing facility within 50m,At scene
339111,,Slight,2,1,20/05/2011,Friday,20,May,11,16,5,230,Unclassified,,Single carriageway - 2 lanes,30,Mini-roundabout,Give way sign or markings,Unclassified,,Daylight: no street lighting,Fine (without high winds),Dry,None,None,No overtaking,327260,676760,0,Unset,T.V.N.P.,351069,unset,EH67DA,Control by other authorised person,Central refuge - no other controls,At scene
339711,,Slight,1,1,24/05/2011,Tuesday,24,May,11,8,25,230,Unclassified,,Single carriageway - 2 lanes,30,Other junction,Give way sign or markings,Unclassified,,Daylight: no street lighting,Fine with high winds,Dry,None,None,No overtaking,324370,673840,10258615,Junction,Pedestrian,351070,unset,EH37PX,Control by other authorised person,Pedestrian phase at traffic signal junction,At scene
341211,,Slight,1,1,24/05/2011,Tuesday,24,May,11,6,47,230,Unclassified,,Dual carriageway - 2 lanes,30,Not at or within 20 metres of junction,unset,\,,Daylight: no street lighting,Fine (without high winds),Dry,None,None,No overtaking,313210,677070,555414,Segment,S.V.N.P.,351071,unset,EH309SR,No crossing facility within 50m or physical crossing facility not controlled by authorised person,No physical crossing facility within 50m,At scene
341311,,Slight,2,1,24/05/2011,Tuesday,24,May,11,13,45,230,Unclassified,,Single carriageway - 2 lanes,30,'T' or staggered junction,Give way sign or markings,Unclassified,,Daylight: no street lighting,Raining (without high winds),Dry,None,None,No overtaking,324510,671530,523824,Junction,T.V.N.P.,351072,unset,EH104AZ,No crossing facility within 50m or physical crossing facility not controlled by authorised person,No physical crossing facility within 50m,At scene
341411,,Slight,2,1,24/05/2011,Tuesday,24,May,11,16,18,230,A,90,Dual carriageway - 2 lanes,50,Not at or within 20 metres of junction,unset,\,,Daylight: no street lighting,Fine (without high winds),Dry,None,None,No overtaking,312550,677550,555711,Segment,T.V.N.P.,351073,unset,EH309SS,No crossing facility within 50m or physical crossing facility not controlled by authorised person,No physical crossing facility within 50m,At scene
341511,,Slight,1,1,23/05/2011,Monday,23,May,11,16,45,230,A,1,Single carriageway - 2 lanes,30,Not at or within 20 metres of junction,unset,\,,Daylight: no street lighting,Fine (without high winds),Dry,None,None,No overtaking,327490,674340,2106025,Segment,Pedestrian,351074,unset,EH75TJ,No crossing facility within 50m or physical crossing facility not controlled by authorised person,No physical crossing facility within 50m,At scene
341611,,Slight,1,1,23/05/2011,Monday,23,May,11,18,0,230,A,8,Dual carriageway - 2 lanes,40,Not at or within 20 metres of junction,unset,\,,Daylight: no street lighting,Fine (without high winds),Dry,None,None,No overtaking,316980,672470,550815,Segment,Bus,351075,unset,EH129BQ,No crossing facility within 50m or physical crossing facility not controlled by authorised person,No physical crossing facility within 50m,At scene
341911,,Slight,2,1,25/05/2011,Wednesday,25,May,11,8,50,230,A,700,Single carriageway - 2 lanes,30,'T' or staggered junction,Automatic Traffic Signal,Unclassified,,Daylight: no street lighting,Fine (without high winds),Dry,None,None,No overtaking,325660,672520,521871,Junction,Cyclist,351076,unset,EH39EE,No crossing facility within 50m or physical crossing facility not controlled by authorised person,No physical crossing facility within 50m,At scene
344011,,Slight,2,1,24/05/2011,Tuesday,24,May,11,15,0,230,Unclassified,,Single carriageway - 2 lanes,30,'T' or staggered junction,Give way sign or markings,Unclassified,,Daylight: street lights present,Fine (without high winds),Dry,None,None,No overtaking,322480,673800,520836,Junction,T.V.N.P.,351077,unset,EH126HE,No crossing facility within 50m or physical crossing facility not controlled by authorised person,No physical crossing facility within 50m,Elsewhere
345211,,Slight,2,1,25/05/2011,Wednesday,25,May,11,15,46,230,Unclassified,,Single carriageway - 2 lanes,30,Multiple junction,Automatic Traffic Signal,Unclassified,,Daylight: no street lighting,Fine (without high winds),Dry,None,None,No overtaking,326010,671000,533401,Junction,Cyclist,351078,unset,EH93ER,No crossing facility within 50m or physical crossing facility not controlled by authorised person,No physical crossing facility within 50m,At scene
347511,,Slight,1,1,27/05/2011,Friday,27,May,11,0,1,230,C,,Single carriageway - 2 lanes,60,Not at or within 20 metres of junction,unset,\,,Darkness: street lights present and lit,Fine (without high winds),Dry,None,None,No overtaking,329110,667390,562993,Segment,S.V.N.P.,351079,unset,EH178RZ,No crossing facility within 50m or physical crossing facility not controlled by authorised person,No physical crossing facility within 50m,At scene
348111,,Slight,2,2,25/05/2011,Wednesday,25,May,11,16,0,230,Unclassified,,Single carriageway - 2 lanes,30,Other junction,Give way sign or markings,Unclassified,,Daylight: street lights present,Fine (without high winds),Dry,None,None,No overtaking,324300,673630,10258595,Junction,T.V.N.P.,351080,unset,EH37JA,No crossing facility within 50m or physical crossing facility not controlled by authorised person,No physical crossing facility within 50m,At scene
348211,,Slight,2,2,25/05/2011,Wednesday,25,May,11,16,30,230,C,,Single carriageway - 2 lanes,30,Crossroads,Automatic Traffic Signal,Unclassified,,Daylight: street lights present,Fine (without high winds),Dry,None,None,No overtaking,326910,674310,520689,Junction,T.V.N.P.,351081,unset,EH88EJ,No crossing facility within 50m or physical crossing facility not controlled by authorised person,No physical crossing facility within 50m,Elsewhere
349411,,Slight,3,1,26/05/2011,Thursday,26,May,11,14,10,230,A,6095,Single carriageway - 2 lanes,30,Not at or within 20 metres of junction,unset,\,,Daylight: street lights present,Fine (without high winds),Dry,None,None,No overtaking,328920,671660,553846,Segment,M.V.N.P.,351082,unset,EH164BE,No crossing facility within 50m or physical crossing facility not controlled by authorised person,No physical crossing facility within 50m,Elsewhere
349511,,Slight,2,1,25/05/2011,Wednesday,25,May,11,16,25,230,Unclassified,,Single carriageway - 2 lanes,30,Other junction,Give way sign or markings,Unclassified,,Daylight: no street lighting,Fine (without high winds),Dry,None,None,No overtaking,324210,675950,519418,Junction,Cyclist,351083,unset,EH35QF,No crossing facility within 50m or physical crossing facility not controlled by authorised person,No physical crossing facility within 50m,At scene
350811,,Slight,4,1,26/05/2011,Thursday,26,May,11,16,30,230,Unclassified,,Single carriageway - 2 lanes,30,'T' or staggered junction,Give way sign or markings,Unclassified,,Daylight: street lights present,Fine (without high winds),Dry,None,None,No overtaking,322480,673790,520836,Junction,M.V.N.P.,351084,unset,EH126HE,Control by other authorised person,Central refuge - no other controls,At scene
350911,,Slight,1,1,27/05/2011,Friday,27,May,11,15,55,230,Unclassified,,Single carriageway - 2 lanes,30,Other junction,Give way sign or markings,Unclassified,,Daylight: no street lighting,Fine (without high winds),Dry,None,None,No overtaking,324530,671290,530425,Junction,Bus,351085,unset,EH104QP,Control by other authorised person,"Pelican, puffin, toucan or similar non-junction pedestrian light crossing",At scene