acc_ref,beat_no,severity,no_vehicle,no_casualt,a_date,a_day,a_date_day,a_date_mon,a_date_yr,a_time_hr,a_time_min,loc_auth,road1_class,road1_no,road_type,speed_limi,junc_det,junc_ctrl,road2_class,road2_no,light_cond,weather,road_surf,spec_cond,cway_hzrds,ovrtk_patrn,easting,northing,net_id,net_type,acc_type,text_id,division,Postcode,ped_xing_hc,ped_xing_p,place_reported
352311,,Serious,2,2,27/05/2011,Friday,27,May,11,12,55,230,A,720,Dual carriageway - 2 lanes,70,Not at or within 20 metres of junction,unset,\,,Daylight: no street lighting,Fine (without high winds),Dry,None,None,No overtaking,322500,668020,570552,Segment,T.V.N.P.,351086,unset,EH139QP,No crossing facility within 50m or physical crossing facility not controlled by authorised person,No physical crossing facility within 50m,At scene
354011,,Slight,1,1,27/05/2011,Friday,27,May,11,11,45,230,C,,Single carriageway - 2 lanes,30,Crossroads,Automatic Traffic Signal,Unclassified,,Daylight: street lights present,Fine (without high winds),Dry,None,None,No overtaking,326160,673700,521157,Junction,Bus,351087,unset,EH88AA,No crossing facility within 50m or physical crossing facility not controlled by authorised person,No physical crossing facility within 50m,Elsewhere
355311,,Slight,2,1,28/05/2011,Saturday,28,May,11,18,58,230,Unclassified,,Single carriageway - 2 lanes,30,Not at or within 20 metres of junction,unset,\,,Daylight: street lights present,Fine with high winds,Dry,None,None,No overtaking,321350,667950,0,Unset,Cyclist,351088,unset,EH130PA,No crossing facility within 50m or physical crossing facility not controlled by authorised person,No physical crossing facility within 50m,Elsewhere
355611,,Serious,1,2,29/05/2011,Sunday,29,May,11,13,40,230,A,8,Dual carriageway - 2 lanes,30,Not at or within 20 metres of junction,unset,\,,Daylight: no street lighting,Fine (without high winds),Dry,None,None,No overtaking,325050,673780,551193,Segment,Pedestrian,351089,unset,EH23AA,No crossing facility within 50m or physical crossing facility not controlled by authorised person,Central refuge - no other controls,At scene
355711,,Slight,1,1,29/05/2011,Sunday,29,May,11,18,30,230,A,199,Single carriageway - 2 lanes,40,Not at or within 20 metres of junction,unset,\,,Daylight: street lights present,Fine with high winds,Dry,None,None,No overtaking,329020,675620,563287,Segment,S.V.N.P.,351090,unset,EH67LW,No crossing facility within 50m or physical crossing facility not controlled by authorised person,No physical crossing facility within 50m,At scene
355911,,Slight,3,1,28/05/2011,Saturday,28,May,11,12,10,230,Unclassified,,Single carriageway - 2 lanes,20,'T' or staggered junction,Give way sign or markings,Unclassified,,Daylight: street lights present,Fine with high winds,Dry,None,None,No overtaking,318320,668100,0,Unset,Pedestrian,351091,unset,EH145LN,No crossing facility within 50m or physical crossing facility not controlled by authorised person,No physical crossing facility within 50m,At scene
360611,,Slight,2,1,30/05/2011,Monday,30,May,11,11,45,230,Unclassified,,Single carriageway - 2 lanes,30,Not at or within 20 metres of junction,unset,\,,Daylight: no street lighting,Fine (without high winds),Dry,None,None,No overtaking,320070,672720,564511,Segment,T.V.N.P.,351092,unset,EH127HD,No crossing facility within 50m or physical crossing facility not controlled by authorised person,No physical crossing facility within 50m,Elsewhere
361511,,Slight,2,1,30/05/2011,Monday,30,May,11,16,30,230,Unclassified,,Single carriageway - 2 lanes,30,'T' or staggered junction,Give way sign or markings,Unclassified,,Daylight: no street lighting,Fine (without high winds),Dry,None,None,No overtaking,321000,674510,519984,Junction,Cyclist,351093,unset,EH43PP,No crossing facility within 50m or physical crossing facility not controlled by authorised person,No physical crossing facility within 50m,Elsewhere
362611,,Slight,1,1,31/05/2011,Tuesday,31,May,11,11,5,230,A,70,Single carriageway - 2 lanes,30,Not at or within 20 metres of junction,unset,\,,Daylight: street lights present,Fine (without high winds),Dry,None,None,No overtaking,323490,672420,561700,Segment,Bus,351094,unset,EH112JL,Control by other authorised person,Pedestrian phase at traffic signal junction,At scene
363811,,Slight,2,1,31/05/2011,Tuesday,31,May,11,17,0,230,C,,Single carriageway - 2 lanes,30,Not at or within 20 metres of junction,unset,\,,Daylight: street lights present,Fine (without high winds),Dry,None,None,No overtaking,326570,673680,2106535,Segment,Cyclist,351095,unset,EH88AS,No crossing facility within 50m or physical crossing facility not controlled by authorised person,No physical crossing facility within 50m,At scene
364211,,Slight,1,1,31/05/2011,Tuesday,31,May,11,20,20,230,Unclassified,,Single carriageway - 2 lanes,30,'T' or staggered junction,Give way sign or markings,Unclassified,,Daylight: street lights present,Fine (without high winds),Dry,None,None,No overtaking,329590,669380,12219953,Junction,Pedestrian,351096,unset,EH177DQ,No crossing facility within 50m or physical crossing facility not controlled by authorised person,No physical crossing facility within 50m,At scene
364611,,Slight,1,1,31/05/2011,Tuesday,31,May,11,15,45,230,Unclassified,,Single carriageway - 2 lanes,30,Not at or within 20 metres of junction,unset,\,,Daylight: street lights present,Fine (without high winds),Dry,None,None,No overtaking,325330,676720,10310212,Segment,Pedestrian,351097,unset,EH53BJ,No crossing facility within 50m or physical crossing facility not controlled by authorised person,No physical crossing facility within 50m,At scene
365311,,Slight,2,1,31/05/2011,Tuesday,31,May,11,15,10,230,A,71,Single carriageway - 2 lanes,40,Not at or within 20 metres of junction,unset,\,,Daylight: street lights present,Fine (without high winds),Dry,None,None,No overtaking,317620,670170,549641,Segment,T.V.N.P.,351098,unset,EH144AH,No crossing facility within 50m or physical crossing facility not controlled by authorised person,No physical crossing facility within 50m,At scene
366411,,Slight,2,1,01/06/2011,Wednesday,1,June,11,17,15,230,A,71,Roundabout,30,Roundabout,Give way sign or markings,Unclassified,,Daylight: street lights present,Fine (without high winds),Dry,None,None,No overtaking,320770,671110,529501,Junction,Cyclist,354220,unset,EH113PA,No crossing facility within 50m or physical crossing facility not controlled by authorised person,No physical crossing facility within 50m,Elsewhere
366711,,Slight,2,1,01/06/2011,Wednesday,1,June,11,15,56,230,A,8,Single carriageway - 2 lanes,30,Crossroads,Automatic Traffic Signal,Unclassified,,Daylight: no street lighting,Fine (without high winds),Dry,None,None,No overtaking,321950,673130,521235,Junction,T.V.N.P.,354221,unset,EH126JQ,No crossing facility within 50m or physical crossing facility not controlled by authorised person,Pedestrian phase at traffic signal junction,At scene
367011,,Slight,1,1,02/06/2011,Thursday,2,June,11,8,45,230,C,,Single carriageway - 2 lanes,30,Not at or within 20 metres of junction,unset,\,,Daylight: street lights present,Fine (without high winds),Dry,None,None,No overtaking,330360,673700,553579,Segment,Pedestrian,354222,unset,EH151LT,No crossing facility within 50m or physical crossing facility not controlled by authorised person,No physical crossing facility within 50m,Elsewhere
367511,,Serious,1,1,02/06/2011,Thursday,2,June,11,10,0,230,A,8,Single carriageway - 2 lanes,40,Not at or within 20 metres of junction,unset,\,,Daylight: street lights present,Fine (without high winds),Dry,None,None,No overtaking,318840,672820,550667,Segment,Pedestrian,354223,unset,EH128LL,No crossing facility within 50m or physical crossing facility not controlled by authorised person,Pedestrian phase at traffic signal junction,At scene
367711,,Slight,1,1,02/06/2011,Thursday,2,June,11,11,58,230,A,900,Dual carriageway - 2 lanes,30,Not at or within 20 metres of junction,unset,\,,Daylight: street lights present,Fine (without high winds),Dry,None,None,No overtaking,326430,674950,558503,Segment,Bus,354224,unset,EH74LT,Control by other authorised person,Pedestrian phase at traffic signal junction,Elsewhere
368511,,Slight,1,1,02/06/2011,Thursday,2,June,11,17,55,230,B,901,Single carriageway - 2 lanes,30,Crossroads,Automatic Traffic Signal,B,900,Daylight: street lights present,Fine (without high winds),Dry,None,None,No overtaking,325390,675020,519819,Junction,Pedestrian,354225,unset,EH74EA,No crossing facility within 50m or physical crossing facility not controlled by authorised person,No physical crossing facility within 50m,At scene
368611,,Slight,1,1,02/06/2011,Thursday,2,June,11,7,40,230,Unclassified,,Single carriageway - 2 lanes,30,'T' or staggered junction,Give way sign or markings,Unclassified,,Daylight: street lights present,Fine (without high winds),Dry,None,None,No overtaking,324260,669870,532882,Junction,Pedestrian,354226,unset,EH106EY,No crossing facility within 50m or physical crossing facility not controlled by authorised person,Central refuge - no other controls,At scene
369911,,Slight,1,2,03/06/2011,Friday,3,June,11,11,25,230,Unclassified,,Single carriageway - 2 lanes,30,'T' or staggered junction,Automatic Traffic Signal,Unclassified,,Daylight: street lights present,Fine (without high winds),Dry,None,None,No overtaking,324520,670870,529825,Junction,Bus,354227,unset,EH106AD,No crossing facility within 50m or physical crossing facility not controlled by authorised person,No physical crossing facility within 50m,At scene
370011,,Serious,1,1,03/06/2011,Friday,3,June,11,8,43,230,A,7,Single carriageway - 2 lanes,30,Not at or within 20 metres of junction,unset,\,,Daylight: street lights present,Fine (without high winds),Dry,None,None,No overtaking,325870,673910,569270,Segment,Cyclist,354228,unset,EH11BB,No crossing facility within 50m or physical crossing facility not controlled by authorised person,No physical crossing facility within 50m,At scene
370711,,Slight,2,1,03/06/2011,Friday,3,June,11,18,40,230,A,901,Single carriageway - 2 lanes,30,Not at or within 20 metres of junction,unset,\,,Daylight: no street lighting,Fine (without high winds),Dry,None,None,No overtaking,325770,677030,558788,Segment,Cyclist,354229,unset,EH64HY,Control by other authorised person,"Pelican, puffin, toucan or similar non-junction pedestrian light crossing",At scene
370911,,Slight,1,1,03/06/2011,Friday,3,June,11,23,40,230,B,701,Single carriageway - 2 lanes,30,Crossroads,Give way sign or markings,Unclassified,,Darkness: street lights present and lit,Fine (without high winds),Dry,None,None,No overtaking,328560,668490,530332,Junction,Pedestrian,354230,unset,EH178LH,No crossing facility within 50m or physical crossing facility not controlled by authorised person,No physical crossing facility within 50m,At scene
371711,,Slight,2,1,04/06/2011,Saturday,4,June,11,14,0,230,A,6095,Single carriageway - 2 lanes,40,Using private drive or entrance,Give way sign or markings,Unclassified,,Daylight: street lights present,Fine (without high winds),Dry,None,None,No overtaking,328990,671680,523770,Junction,T.V.N.P.,354231,unset,EH164BE,No crossing facility within 50m or physical crossing facility not controlled by authorised person,No physical crossing facility within 50m,Elsewhere
375011,,Slight,1,1,03/06/2011,Friday,3,June,11,12,45,230,Unclassified,,Single carriageway - 2 lanes,30,'T' or staggered junction,Give way sign or markings,C,,Daylight: no street lighting,Fine (without high winds),Dry,None,None,No overtaking,326000,673500,521562,Junction,Pedestrian,354232,unset,EH11NQ,No crossing facility within 50m or physical crossing facility not controlled by authorised person,No physical crossing facility within 50m,At scene
376111,,Slight,2,1,06/06/2011,Monday,6,June,11,8,40,230,Unclassified,,Single carriageway - 2 lanes,30,Not at or within 20 metres of junction,unset,\,,Daylight: street lights present,Fine (without high winds),Dry,None,None,No overtaking,323820,675890,563649,Segment,T.V.N.P.,354233,unset,EH52DN,No crossing facility within 50m or physical crossing facility not controlled by authorised person,No physical crossing facility within 50m,Elsewhere
376311,,Slight,2,1,31/05/2011,Tuesday,31,May,11,12,0,230,C,,Single carriageway - 2 lanes,40,Not at or within 20 metres of junction,unset,\,,Daylight: street lights present,Fine (without high winds),Dry,None,None,No overtaking,325330,673080,567120,Segment,Cyclist,351099,unset,EH39EZ,No crossing facility within 50m or physical crossing facility not controlled by authorised person,No physical crossing facility within 50m,Elsewhere
377111,,Slight,2,1,06/06/2011,Monday,6,June,11,16,28,230,Unclassified,,Single carriageway - 2 lanes,30,Crossroads,Give way sign or markings,Unclassified,,Daylight: no street lighting,Fine (without high winds),Dry,None,None,No overtaking,319690,670500,0,Unset,T.V.N.P.,354234,unset,EH114PB,No crossing facility within 50m or physical crossing facility not controlled by authorised person,No physical crossing facility within 50m,At scene
377511,,Slight,2,1,07/06/2011,Tuesday,7,June,11,8,29,230,A,90,Single carriageway - 2 lanes,40,Multiple junction,Automatic Traffic Signal,B,9085,Daylight: street lights present,Fine (without high winds),Dry,None,None,No overtaking,320650,675130,519720,Junction,T.V.N.P.,354235,unset,EH47AG,Control by other authorised person,Pedestrian phase at traffic signal junction,At scene
377711,,Slight,2,1,06/06/2011,Monday,6,June,11,14,35,230,A,6095,Single carriageway - 2 lanes,30,Not at or within 20 metres of junction,unset,\,,Daylight: no street lighting,Fine (without high winds),Dry,None,None,No overtaking,327570,671300,553879,Segment,Bus,354236,unset,EH165LH,No crossing facility within 50m or physical crossing facility not controlled by authorised person,No physical crossing facility within 50m,At scene
377911,,Slight,2,1,06/06/2011,Monday,6,June,11,20,15,230,Unclassified,,Single carriageway - 2 lanes,30,Not at or within 20 metres of junction,unset,\,,Daylight: street lights present,Fine (without high winds),Dry,None,None,No overtaking,319560,674450,0,Unset,Cyclist,354237,unset,EH47PS,No crossing facility within 50m or physical crossing facility not controlled by authorised person,No physical crossing facility within 50m,Elsewhere
378911,,Slight,1,1,07/06/2011,Tuesday,7,June,11,15,5,230,Unclassified,,Single carriageway - 2 lanes,30,Crossroads,Give way sign or markings,Unclassified,,Daylight: street lights present,Fine (without high winds),Dry,None,None,No overtaking,325690,672320,12220041,Junction,Pedestrian,354238,unset,EH91TP,No crossing facility within 50m or physical crossing facility not controlled by authorised person,No physical crossing facility within 50m,Elsewhere
379511,,Slight,1,1,07/06/2011,Tuesday,7,June,11,21,45,230,A,71,Dual carriageway - 2 lanes,40,Not at or within 20 metres of junction,unset,\,,Daylight: street lights present,Fine (without high winds),Dry,None,Any animal in carriagway (except riden hors,No overtaking,320590,671040,549818,Segment,S.V.N.P.,354239,unset,EH113RQ,No crossing facility within 50m or physical crossing facility not controlled by authorised person,No physical crossing facility within 50m,At scene
380911,,Slight,2,1,08/06/2011,Wednesday,8,June,11,6,0,230,A,772,Single carriageway - 2 lanes,30,Not at or within 20 metres of junction,unset,\,,Daylight: street lights present,Fine (without high winds),Dry,None,None,No overtaking,328840,669130,569375,Segment,Cyclist,354240,unset,EH177SA,No crossing facility within 50m or physical crossing facility not controlled by authorised person,No physical crossing facility within 50m,Elsewhere
381211,,Serious,2,3,08/06/2011,Wednesday,8,June,11,10,50,230,Unclassified,,Single carriageway - 2 lanes,30,'T' or staggered junction,Give way sign or markings,Unclassified,,Daylight: street lights present,Fine (without high winds),Dry,None,None,No overtaking,318640,670910,12232045,Junction,Bus,354241,unset,EH114DW,No crossing facility within 50m or physical crossing facility not controlled by authorised person,No physical crossing facility within 50m,At scene
383011,,Slight,2,2,08/06/2011,Wednesday,8,June,11,17,10,230,Unclassified,,One way Street,30,Other junction,Give way sign or markings,B,700,Daylight: street lights present,Fine (without high winds),Dry,None,None,No overtaking,324340,673220,521361,Junction,T.V.N.P.,354242,unset,EH38DZ,No crossing facility within 50m or physical crossing facility not controlled by authorised person,No physical crossing facility within 50m,Elsewhere
383911,,Slight,1,1,08/06/2011,Wednesday,8,June,11,21,30,230,B,900,Single carriageway - 2 lanes,30,Other junction,Give way sign or markings,Unclassified,,Daylight: street lights present,Other,Dry,None,None,No overtaking,325870,675420,519849,Junction,Pedestrian,354243,unset,EH74LD,Control by school crossing patrol,Pedestrian phase at traffic signal junction,At scene
384211,,Slight,1,1,09/06/2011,Thursday,9,June,11,8,0,230,Unclassified,,Single carriageway - 2 lanes,30,'T' or staggered junction,Give way sign or markings,Unclassified,,Daylight: street lights present,Fine (without high winds),Dry,None,None,No overtaking,325920,673020,0,Unset,Pedestrian,354244,unset,EH89JU,No crossing facility within 50m or physical crossing facility not controlled by authorised person,No physical crossing facility within 50m,At scene
385211,,Slight,3,1,10/06/2011,Friday,10,June,11,10,10,230,C,,Single carriageway - 2 lanes,30,Not at or within 20 metres of junction,unset,\,,Daylight: no street lighting,Fine (without high winds),Dry,None,None,No overtaking,324920,674090,566753,Segment,M.V.N.P.,354245,unset,EH23NS,No crossing facility within 50m or physical crossing facility not controlled by authorised person,Pedestrian phase at traffic signal junction,Elsewhere
385311,,Slight,3,1,02/06/2011,Thursday,2,June,11,11,20,230,C,,Single carriageway - 2 lanes,30,Crossroads,Automatic Traffic Signal,C,,Daylight: street lights present,Fine (without high winds),Dry,None,None,No overtaking,323670,672450,533383,Junction,M.V.N.P.,354246,unset,EH111EF,No crossing facility within 50m or physical crossing facility not controlled by authorised person,"Pelican, puffin, toucan or similar non-junction pedestrian light crossing",At scene
385411,,Slight,1,1,09/06/2011,Thursday,9,June,11,19,37,230,A,71,Roundabout,50,Roundabout,Automatic Traffic Signal,A,720,Daylight: no street lighting,Fine (without high winds),Dry,None,None,No overtaking,318650,670360,2307030,Junction,S.V.N.P.,354247,unset,EH144AW,No crossing facility within 50m or physical crossing facility not controlled by authorised person,No physical crossing facility within 50m,At scene
385511,,Slight,2,1,09/06/2011,Thursday,9,June,11,16,15,230,A,8,Single carriageway - 2 lanes,30,Crossroads,Automatic Traffic Signal,B,700,Daylight: street lights present,Fine (without high winds),Dry,None,None,No overtaking,324270,673250,521352,Junction,Cyclist,354248,unset,EH38DY,No crossing facility within 50m or physical crossing facility not controlled by authorised person,Central refuge - no other controls,Elsewhere
385711,,Slight,1,1,10/06/2011,Friday,10,June,11,20,29,230,A,702,Single carriageway - 2 lanes,30,Not at or within 20 metres of junction,unset,\,,Daylight: street lights present,Fine (without high winds),Dry,None,None,No overtaking,324500,671970,548994,Segment,Pedestrian,354249,unset,EH104DH,No crossing facility within 50m or physical crossing facility not controlled by authorised person,No physical crossing facility within 50m,At scene
386211,,Slight,2,2,09/06/2011,Thursday,9,June,11,22,20,230,Motorway,8,Roundabout,30,Roundabout,Automatic Traffic Signal,Motorway,8,Daylight: street lighting unknown,Fine (without high winds),Dry,None,None,No overtaking,318170,671020,6452838,Junction,T.V.N.P.,354250,unset,EH129BU,No crossing facility within 50m or physical crossing facility not controlled by authorised person,No physical crossing facility within 50m,At scene
388411,,Slight,1,1,11/06/2011,Saturday,11,June,11,12,0,230,A,902,Single carriageway - 2 lanes,30,Not at or within 20 metres of junction,unset,\,,Daylight: no street lighting,Fine (without high winds),Dry,None,None,No overtaking,322150,674890,563694,Segment,S.V.N.P.,354251,unset,EH42SD,No crossing facility within 50m or physical crossing facility not controlled by authorised person,No physical crossing facility within 50m,At scene
388911,,Serious,1,1,12/06/2011,Sunday,12,June,11,20,20,230,A,8,Single carriageway - 2 lanes,30,Not at or within 20 metres of junction,unset,\,,Daylight: no street lighting,Fine (without high winds),Dry,None,None,No overtaking,320970,672870,550713,Segment,Pedestrian,354252,unset,EH126TS,No crossing facility within 50m or physical crossing facility not controlled by authorised person,No physical crossing facility within 50m,At scene
390211,,Slight,2,1,06/06/2011,Monday,6,June,11,12,40,230,A,70,Unknown,30,Multiple junction,Automatic Traffic Signal,C,,Daylight: street lights present,Fine (without high winds),Dry,None,None,No overtaking,323500,672480,521994,Junction,T.V.N.P.,354253,unset,EH112JQ,No crossing facility within 50m or physical crossing facility not controlled by authorised person,Pedestrian phase at traffic signal junction,At scene
390311,,Serious,1,1,11/06/2011,Saturday,11,June,11,20,59,230,A,900,Single carriageway - 2 lanes,30,'T' or staggered junction,Give way sign or markings,Unclassified,,Daylight: street lights present,Other,Dry,None,None,No overtaking,326890,675770,519490,Junction,S.V.N.P.,354254,unset,EH65HB,No crossing facility within 50m or physical crossing facility not controlled by authorised person,No physical crossing facility within 50m,Elsewhere
390811,,Slight,2,3,11/06/2011,Saturday,11,June,11,21,30,230,A,8,Single carriageway - 2 lanes,30,Crossroads,Automatic Traffic Signal,C,,Daylight: street lights present,Raining (without high winds),Dry,None,None,No overtaking,325360,673870,521052,Junction,T.V.N.P.,354255,unset,EH22ER,No crossing facility within 50m or physical crossing facility not controlled by authorised person,Pedestrian phase at traffic signal junction,At scene
391411,,Slight,2,1,11/06/2011,Saturday,11,June,11,12,15,230,C,,Single carriageway - 2 lanes,30,Not at or within 20 metres of junction,unset,\,,Daylight: street lights present,Raining (without high winds),Dry,None,None,No overtaking,327780,675820,2106448,Segment,Cyclist,354256,unset,EH67LY,Control by other authorised person,Pedestrian phase at traffic signal junction,Elsewhere
391911,,Slight,2,2,12/06/2011,Sunday,12,June,11,12,45,230,Unclassified,,Dual carriageway - 2 lanes,30,Not at or within 20 metres of junction,unset,\,,Daylight: street lights present,Fine (without high winds),Dry,None,None,No overtaking,320870,676210,557329,Segment,T.V.N.P.,354257,unset,EH45LA,No crossing facility within 50m or physical crossing facility not controlled by authorised person,No physical crossing facility within 50m,At scene
392011,,Slight,1,1,12/06/2011,Sunday,12,June,11,15,5,230,Unclassified,,Single carriageway - 2 lanes,30,Not at or within 20 metres of junction,unset,\,,Daylight: street lights present,Fine (without high winds),Dry,None,None,No overtaking,326950,675000,10331469,Segment,Pedestrian,354258,unset,EH75LY,No crossing facility within 50m or physical crossing facility not controlled by authorised person,No physical crossing facility within 50m,Elsewhere
392411,,Slight,1,1,12/06/2011,Sunday,12,June,11,16,55,230,Unclassified,,Single carriageway - 2 lanes,30,Not at or within 20 metres of junction,unset,\,,Daylight: street lights present,Fine (without high winds),Dry,None,None,No overtaking,326320,676890,0,Unset,Pedestrian,354259,unset,EH66NW,No crossing facility within 50m or physical crossing facility not controlled by authorised person,No physical crossing facility within 50m,At scene
392611,,Slight,1,1,11/06/2011,Saturday,11,June,11,3,30,230,C,,Roundabout,30,Roundabout,Give way sign or markings,B,901,Darkness: street lights present but unlit,Fine (without high winds),Dry,None,None,No overtaking,325710,674660,520206,Junction,Pedestrian,354260,unset,EH36LY,Control by other authorised person,Pedestrian phase at traffic signal junction,Elsewhere
392811,,Slight,2,1,06/06/2011,Monday,6,June,11,13,30,230,A,90,Single carriageway - 2 lanes,40,Multiple junction,Automatic Traffic Signal,Unclassified,,Daylight: street lights present,Fine (without high winds),Dry,None,None,No overtaking,321560,674910,520026,Junction,T.V.N.P.,354261,unset,EH42AJ,Control by other authorised person,Pedestrian phase at traffic signal junction,At scene
392911,,Slight,2,1,01/06/2011,Wednesday,1,June,11,16,10,230,C,,Single carriageway - 2 lanes,30,Using private drive or entrance,Give way sign or markings,Unclassified,,Daylight: street lights present,Fine (without high winds),Dry,None,None,No overtaking,326120,673530,2106508,Segment,Cyclist,354262,unset,EH11NA,No crossing facility within 50m or physical crossing facility not controlled by authorised person,No physical crossing facility within 50m,Elsewhere
394811,,Serious,2,1,01/06/2011,Wednesday,1,June,11,12,40,230,Unclassified,,Single carriageway - 2 lanes,30,Other junction,Give way sign or markings,Unclassified,,Daylight: street lights present,Fine (without high winds),Dry,None,None,No overtaking,324100,670160,530014,Junction,Cyclist,354263,unset,EH105SQ,Control by other authorised person,Pedestrian phase at traffic signal junction,At scene
395311,,Slight,2,3,11/06/2011,Saturday,11,June,11,17,0,230,Unclassified,,Single carriageway - 2 lanes,30,Using private drive or entrance,Give way sign or markings,Unclassified,,Daylight: street lights present,Raining (without high winds),Dry,None,None,No overtaking,312580,674540,555141,Segment,T.V.N.P.,354264,unset,EH299BE,Control by other authorised person,Pedestrian phase at traffic signal junction,Elsewhere
396211,,Slight,1,1,11/06/2011,Saturday,11,June,11,10,50,230,C,,Single carriageway - 2 lanes,30,Not at or within 20 metres of junction,unset,\,,Daylight: street lights present,Raining (without high winds),Dry,None,None,No overtaking,328930,671260,553654,Segment,S.V.N.P.,354265,unset,EH164SY,No crossing facility within 50m or physical crossing facility not controlled by authorised person,No physical crossing facility within 50m,At scene
396811,,Slight,1,1,14/06/2011,Tuesday,14,June,11,11,15,230,A,720,Dual carriageway - 2 lanes,70,Not at or within 20 metres of junction,unset,\,,Daylight: no street lighting,Fine (without high winds),Dry,None,None,No overtaking,330010,667680,2579183,Segment,S.V.N.P.,354266,unset,EH181AT,No crossing facility within 50m or physical crossing facility not controlled by authorised person,No physical crossing facility within 50m,At scene
397111,,Slight,1,1,14/06/2011,Tuesday,14,June,11,17,55,230,C,,Single carriageway - 2 lanes,30,'T' or staggered junction,Give way sign or markings,C,,Daylight: street lights present,Fine (without high winds),Dry,None,None,No overtaking,326490,671830,529456,Junction,Pedestrian,354267,unset,EH91SS,No crossing facility within 50m or physical crossing facility not controlled by authorised person,No physical crossing facility within 50m,Elsewhere
397311,,Slight,2,1,14/06/2011,Tuesday,14,June,11,17,40,230,Unclassified,,Roundabout,30,Roundabout,Give way sign or markings,C,,Daylight: street lights present,Fine (without high winds),Dry,None,None,No overtaking,321370,671750,522165,Junction,Cyclist,354268,unset,EH113JY,No crossing facility within 50m or physical crossing facility not controlled by authorised person,Zebra crossing,Elsewhere
398511,,Slight,1,1,15/06/2011,Wednesday,15,June,11,6,0,230,Unclassified,,One way Street,40,Not at or within 20 metres of junction,unset,\,,Daylight: no street lighting,Fine (without high winds),Dry,None,None,No overtaking,323750,672560,559293,Segment,S.V.N.P.,354269,unset,EH112EF,No crossing facility within 50m or physical crossing facility not controlled by authorised person,No physical crossing facility within 50m,At scene
400211,,Slight,2,2,16/06/2011,Thursday,16,June,11,17,10,230,Unclassified,,Single carriageway - 2 lanes,30,'T' or staggered junction,Give way sign or markings,Unclassified,,Daylight: street lights present,Fine (without high winds),Dry,None,None,No overtaking,324730,673950,520983,Junction,T.V.N.P.,354270,unset,EH24HQ,No crossing facility within 50m or physical crossing facility not controlled by authorised person,No physical crossing facility within 50m,Elsewhere
401711,,Slight,2,1,03/06/2011,Friday,3,June,11,16,15,230,Unclassified,,Single carriageway - 2 lanes,30,Using private drive or entrance,Give way sign or markings,Unclassified,,Daylight: no street lighting,Fine (without high winds),Dry,None,None,No overtaking,329860,674390,523452,Junction,Cyclist,354271,unset,EH76TJ,No crossing facility within 50m or physical crossing facility not controlled by authorised person,No physical crossing facility within 50m,At scene
404211,,Serious,2,1,17/06/2011,Friday,17,June,11,20,24,230,B,901,Single carriageway - 2 lanes,30,Not at or within 20 metres of junction,unset,\,,Daylight: street lights present,Fine (without high winds),Dry,None,None,No overtaking,325840,674530,566897,Segment,Cyclist,354272,unset,EH13SB,No crossing facility within 50m or physical crossing facility not controlled by authorised person,No physical crossing facility within 50m,At scene
404411,,Slight,2,1,15/06/2011,Wednesday,15,June,11,8,0,230,C,,Single carriageway - 2 lanes,30,Other junction,Give way sign or markings,Unclassified,,Daylight: street lights present,Fine (without high winds),Dry,None,None,No overtaking,327050,675350,519903,Junction,Cyclist,354273,unset,EH68LQ,No crossing facility within 50m or physical crossing facility not controlled by authorised person,No physical crossing facility within 50m,At scene
404511,,Slight,2,1,17/06/2011,Friday,17,June,11,9,15,230,A,1140,Single carriageway - 2 lanes,30,'T' or staggered junction,Give way sign or markings,Unclassified,,Daylight: street lights present,Fine (without high winds),Dry,None,None,No overtaking,329030,674250,523440,Junction,Cyclist,354274,unset,EH76PX,No crossing facility within 50m or physical crossing facility not controlled by authorised person,No physical crossing facility within 50m,Elsewhere
405011,,Slight,1,1,16/06/2011,Thursday,16,June,11,9,0,230,Unclassified,,Single carriageway - 2 lanes,30,'T' or staggered junction,Give way sign or markings,B,901,Daylight: street lights present,Fine (without high winds),Dry,None,None,No overtaking,325450,674990,520191,Junction,Pedestrian,354275,unset,EH74EA,No crossing facility within 50m or physical crossing facility not controlled by authorised person,No physical crossing facility within 50m,Elsewhere
407011,,Slight,2,1,17/06/2011,Friday,17,June,11,17,15,230,A,71,Single carriageway - 2 lanes,30,Not at or within 20 metres of junction,unset,\,,Daylight: street lights present,Raining (without high winds),Dry,None,None,No overtaking,322730,672210,549716,Segment,Cyclist,354276,unset,EH112QU,Control by other authorised person,Pedestrian phase at traffic signal junction,Elsewhere
407211,,Slight,1,1,18/06/2011,Saturday,18,June,11,16,10,230,A,8,Single carriageway - 2 lanes,30,Not at or within 20 metres of junction,unset,\,,Daylight: street lights present,Raining (without high winds),Dry,None,None,No overtaking,323910,673220,550607,Segment,Bus,354277,unset,EH125JZ,Control by other authorised person,Pedestrian phase at traffic signal junction,Elsewhere
407411,,Slight,1,1,19/06/2011,Sunday,19,June,11,22,10,230,Unclassified,,Single carriageway - 2 lanes,40,Not at or within 20 metres of junction,unset,\,,Daylight: street lights present,Fine (without high winds),Dry,None,None,No overtaking,330070,673780,529624,Junction,S.V.N.P.,354278,unset,EH151LU,Control by other authorised person,Pedestrian phase at traffic signal junction,At scene