acc_ref,beat_no,severity,no_vehicle,no_casualt,a_date,a_day,a_date_day,a_date_mon,a_date_yr,a_time_hr,a_time_min,loc_auth,road1_class,road1_no,road_type,speed_limi,junc_det,junc_ctrl,road2_class,road2_no,light_cond,weather,road_surf,spec_cond,cway_hzrds,ovrtk_patrn,easting,northing,net_id,net_type,acc_type,text_id,division,Postcode,ped_xing_hc,ped_xing_p,place_reported
719811,,Slight,2,1,10/10/2011,Monday,10,October,11,7,0,230,A,900,Roundabout,30,Roundabout,Give way sign or markings,Unclassified,,Darkness: street lights present and lit,Raining (without high winds),Dry,None,None,No overtaking,326000,674340,520620,Junction,Cyclist,351452,unset,EH13JT,No crossing facility within 50m or physical crossing facility not controlled by authorised person,No physical crossing facility within 50m,Elsewhere
719911,,Slight,1,1,08/11/2011,Tuesday,8,November,11,14,40,230,A,903,Single carriageway - 2 lanes,30,'T' or staggered junction,Give way sign or markings,Unclassified,,Daylight: street lights present,Fine (without high winds),Dry,None,None,No overtaking,324180,676860,519022,Junction,Pedestrian,351495,unset,EH51AH,No crossing facility within 50m or physical crossing facility not controlled by authorised person,Central refuge - no other controls,At scene
720011,,Slight,2,1,08/11/2011,Tuesday,8,November,11,17,0,230,C,,Single carriageway - 2 lanes,30,Crossroads,Give way sign or markings,Unclassified,,Daylight: no street lighting,Fine (without high winds),Dry,None,None,No overtaking,327030,675230,519900,Junction,Cyclist,351496,unset,EH68RT,No crossing facility within 50m or physical crossing facility not controlled by authorised person,Pedestrian phase at traffic signal junction,At scene
720211,,Slight,2,1,08/11/2011,Tuesday,8,November,11,17,0,230,Motorway,9,Dual carriageway - 2 lanes,70,Not at or within 20 metres of junction,unset,\,,Darkness: no street lighting,Fine (without high winds),Dry,None,None,No overtaking,312010,673800,562735,Segment,T.V.N.P.,351497,unset,EH299EA,No crossing facility within 50m or physical crossing facility not controlled by authorised person,No physical crossing facility within 50m,At scene
720411,,Slight,1,1,08/11/2011,Tuesday,8,November,11,19,25,230,Unclassified,,Single carriageway - 2 lanes,40,Not at or within 20 metres of junction,unset,\,,Daylight: no street lighting,Fine (without high winds),Dry,None,None,No overtaking,320020,676100,557148,Segment,S.V.N.P.,351498,unset,EH46HR,No crossing facility within 50m or physical crossing facility not controlled by authorised person,No physical crossing facility within 50m,At scene
721011,,Slight,2,1,07/11/2011,Monday,7,November,11,8,50,230,C,,Single carriageway - 2 lanes,30,Not at or within 20 metres of junction,unset,\,,Daylight: no street lighting,Fine (without high winds),Dry,None,None,No overtaking,325270,673420,558203,Segment,Cyclist,351499,unset,EH12NG,No crossing facility within 50m or physical crossing facility not controlled by authorised person,No physical crossing facility within 50m,At scene
721311,,Slight,2,1,08/11/2011,Tuesday,8,November,11,17,20,230,Unclassified,,Single carriageway - 2 lanes,30,'T' or staggered junction,Automatic Traffic Signal,Unclassified,,Darkness: street lights present but unlit,Fine (without high winds),Dry,None,None,No overtaking,326270,672400,532774,Junction,Cyclist,351500,unset,EH91QB,No crossing facility within 50m or physical crossing facility not controlled by authorised person,No physical crossing facility within 50m,Elsewhere
722911,,Serious,1,1,09/11/2011,Wednesday,9,November,11,8,30,230,A,900,Single carriageway - 2 lanes,30,'T' or staggered junction,Automatic Traffic Signal,A,900,Daylight: street lights present,Fine (without high winds),Dry,None,None,No overtaking,325990,674180,12288417,Junction,Pedestrian,351501,unset,EH13AA,No crossing facility within 50m or physical crossing facility not controlled by authorised person,Pedestrian phase at traffic signal junction,At scene
723611,,Slight,2,1,09/11/2011,Wednesday,9,November,11,13,10,230,Unclassified,,Single carriageway - 2 lanes,30,Using private drive or entrance,Give way sign or markings,Unclassified,,Daylight: no street lighting,Fine (without high winds),Dry,None,None,No overtaking,319290,671070,9659733,Segment,T.V.N.P.,351502,unset,EH114BY,No crossing facility within 50m or physical crossing facility not controlled by authorised person,No physical crossing facility within 50m,At scene
723711,,Slight,2,1,07/11/2011,Monday,7,November,11,16,20,230,Unclassified,,Single carriageway - 2 lanes,30,Not at or within 20 metres of junction,unset,\,,Darkness: street lights present and lit,Fine (without high winds),Dry,None,None,No overtaking,319340,672840,551757,Segment,T.V.N.P.,351503,unset,EH128HH,No crossing facility within 50m or physical crossing facility not controlled by authorised person,No physical crossing facility within 50m,Elsewhere
723811,,Slight,1,1,09/11/2011,Wednesday,9,November,11,17,15,230,C,,Dual carriageway - 2 lanes,30,Not at or within 20 metres of junction,unset,\,,Darkness: street lights present but unlit,Fine (without high winds),Dry,None,None,No overtaking,326820,672520,557413,Segment,Pedestrian,351504,unset,EH165BG,No crossing facility within 50m or physical crossing facility not controlled by authorised person,"Pelican, puffin, toucan or similar non-junction pedestrian light crossing",At scene
724211,,Slight,2,1,09/11/2011,Wednesday,9,November,11,17,0,230,Unclassified,,Single carriageway - 2 lanes,40,'T' or staggered junction,Give way sign or markings,A,90,Daylight: no street lighting,Fine (without high winds),Dry,None,None,No overtaking,319570,674990,519981,Junction,Cyclist,351505,unset,EH46ER,No crossing facility within 50m or physical crossing facility not controlled by authorised person,Pedestrian phase at traffic signal junction,At scene
727211,,Slight,1,1,10/11/2011,Thursday,10,November,11,18,12,230,C,,Single carriageway - 2 lanes,30,'T' or staggered junction,Automatic Traffic Signal,B,901,Darkness: street lights present and lit,Fine (without high winds),Dry,None,None,No overtaking,325960,674380,520599,Junction,Bus,351506,unset,EH13JT,No crossing facility within 50m or physical crossing facility not controlled by authorised person,"Pelican, puffin, toucan or similar non-junction pedestrian light crossing",At scene
728811,,Slight,1,1,11/11/2011,Friday,11,November,11,17,45,230,A,8,Dual carriageway - 2 lanes,30,Other junction,Automatic Traffic Signal,C,,Darkness: street lights present and lit,Other,Dry,None,None,No overtaking,325210,673820,521037,Junction,Pedestrian,351507,unset,EH22HG,No crossing facility within 50m or physical crossing facility not controlled by authorised person,No physical crossing facility within 50m,At scene
728911,,Slight,2,1,11/11/2011,Friday,11,November,11,17,0,230,B,701,Single carriageway - 2 lanes,30,Crossroads,Automatic Traffic Signal,C,,Darkness: street lights present and lit,Fine (without high winds),Dry,None,None,No overtaking,328270,668450,530308,Junction,T.V.N.P.,351508,unset,EH166TZ,No crossing facility within 50m or physical crossing facility not controlled by authorised person,Pedestrian phase at traffic signal junction,At scene
729111,,Slight,1,1,11/11/2011,Friday,11,November,11,23,23,230,A,901,Single carriageway - 2 lanes,30,Crossroads,Automatic Traffic Signal,B,900,Darkness: street lights present and lit,Raining (without high winds),Dry,None,None,No overtaking,326730,676160,531355,Junction,Pedestrian,351509,unset,EH65JB,No crossing facility within 50m or physical crossing facility not controlled by authorised person,"Pelican, puffin, toucan or similar non-junction pedestrian light crossing",At scene
729411,,Serious,3,3,11/11/2011,Friday,11,November,11,17,15,230,Motorway,8,Unknown,70,Not at or within 20 metres of junction,unset,\,,Darkness: no street lighting,Fine (without high winds),Dry,None,None,No overtaking,317720,670650,6452114,Segment,M.V.N.P.,351510,unset,EH129BU,No crossing facility within 50m or physical crossing facility not controlled by authorised person,No physical crossing facility within 50m,At scene
730011,,Slight,2,1,12/11/2011,Saturday,12,November,11,9,20,230,Unclassified,,Dual carriageway - 2 lanes,30,Not at or within 20 metres of junction,unset,\,,Daylight: no street lighting,Fine (without high winds),Dry,None,None,No overtaking,325930,673240,560073,Segment,T.V.N.P.,351511,unset,EH89BL,No crossing facility within 50m or physical crossing facility not controlled by authorised person,No physical crossing facility within 50m,At scene
730211,,Slight,1,1,13/11/2011,Sunday,13,November,11,2,20,230,Unclassified,,Single carriageway - 2 lanes,30,Not at or within 20 metres of junction,unset,\,,Darkness: street lights present and lit,Fine (without high winds),Dry,None,None,No overtaking,323420,671650,564145,Segment,S.V.N.P.,351512,unset,EH111RG,No crossing facility within 50m or physical crossing facility not controlled by authorised person,No physical crossing facility within 50m,At scene
730611,,Serious,2,3,10/11/2011,Thursday,10,November,11,15,0,230,A,90,Single carriageway - 2 lanes,30,Not at or within 20 metres of junction,unset,\,,Daylight: street lights present,Fine (without high winds),Dry,None,None,No overtaking,323700,674230,555573,Segment,T.V.N.P.,351513,unset,EH42HS,No crossing facility within 50m or physical crossing facility not controlled by authorised person,No physical crossing facility within 50m,At scene
731711,,Slight,1,1,12/11/2011,Saturday,12,November,11,17,15,230,C,,Single carriageway - 2 lanes,30,Other junction,Automatic Traffic Signal,B,901,Darkness: street lights present and lit,Fine (without high winds),Dry,None,None,No overtaking,325930,674380,520599,Junction,Pedestrian,351514,unset,EH13JG,No crossing facility within 50m or physical crossing facility not controlled by authorised person,Pedestrian phase at traffic signal junction,Elsewhere
732111,,Slight,2,1,13/11/2011,Sunday,13,November,11,10,25,230,A,8,Single carriageway - 2 lanes,40,Other junction,Give way sign or markings,A,8,Daylight: street lights present,Fine (without high winds),Dry,None,None,No overtaking,318670,672790,4550182,Junction,T.V.N.P.,351515,unset,EH128LJ,No crossing facility within 50m or physical crossing facility not controlled by authorised person,No physical crossing facility within 50m,At scene
733811,,Slight,1,1,14/11/2011,Monday,14,November,11,18,0,230,C,,Single carriageway - 2 lanes,30,Crossroads,Automatic Traffic Signal,C,,Darkness: street lights present and lit,Fine (without high winds),Dry,None,None,No overtaking,325300,674200,520521,Junction,Pedestrian,351516,unset,EH21JX,No crossing facility within 50m or physical crossing facility not controlled by authorised person,Pedestrian phase at traffic signal junction,At scene
734811,,Slight,2,1,14/11/2011,Monday,14,November,11,16,10,230,A,7,Single carriageway - 2 lanes,30,Crossroads,Automatic Traffic Signal,Unclassified,,Darkness: street lights present and lit,Fine (without high winds),Dry,None,None,No overtaking,326340,672620,532690,Junction,Cyclist,351517,unset,EH89JD,No crossing facility within 50m or physical crossing facility not controlled by authorised person,Pedestrian phase at traffic signal junction,At scene
734911,,Slight,2,1,14/01/2011,Friday,14,January,11,9,5,230,Unclassified,,Single carriageway - 2 lanes,40,Not at or within 20 metres of junction,unset,\,,Daylight: street lights present,Fine (without high winds),Dry,None,None,No overtaking,324190,672910,559245,Segment,T.V.N.P.,356879,unset,EH38DZ,No crossing facility within 50m or physical crossing facility not controlled by authorised person,No physical crossing facility within 50m,Elsewhere
736611,,Serious,2,1,15/11/2011,Tuesday,15,November,11,18,45,230,A,71,Single carriageway - 2 lanes,30,'T' or staggered junction,Give way sign or markings,Unclassified,,Darkness: street lights present and lit,Fine (without high winds),Dry,None,None,No overtaking,323000,672280,521958,Junction,T.V.N.P.,351518,unset,EH111TU,No crossing facility within 50m or physical crossing facility not controlled by authorised person,"Pelican, puffin, toucan or similar non-junction pedestrian light crossing",At scene
736911,,Fatal,2,1,15/11/2011,Tuesday,15,November,11,18,53,230,A,199,Single carriageway - 2 lanes,30,'T' or staggered junction,Give way sign or markings,Unclassified,,Daylight: no street lighting,Fine (without high winds),Dry,None,None,No overtaking,327520,676400,519280,Junction,T.V.N.P.,351519,unset,EH67HW,No crossing facility within 50m or physical crossing facility not controlled by authorised person,Pedestrian phase at traffic signal junction,At scene
737111,,Slight,1,1,06/11/2011,Sunday,6,November,11,0,5,230,A,702,Single carriageway - 2 lanes,30,Other junction,Automatic Traffic Signal,Unclassified,,Darkness: street lights present and lit,Raining (without high winds),Dry,None,None,No overtaking,324760,673520,520953,Junction,Pedestrian,351520,unset,EH12DP,No crossing facility within 50m or physical crossing facility not controlled by authorised person,Pedestrian phase at traffic signal junction,At scene
737811,,Slight,2,2,16/11/2011,Wednesday,16,November,11,11,10,230,Unclassified,,Single carriageway - 2 lanes,40,Other junction,Give way sign or markings,Unclassified,,Daylight: street lights present,Fine (without high winds),Dry,None,None,No overtaking,317920,672790,0,Unset,T.V.N.P.,351521,unset,EH128ND,No crossing facility within 50m or physical crossing facility not controlled by authorised person,No physical crossing facility within 50m,At scene
738011,,Slight,1,1,16/11/2011,Wednesday,16,November,11,8,45,230,Unclassified,,Single carriageway - 2 lanes,30,'T' or staggered junction,Give way sign or markings,Unclassified,,Daylight: street lights present,Fine (without high winds),Dry,None,None,No overtaking,322000,676250,0,Unset,Pedestrian,351522,unset,EH44HP,Control by school crossing patrol,Central refuge - no other controls,Elsewhere
739111,,Slight,2,1,16/11/2011,Wednesday,16,November,11,17,5,230,A,720,Dual carriageway - 2 lanes,70,Not at or within 20 metres of junction,unset,\,,Darkness: no street lighting,Fine (without high winds),Dry,None,None,No overtaking,326490,667090,2588141,Segment,T.V.N.P.,351523,unset,EH209NR,No crossing facility within 50m or physical crossing facility not controlled by authorised person,No physical crossing facility within 50m,Elsewhere
739411,,Slight,2,3,16/11/2011,Wednesday,16,November,11,20,0,230,Unclassified,,Single carriageway - 2 lanes,20,Crossroads,Automatic Traffic Signal,Unclassified,,Daylight: no street lighting,Fine (without high winds),Dry,None,None,No overtaking,323650,671840,522279,Junction,T.V.N.P.,351524,unset,EH111NJ,No crossing facility within 50m or physical crossing facility not controlled by authorised person,Pedestrian phase at traffic signal junction,At scene
739911,,Slight,2,1,16/11/2011,Wednesday,16,November,11,13,10,230,A,701,Single carriageway - 2 lanes,40,Not at or within 20 metres of junction,unset,\,,Daylight: no street lighting,Fine (without high winds),Dry,None,None,No overtaking,326490,672250,569297,Segment,T.V.N.P.,351525,unset,EH91QN,No crossing facility within 50m or physical crossing facility not controlled by authorised person,No physical crossing facility within 50m,Elsewhere
740311,,Slight,2,1,16/11/2011,Wednesday,16,November,11,21,45,230,Unclassified,,Single carriageway - 2 lanes,30,'T' or staggered junction,Give way sign or markings,Unclassified,,Darkness: street lights present and lit,Fine (without high winds),Dry,None,None,No overtaking,318680,670720,12232063,Junction,Cyclist,351526,unset,EH114DW,No crossing facility within 50m or physical crossing facility not controlled by authorised person,No physical crossing facility within 50m,Elsewhere
740411,,Slight,2,1,17/11/2011,Thursday,17,November,11,10,15,230,Unclassified,,Single carriageway - 2 lanes,40,Not at or within 20 metres of junction,unset,\,,Daylight: street lights present,Fine (without high winds),Dry,None,None,No overtaking,323510,672700,559227,Segment,T.V.N.P.,351527,unset,EH112LN,No crossing facility within 50m or physical crossing facility not controlled by authorised person,No physical crossing facility within 50m,Elsewhere
741411,,Slight,2,1,17/11/2011,Thursday,17,November,11,15,38,230,Unclassified,,Single carriageway - 2 lanes,30,Crossroads,Automatic Traffic Signal,Unclassified,,Daylight: street lights present,Fine (without high winds),Dry,Automatic Traffic Signal out,None,No overtaking,324520,670890,529828,Junction,T.V.N.P.,351528,unset,EH106AD,No crossing facility within 50m or physical crossing facility not controlled by authorised person,Pedestrian phase at traffic signal junction,At scene
742211,,Serious,2,1,18/11/2011,Friday,18,November,11,8,15,230,Unclassified,,Single carriageway - 2 lanes,40,Roundabout,Give way sign or markings,A,1,Daylight: street lighting unknown,Fine (without high winds),Dry,None,None,No overtaking,331210,672910,521499,Junction,T.V.N.P.,351529,unset,EH153QH,No crossing facility within 50m or physical crossing facility not controlled by authorised person,No physical crossing facility within 50m,At scene
742411,,Slight,3,1,18/11/2011,Friday,18,November,11,12,30,230,C,,Single carriageway - 2 lanes,30,Not at or within 20 metres of junction,unset,\,,Daylight: street lights present,Fine (without high winds),Dry,None,None,No overtaking,322050,672260,565409,Segment,M.V.N.P.,351530,unset,EH113AX,No crossing facility within 50m or physical crossing facility not controlled by authorised person,No physical crossing facility within 50m,Elsewhere
742511,,Slight,2,1,17/11/2011,Thursday,17,November,11,9,0,230,Unclassified,,Single carriageway - 2 lanes,30,Not at or within 20 metres of junction,unset,\,,Daylight: street lights present,Fine (without high winds),Dry,None,None,No overtaking,328900,673170,0,Unset,T.V.N.P.,351531,unset,EH87NL,No crossing facility within 50m or physical crossing facility not controlled by authorised person,No physical crossing facility within 50m,Elsewhere
742811,,Slight,2,1,18/11/2011,Friday,18,November,11,12,53,230,C,,Single carriageway - 2 lanes,30,Other junction,Give way sign or markings,Unclassified,,Daylight: street lights present,Fine (without high winds),Dry,None,None,No overtaking,326560,671600,529465,Junction,Cyclist,351532,unset,EH92PA,No crossing facility within 50m or physical crossing facility not controlled by authorised person,Central refuge - no other controls,At scene
743011,,Slight,1,1,18/11/2011,Friday,18,November,11,16,10,230,C,,Roundabout,30,Roundabout,Automatic Traffic Signal,C,,Darkness: street lights present and lit,Fine (without high winds),Dry,None,Pedestrian in carriagway - not injured,No overtaking,325150,673990,521070,Junction,Bus,351533,unset,EH22JG,No crossing facility within 50m or physical crossing facility not controlled by authorised person,Pedestrian phase at traffic signal junction,At scene
744011,,Slight,2,1,19/11/2011,Saturday,19,November,11,13,5,230,A,702,Single carriageway - 2 lanes,30,'T' or staggered junction,Automatic Traffic Signal,Unclassified,,Daylight: no street lighting,Fine (without high winds),Dry,None,None,No overtaking,324760,673430,10254968,Junction,Bus,351534,unset,EH12DA,No crossing facility within 50m or physical crossing facility not controlled by authorised person,Pedestrian phase at traffic signal junction,At scene
744111,,Slight,3,3,19/11/2011,Saturday,19,November,11,9,15,230,Unclassified,,Single carriageway - 2 lanes,30,'T' or staggered junction,Give way sign or markings,Unclassified,,Daylight: street lights present,Fine (without high winds),Dry,None,None,No overtaking,323530,668750,533086,Junction,M.V.N.P.,351535,unset,EH139NE,No crossing facility within 50m or physical crossing facility not controlled by authorised person,No physical crossing facility within 50m,At scene
744211,,Slight,1,1,19/11/2011,Saturday,19,November,11,17,44,230,A,7,Single carriageway - 2 lanes,30,Not at or within 20 metres of junction,unset,\,,Darkness: street lights present and lit,Fine (without high winds),Dry,None,None,No overtaking,328190,670690,568093,Segment,Bus,351536,unset,EH164TE,No crossing facility within 50m or physical crossing facility not controlled by authorised person,No physical crossing facility within 50m,At scene
744511,,Slight,2,1,18/11/2011,Friday,18,November,11,21,0,230,Unclassified,,Single carriageway - 2 lanes,30,Other junction,Automatic Traffic Signal,C,,Darkness: street lights present and lit,Fine (without high winds),Dry,None,None,No overtaking,324370,673880,520902,Junction,T.V.N.P.,351537,unset,EH37TT,No crossing facility within 50m or physical crossing facility not controlled by authorised person,No physical crossing facility within 50m,At scene
744811,,Slight,1,1,20/11/2011,Sunday,20,November,11,1,1,230,A,90,Single carriageway - 2 lanes,30,Not at or within 20 metres of junction,unset,\,,Darkness: street lights present and lit,Fine (without high winds),Dry,None,None,No overtaking,324620,673700,555627,Segment,Pedestrian,351538,unset,EH24RA,No crossing facility within 50m or physical crossing facility not controlled by authorised person,"Pelican, puffin, toucan or similar non-junction pedestrian light crossing",At scene
745611,,Slight,1,1,17/11/2011,Thursday,17,November,11,9,30,230,A,7,Single carriageway - 2 lanes,30,Not at or within 20 metres of junction,unset,\,,Daylight: street lights present,Fine (without high winds),Dry,None,None,No overtaking,325960,673560,569279,Segment,Bus,351539,unset,EH11HN,No crossing facility within 50m or physical crossing facility not controlled by authorised person,No physical crossing facility within 50m,At scene
745711,,Slight,2,1,20/11/2011,Sunday,20,November,11,10,30,230,Unclassified,,Single carriageway - 2 lanes,30,Not at or within 20 metres of junction,unset,\,,Daylight: no street lighting,Fine (without high winds),Dry,None,None,No overtaking,325040,670410,0,Unset,T.V.N.P.,351540,unset,EH106BY,No crossing facility within 50m or physical crossing facility not controlled by authorised person,No physical crossing facility within 50m,At scene
747111,,Slight,2,2,21/11/2011,Monday,21,November,11,16,40,230,A,720,Dual carriageway - 2 lanes,70,Slip road,Give way sign or markings,Unclassified,,Darkness: street lights present and lit,Fine (without high winds),Dry,None,None,No overtaking,318760,670150,2581994,Junction,T.V.N.P.,351541,unset,EH142SR,No crossing facility within 50m or physical crossing facility not controlled by authorised person,No physical crossing facility within 50m,At scene
748211,,Slight,2,1,21/11/2011,Monday,21,November,11,7,59,230,A,199,Single carriageway - 2 lanes,30,Crossroads,Automatic Traffic Signal,Unclassified,,Daylight: no street lighting,Fine (without high winds),Dry,None,None,No overtaking,327640,676340,519277,Junction,Cyclist,351542,unset,EH67LA,No crossing facility within 50m or physical crossing facility not controlled by authorised person,Pedestrian phase at traffic signal junction,At scene
748911,,Slight,2,1,22/11/2011,Tuesday,22,November,11,11,25,230,Unclassified,,Single carriageway - 2 lanes,30,Crossroads,Stop sign,Unclassified,,Daylight: street lights present,Fine (without high winds),Dry,None,None,No overtaking,325610,671520,523860,Junction,T.V.N.P.,351543,unset,EH92HZ,No crossing facility within 50m or physical crossing facility not controlled by authorised person,No physical crossing facility within 50m,At scene
749211,,Slight,3,1,22/11/2011,Tuesday,22,November,11,12,10,230,Unclassified,,Single carriageway - 2 lanes,30,Not at or within 20 metres of junction,unset,\,,Daylight: street lights present,Fine (without high winds),Dry,None,None,No overtaking,330250,673120,569094,Segment,M.V.N.P.,351544,unset,EH151JX,No crossing facility within 50m or physical crossing facility not controlled by authorised person,No physical crossing facility within 50m,Elsewhere
751011,,Serious,1,1,16/11/2011,Wednesday,16,November,11,10,30,230,C,,Single carriageway - 2 lanes,30,Not at or within 20 metres of junction,unset,\,,Daylight: street lights present,Fine (without high winds),Dry,None,None,No overtaking,324790,673890,566537,Segment,Bus,351545,unset,EH24JS,No crossing facility within 50m or physical crossing facility not controlled by authorised person,No physical crossing facility within 50m,Elsewhere
751611,,Slight,2,1,23/11/2011,Wednesday,23,November,11,11,0,230,C,,Single carriageway - 2 lanes,30,Not at or within 20 metres of junction,unset,\,,Daylight: street lights present,Fine (without high winds),Dry,None,None,No overtaking,323220,676870,559682,Segment,T.V.N.P.,351546,unset,EH51PD,No crossing facility within 50m or physical crossing facility not controlled by authorised person,"Pelican, puffin, toucan or similar non-junction pedestrian light crossing",At scene
751911,,Slight,2,2,23/11/2011,Wednesday,23,November,11,15,45,230,Unclassified,,Single carriageway - 2 lanes,30,'T' or staggered junction,Give way sign or markings,Unclassified,,Darkness: street lights present and lit,Fine (without high winds),Dry,None,None,No overtaking,330190,673510,523566,Junction,Cyclist,351547,unset,EH151JJ,No crossing facility within 50m or physical crossing facility not controlled by authorised person,No physical crossing facility within 50m,At scene
752011,,Slight,2,1,23/11/2011,Wednesday,23,November,11,16,40,230,A,701,Single carriageway - 2 lanes,30,Crossroads,Automatic Traffic Signal,C,,Darkness: street lights present and lit,Fine (without high winds),Dry,None,None,No overtaking,327380,669440,530191,Junction,T.V.N.P.,351548,unset,EH166JX,No crossing facility within 50m or physical crossing facility not controlled by authorised person,"Pelican, puffin, toucan or similar non-junction pedestrian light crossing",At scene
752111,,Slight,1,1,23/11/2011,Wednesday,23,November,11,15,0,230,Unclassified,,Single carriageway - 2 lanes,30,Not at or within 20 metres of junction,unset,\,,Daylight: street lights present,Raining (without high winds),Dry,None,None,No overtaking,323710,674770,554330,Segment,Pedestrian,351549,unset,EH42HX,No crossing facility within 50m or physical crossing facility not controlled by authorised person,No physical crossing facility within 50m,At scene
752611,,Slight,3,1,23/11/2011,Wednesday,23,November,11,17,50,230,A,720,Dual carriageway - 2 lanes,70,Slip road,Give way sign or markings,C,,Darkness: street lights present and lit,Raining (without high winds),Dry,None,None,No overtaking,328820,667040,2579085,Junction,M.V.N.P.,351550,unset,EH178SD,No crossing facility within 50m or physical crossing facility not controlled by authorised person,No physical crossing facility within 50m,At scene
752711,,Slight,2,1,11/11/2011,Friday,11,November,11,18,0,230,B,1350,Single carriageway - 2 lanes,30,Other junction,Give way sign or markings,Unclassified,,Darkness: street lights present and lit,Unknown,Dry,None,None,No overtaking,326390,674500,520668,Junction,Cyclist,351551,unset,EH75DX,No crossing facility within 50m or physical crossing facility not controlled by authorised person,No physical crossing facility within 50m,Elsewhere
752911,,Slight,2,1,19/11/2011,Saturday,19,November,11,12,40,230,C,,Roundabout,30,Roundabout,Give way sign or markings,C,,Daylight: street lights present,Fine (without high winds),Dry,None,None,No overtaking,325340,674030,520509,Junction,T.V.N.P.,351552,unset,EH22LE,No crossing facility within 50m or physical crossing facility not controlled by authorised person,Pedestrian phase at traffic signal junction,Elsewhere
753311,,Slight,1,1,24/11/2011,Thursday,24,November,11,10,20,230,Unclassified,,Single carriageway - 2 lanes,30,Not at or within 20 metres of junction,unset,\,,Daylight: no street lighting,Fine (without high winds),Dry,None,None,No overtaking,322850,670790,554732,Segment,S.V.N.P.,351553,unset,EH141BY,No crossing facility within 50m or physical crossing facility not controlled by authorised person,No physical crossing facility within 50m,At scene
754511,,Slight,1,1,24/11/2011,Thursday,24,November,11,21,20,230,Unclassified,,Single carriageway - 2 lanes,30,Not at or within 20 metres of junction,unset,\,,Daylight: street lights present,Raining (without high winds),Dry,None,None,No overtaking,325490,673390,2106553,Segment,Pedestrian,351554,unset,EH12HJ,No crossing facility within 50m or physical crossing facility not controlled by authorised person,No physical crossing facility within 50m,At scene
754811,,Slight,2,1,24/11/2011,Thursday,24,November,11,17,15,230,A,772,Single carriageway - 2 lanes,30,Crossroads,Automatic Traffic Signal,C,,Daylight: no street lighting,Fine (without high winds),Dry,None,None,No overtaking,328070,669940,530179,Junction,Cyclist,351555,unset,EH177PR,No crossing facility within 50m or physical crossing facility not controlled by authorised person,Pedestrian phase at traffic signal junction,Elsewhere
754911,,Slight,3,2,25/11/2011,Friday,25,November,11,7,20,230,Unclassified,,Single carriageway - 2 lanes,30,Not at or within 20 metres of junction,unset,\,,Daylight: no street lighting,Raining (without high winds),Dry,None,None,No overtaking,319360,676300,557148,Segment,M.V.N.P.,351556,unset,EH46JH,No crossing facility within 50m or physical crossing facility not controlled by authorised person,No physical crossing facility within 50m,At scene
755011,,Slight,1,1,24/11/2011,Thursday,24,November,11,9,30,230,Unclassified,,Single carriageway - 2 lanes,30,Not at or within 20 metres of junction,unset,\,,Daylight: no street lighting,Fine (without high winds),Dry,None,None,No overtaking,312920,678220,4421969,Segment,S.V.N.P.,351557,unset,EH309SD,No crossing facility within 50m or physical crossing facility not controlled by authorised person,No physical crossing facility within 50m,Elsewhere
755311,,Slight,1,1,25/11/2011,Friday,25,November,11,12,30,230,A,702,Single carriageway - 2 lanes,30,Not at or within 20 metres of junction,unset,\,,Daylight: street lights present,Raining with high winds,Dry,None,None,No overtaking,324880,672550,549171,Segment,Pedestrian,351558,unset,EH104HW,No crossing facility within 50m or physical crossing facility not controlled by authorised person,No physical crossing facility within 50m,Elsewhere
755411,,Slight,1,1,25/11/2011,Friday,25,November,11,12,45,230,C,,Single carriageway - 2 lanes,30,'T' or staggered junction,Give way sign or markings,Unclassified,,Daylight: street lights present,Raining with high winds,Dry,None,None,No overtaking,325690,673330,521541,Junction,Pedestrian,351559,unset,EH11EN,No crossing facility within 50m or physical crossing facility not controlled by authorised person,Zebra crossing,At scene
755811,,Slight,2,1,25/11/2011,Friday,25,November,11,8,45,230,Unclassified,,Single carriageway - 2 lanes,30,'T' or staggered junction,Give way sign or markings,Unclassified,,Daylight: street lights present,Unknown,Dry,None,None,No overtaking,323390,668940,533059,Junction,T.V.N.P.,351560,unset,EH139NB,Control by school crossing patrol,No physical crossing facility within 50m,Elsewhere
756011,,Slight,1,1,25/11/2011,Friday,25,November,11,18,50,230,Unclassified,,Single carriageway - 2 lanes,30,Not at or within 20 metres of junction,unset,\,,Darkness: street lights present and lit,Fine (without high winds),Dry,None,None,No overtaking,322910,673870,565718,Segment,S.V.N.P.,351561,unset,EH43JB,No crossing facility within 50m or physical crossing facility not controlled by authorised person,No physical crossing facility within 50m,Elsewhere
757111,,Slight,1,1,26/11/2011,Saturday,26,November,11,19,45,230,Unclassified,,Roundabout,30,Roundabout,Automatic Traffic Signal,Unclassified,,Darkness: street lights present and lit,Raining (without high winds),Dry,None,None,No overtaking,327530,671300,523107,Junction,Pedestrian,351562,unset,EH165DT,No crossing facility within 50m or physical crossing facility not controlled by authorised person,Pedestrian phase at traffic signal junction,At scene