acc_ref,beat_no,severity,no_vehicle,no_casualt,a_date,a_day,a_date_day,a_date_mon,a_date_yr,a_time_hr,a_time_min,loc_auth,road1_class,road1_no,road_type,speed_limi,junc_det,junc_ctrl,road2_class,road2_no,light_cond,weather,road_surf,spec_cond,cway_hzrds,ovrtk_patrn,easting,northing,net_id,net_type,acc_type,text_id,division,Postcode,ped_xing_hc,ped_xing_p,place_reported
804711,,Slight,1,1,16/12/2011,Friday,16,December,11,13,35,230,Unclassified,,Single carriageway - 2 lanes,30,'T' or staggered junction,Give way sign or markings,Unclassified,,Daylight: street lights present,Fine (without high winds),Dry,None,None,No overtaking,322540,673500,0,Unset,Pedestrian,356653,unset,EH126EE,No crossing facility within 50m or physical crossing facility not controlled by authorised person,No physical crossing facility within 50m,At scene
804911,,Slight,3,2,16/12/2011,Friday,16,December,11,14,45,230,A,720,Single carriageway - 3 lanes,40,Roundabout,Give way sign or markings,A,701,Daylight: street lights present,Fine (without high winds),Dry,None,None,No overtaking,327400,666980,2587878,Junction,M.V.N.P.,356654,unset,EH178SG,No crossing facility within 50m or physical crossing facility not controlled by authorised person,No physical crossing facility within 50m,At scene
805511,,Slight,1,1,16/12/2011,Friday,16,December,11,17,20,230,A,900,Single carriageway - 2 lanes,30,Crossroads,Automatic Traffic Signal,Unclassified,,Darkness: street lights present and lit,Fine (without high winds),Dry,None,None,No overtaking,326380,674890,520266,Junction,Pedestrian,356655,unset,EH74LU,No crossing facility within 50m or physical crossing facility not controlled by authorised person,Central refuge - no other controls,At scene
805811,,Slight,2,2,16/12/2011,Friday,16,December,11,23,0,230,A,900,Single carriageway - 2 lanes,30,Crossroads,Automatic Traffic Signal,A,199,Darkness: street lights present and lit,Fine (without high winds),Dry,None,None,No overtaking,327280,676420,519259,Junction,T.V.N.P.,356656,unset,EH66PW,No crossing facility within 50m or physical crossing facility not controlled by authorised person,Pedestrian phase at traffic signal junction,At scene
806311,,Slight,1,1,14/12/2011,Wednesday,14,December,11,8,10,230,Unclassified,,Single carriageway - 2 lanes,30,'T' or staggered junction,Give way sign or markings,Unclassified,,Daylight: street lights present,Fine (without high winds),Dry,None,None,No overtaking,319370,673200,0,Unset,Pedestrian,356657,unset,EH128SA,No crossing facility within 50m or physical crossing facility not controlled by authorised person,No physical crossing facility within 50m,At scene
806411,,Slight,1,1,17/12/2011,Saturday,17,December,11,9,0,230,Unclassified,,Single carriageway - 2 lanes,30,Roundabout,Give way sign or markings,Unclassified,,Daylight: street lights present,Fine (without high winds),Dry,None,None,No overtaking,328950,670140,12240598,Junction,S.V.N.P.,356658,unset,EH177RZ,No crossing facility within 50m or physical crossing facility not controlled by authorised person,No physical crossing facility within 50m,At scene
807111,,Slight,1,1,17/12/2011,Saturday,17,December,11,0,15,230,C,,Single carriageway - 2 lanes,30,'T' or staggered junction,Automatic Traffic Signal,Unclassified,,Darkness: street lights present and lit,Fine (without high winds),Dry,None,None,No overtaking,325510,674080,520560,Junction,Pedestrian,356659,unset,EH22AF,No crossing facility within 50m or physical crossing facility not controlled by authorised person,No physical crossing facility within 50m,At scene
807811,,Slight,2,1,17/12/2011,Saturday,17,December,11,13,30,230,Unclassified,,Single carriageway - 2 lanes,30,Not at or within 20 metres of junction,unset,\,,Daylight: street lights present,Fine (without high winds),Dry,None,None,No overtaking,327350,674380,2106013,Segment,T.V.N.P.,356660,unset,EH75TA,No crossing facility within 50m or physical crossing facility not controlled by authorised person,Pedestrian phase at traffic signal junction,Elsewhere
808311,,Slight,2,1,18/12/2011,Sunday,18,December,11,8,48,230,Unclassified,,Single carriageway - 2 lanes,40,Other junction,Give way sign or markings,Unclassified,,Daylight: no street lighting,Fine (without high winds),Dry,None,None,No overtaking,324510,669040,533005,Junction,T.V.N.P.,356661,unset,EH106HG,No crossing facility within 50m or physical crossing facility not controlled by authorised person,Pedestrian phase at traffic signal junction,At scene
808411,,Serious,1,1,18/12/2011,Sunday,18,December,11,17,0,230,Unclassified,,Single carriageway - 2 lanes,30,Not at or within 20 metres of junction,unset,\,,Darkness: street lights present and lit,Fine (without high winds),Dry,None,None,No overtaking,325000,675210,566978,Segment,Pedestrian,356662,unset,EH35NS,No crossing facility within 50m or physical crossing facility not controlled by authorised person,No physical crossing facility within 50m,Elsewhere
811111,,Slight,2,1,19/12/2011,Monday,19,December,11,16,15,230,B,701,Single carriageway - 2 lanes,30,'T' or staggered junction,Give way sign or markings,Unclassified,,Darkness: street lights present and lit,Unknown,Dry,None,None,No overtaking,318970,674530,519924,Junction,Cyclist,356663,unset,EH48AY,No crossing facility within 50m or physical crossing facility not controlled by authorised person,Pedestrian phase at traffic signal junction,Elsewhere
811211,,Slight,1,1,19/12/2011,Monday,19,December,11,17,35,230,A,6095,Single carriageway - 2 lanes,30,Not at or within 20 metres of junction,unset,\,,Darkness: street lights present and lit,Fine (without high winds),Dry,None,None,No overtaking,331770,671810,553843,Segment,Pedestrian,356664,unset,EH218RX,No crossing facility within 50m or physical crossing facility not controlled by authorised person,No physical crossing facility within 50m,Elsewhere
812511,,Serious,3,1,20/12/2011,Tuesday,20,December,11,16,50,230,A,900,Single carriageway - 2 lanes,30,'T' or staggered junction,Give way sign or markings,Unclassified,,Darkness: street lights present and lit,Fine (without high winds),Dry,None,None,No overtaking,326590,675170,519873,Junction,M.V.N.P.,356665,unset,EH68SD,No crossing facility within 50m or physical crossing facility not controlled by authorised person,No physical crossing facility within 50m,Elsewhere
812911,,Slight,2,2,19/12/2011,Monday,19,December,11,20,0,230,A,6095,Roundabout,30,Roundabout,Give way sign or markings,A,1,Darkness: street lights present and lit,Fine (without high winds),Dry,None,None,No overtaking,331480,671750,4464195,Junction,T.V.N.P.,356666,unset,EH218RX,No crossing facility within 50m or physical crossing facility not controlled by authorised person,No physical crossing facility within 50m,At scene
813011,,Slight,2,1,20/12/2011,Tuesday,20,December,11,17,50,230,B,900,Single carriageway - 2 lanes,30,Other junction,Give way sign or markings,Unclassified,,Darkness: street lights present and lit,Unknown,Dry,None,None,No overtaking,323740,674670,520083,Junction,Cyclist,356667,unset,EH41BQ,No crossing facility within 50m or physical crossing facility not controlled by authorised person,No physical crossing facility within 50m,Elsewhere
814111,,Slight,1,1,20/12/2011,Tuesday,20,December,11,14,0,230,C,,Single carriageway - 2 lanes,30,Not at or within 20 metres of junction,unset,\,,Daylight: street lights present,Fine (without high winds),Dry,None,None,No overtaking,325180,674160,566768,Segment,Pedestrian,356668,unset,EH21JX,No crossing facility within 50m or physical crossing facility not controlled by authorised person,No physical crossing facility within 50m,Elsewhere
814511,,Slight,1,1,20/12/2011,Tuesday,20,December,11,11,45,230,A,6095,Single carriageway - 2 lanes,30,Not at or within 20 metres of junction,unset,\,,Daylight: street lights present,Fine (without high winds),Dry,None,None,No overtaking,330550,671750,553840,Segment,Pedestrian,356669,unset,EH153HH,No crossing facility within 50m or physical crossing facility not controlled by authorised person,Central refuge - no other controls,At scene
815411,,Slight,2,2,21/12/2011,Wednesday,21,December,11,15,0,230,Unclassified,,Single carriageway - 2 lanes,30,'T' or staggered junction,Give way sign or markings,Unclassified,,Daylight: street lights present,Other,Dry,None,None,No overtaking,327410,675060,12239013,Junction,T.V.N.P.,356670,unset,EH76BT,No crossing facility within 50m or physical crossing facility not controlled by authorised person,No physical crossing facility within 50m,At scene
815511,,Slight,2,1,21/12/2011,Wednesday,21,December,11,16,45,230,Unclassified,,Single carriageway - 2 lanes,30,'T' or staggered junction,Authorised Person,Unclassified,,Darkness: street lights present and lit,Fine (without high winds),Dry,None,None,No overtaking,329090,673840,523542,Junction,Cyclist,356671,unset,EH87SA,No crossing facility within 50m or physical crossing facility not controlled by authorised person,No physical crossing facility within 50m,Elsewhere
815611,,Slight,2,1,17/12/2011,Saturday,17,December,11,12,40,230,C,,Single carriageway - 2 lanes,30,'T' or staggered junction,Automatic Traffic Signal,Unclassified,,Daylight: no street lighting,Raining (without high winds),Dry,None,None,No overtaking,325630,674290,520572,Junction,T.V.N.P.,356672,unset,EH13EB,No crossing facility within 50m or physical crossing facility not controlled by authorised person,Pedestrian phase at traffic signal junction,At scene
816711,,Slight,1,1,21/12/2011,Wednesday,21,December,11,16,30,230,A,702,Single carriageway - 2 lanes,30,Multiple junction,Automatic Traffic Signal,Unclassified,,Darkness: street lights present and lit,Raining (without high winds),Dry,None,None,No overtaking,324720,673650,522381,Junction,Pedestrian,356673,unset,EH12DA,No crossing facility within 50m or physical crossing facility not controlled by authorised person,Pedestrian phase at traffic signal junction,Elsewhere
817411,,Slight,1,1,22/12/2011,Thursday,22,December,11,16,15,230,A,903,Single carriageway - 2 lanes,30,Not at or within 20 metres of junction,unset,\,,Darkness: street lights present and lit,Fine (without high winds),Dry,None,None,No overtaking,324200,676720,559703,Segment,Bus,356674,unset,EH53RG,No crossing facility within 50m or physical crossing facility not controlled by authorised person,No physical crossing facility within 50m,At scene
817611,,Slight,2,2,22/12/2011,Thursday,22,December,11,16,19,230,C,,Single carriageway - 2 lanes,30,'T' or staggered junction,Automatic Traffic Signal,Unclassified,,Darkness: street lights present and lit,Fine (without high winds),Dry,None,None,No overtaking,324230,672740,521838,Junction,T.V.N.P.,356675,unset,EH111AL,No crossing facility within 50m or physical crossing facility not controlled by authorised person,No physical crossing facility within 50m,At scene
818611,,Slight,2,1,17/12/2011,Saturday,17,December,11,3,40,230,A,6095,Single carriageway - 2 lanes,30,Not at or within 20 metres of junction,unset,\,,Darkness: street lights present and lit,Unknown,Dry,Road suface defective,None,No overtaking,328310,671580,553852,Segment,Cyclist,356676,unset,EH165LT,No crossing facility within 50m or physical crossing facility not controlled by authorised person,Pedestrian phase at traffic signal junction,Elsewhere
819611,,Serious,1,1,21/12/2011,Wednesday,21,December,11,8,35,230,C,,Single carriageway - 2 lanes,30,Other junction,Give way sign or markings,Unclassified,,Daylight: street lights present,Fine (without high winds),Dry,None,None,No overtaking,325490,672010,522045,Junction,Pedestrian,356677,unset,EH91AQ,No crossing facility within 50m or physical crossing facility not controlled by authorised person,No physical crossing facility within 50m,Elsewhere
819811,,Slight,1,1,24/12/2011,Saturday,24,December,11,9,10,230,Unclassified,,Unknown,30,Not at or within 20 metres of junction,unset,\,,Daylight: no street lighting,Other,Dry,None,None,No overtaking,325220,675960,0,Unset,S.V.N.P.,356678,unset,EH74QY,No crossing facility within 50m or physical crossing facility not controlled by authorised person,No physical crossing facility within 50m,At scene
821811,,Slight,2,2,22/12/2011,Thursday,22,December,11,13,39,230,C,,Single carriageway - 2 lanes,30,Not at or within 20 metres of junction,unset,\,,Daylight: street lights present,Fine (without high winds),Dry,None,None,No overtaking,322290,672130,559260,Segment,Bus,356679,unset,EH112SF,No crossing facility within 50m or physical crossing facility not controlled by authorised person,No physical crossing facility within 50m,At scene
821911,,Slight,1,1,26/12/2011,Monday,26,December,11,13,20,230,B,900,Single carriageway - 2 lanes,30,Other junction,Automatic Traffic Signal,C,,Daylight: street lights present,Fine (without high winds),Dry,None,None,No overtaking,324550,674630,520152,Junction,Pedestrian,356680,unset,EH41LZ,No crossing facility within 50m or physical crossing facility not controlled by authorised person,Pedestrian phase at traffic signal junction,At scene
822611,,Slight,2,3,26/12/2011,Monday,26,December,11,22,0,230,A,772,Single carriageway - 2 lanes,30,Crossroads,Automatic Traffic Signal,B,701,Darkness: street lights present but unlit,Raining with high winds,Dry,Automatic Traffic Signal out,None,No overtaking,329240,668680,530257,Junction,T.V.N.P.,356681,unset,EH178RQ,No crossing facility within 50m or physical crossing facility not controlled by authorised person,No physical crossing facility within 50m,At scene
823611,,Slight,2,1,27/12/2011,Tuesday,27,December,11,15,30,230,A,720,Single carriageway - 3 lanes,50,Not at or within 20 metres of junction,unset,\,,Darkness: street lights present and lit,Raining (without high winds),Dry,None,None,No overtaking,317760,671430,9657470,Segment,T.V.N.P.,356682,unset,EH129DF,No crossing facility within 50m or physical crossing facility not controlled by authorised person,No physical crossing facility within 50m,At scene
824111,,Slight,2,2,27/12/2011,Tuesday,27,December,11,15,10,230,Unclassified,,Single carriageway - 2 lanes,30,'T' or staggered junction,Automatic Traffic Signal,C,,Daylight: no street lighting,Fine (without high winds),Dry,None,None,No overtaking,325530,674090,520563,Junction,Bus,356683,unset,EH22AF,No crossing facility within 50m or physical crossing facility not controlled by authorised person,Pedestrian phase at traffic signal junction,At scene
824211,,Slight,2,1,28/11/2011,Monday,28,November,11,17,2,230,A,71,Single carriageway - 2 lanes,30,Using private drive or entrance,Automatic Traffic Signal,Unclassified,,Daylight: no street lighting,Fine (without high winds),Dry,None,None,No overtaking,321930,671660,549737,Segment,Cyclist,351583,unset,EH113AL,No crossing facility within 50m or physical crossing facility not controlled by authorised person,Pedestrian phase at traffic signal junction,At scene
824411,,Slight,1,1,25/12/2011,Sunday,25,December,11,11,50,230,B,900,Single carriageway - 2 lanes,30,Not at or within 20 metres of junction,unset,\,,Daylight: street lights present,Raining with high winds,Dry,None,None,No overtaking,323340,674560,554168,Segment,S.V.N.P.,356684,unset,EH42DL,No crossing facility within 50m or physical crossing facility not controlled by authorised person,No physical crossing facility within 50m,At scene
824511,,Slight,1,1,28/12/2011,Wednesday,28,December,11,13,45,230,Unclassified,,Single carriageway - 2 lanes,30,Not at or within 20 metres of junction,unset,\,,Daylight: street lights present,Raining with high winds,Dry,None,None,No overtaking,327740,671140,568084,Segment,Pedestrian,356685,unset,EH165UF,No crossing facility within 50m or physical crossing facility not controlled by authorised person,Central refuge - no other controls,At scene
825311,,Slight,1,1,24/12/2011,Saturday,24,December,11,21,40,230,A,8000,Roundabout,30,Roundabout,Give way sign or markings,Unclassified,,Darkness: street lights present and lit,Fine (without high winds),Dry,None,None,No overtaking,312960,677560,10292784,Junction,S.V.N.P.,356686,unset,EH309YA,No crossing facility within 50m or physical crossing facility not controlled by authorised person,"Pelican, puffin, toucan or similar non-junction pedestrian light crossing",At scene
825411,,Slight,1,1,28/12/2011,Wednesday,28,December,11,22,35,230,Unclassified,,Single carriageway - 2 lanes,30,Not at or within 20 metres of junction,unset,\,,Daylight: no street lighting,Fine (without high winds),Dry,None,None,No overtaking,325990,673790,10293588,Segment,Pedestrian,356687,unset,EH11DH,No crossing facility within 50m or physical crossing facility not controlled by authorised person,No physical crossing facility within 50m,At scene
825511,,Serious,1,1,28/12/2011,Wednesday,28,December,11,4,30,230,A,71,Single carriageway - 2 lanes,50,Not at or within 20 metres of junction,unset,\,,Darkness: no street lighting,Raining with high winds,Dry,None,None,No overtaking,313810,668860,549671,Segment,S.V.N.P.,356688,unset,EH278EB,No crossing facility within 50m or physical crossing facility not controlled by authorised person,No physical crossing facility within 50m,At scene
826911,,Serious,1,2,29/12/2011,Thursday,29,December,11,15,10,230,Unclassified,,Single carriageway - 2 lanes,60,Not at or within 20 metres of junction,unset,\,,Daylight: no street lighting,Fine (without high winds),Dry,None,None,No overtaking,316420,675960,0,Unset,S.V.N.P.,356689,unset,EH309TN,No crossing facility within 50m or physical crossing facility not controlled by authorised person,No physical crossing facility within 50m,At scene
827411,,Slight,1,1,30/12/2011,Friday,30,December,11,7,15,230,Unclassified,,Single carriageway - 2 lanes,60,Not at or within 20 metres of junction,unset,\,,Darkness: no street lighting,Other,Dry,None,None,No overtaking,313280,674970,0,Unset,S.V.N.P.,356690,unset,EH299EQ,No crossing facility within 50m or physical crossing facility not controlled by authorised person,No physical crossing facility within 50m,At scene
828011,,Serious,1,1,30/12/2011,Friday,30,December,11,13,35,230,A,8,Single carriageway - 2 lanes,30,'T' or staggered junction,Automatic Traffic Signal,Unclassified,,Daylight: street lights present,Fog (or mist if hazard),Dry,None,None,No overtaking,319840,672950,521703,Junction,Pedestrian,356691,unset,EH127SL,No crossing facility within 50m or physical crossing facility not controlled by authorised person,No physical crossing facility within 50m,At scene
828211,,Slight,2,1,30/12/2011,Friday,30,December,11,14,40,230,Unclassified,,Single carriageway - 2 lanes,30,'T' or staggered junction,Give way sign or markings,Unclassified,,Daylight: street lights present,Raining (without high winds),Dry,None,None,No overtaking,326500,672680,522462,Junction,Cyclist,356692,unset,EH89RB,No crossing facility within 50m or physical crossing facility not controlled by authorised person,"Pelican, puffin, toucan or similar non-junction pedestrian light crossing",At scene
828311,,Slight,1,1,30/12/2011,Friday,30,December,11,12,15,230,A,1140,Single carriageway - 2 lanes,30,Other junction,Give way sign or markings,Unclassified,,Daylight: street lights present,Raining (without high winds),Dry,None,None,No overtaking,328400,674160,523371,Junction,Pedestrian,356693,unset,EH87AY,No crossing facility within 50m or physical crossing facility not controlled by authorised person,No physical crossing facility within 50m,Elsewhere
828911,,Serious,1,1,31/12/2011,Saturday,31,December,11,4,28,230,A,900,Dual carriageway - 2 lanes,30,'T' or staggered junction,Give way sign or markings,Unclassified,,Darkness: street lights present and lit,Fine with high winds,Dry,None,None,No overtaking,326360,674840,520263,Junction,Pedestrian,356694,unset,EH74AQ,No crossing facility within 50m or physical crossing facility not controlled by authorised person,Central refuge - no other controls,At scene
112,,Serious,1,1,01/01/2012,Sunday,1,January,12,2,0,230,Unclassified,,Single carriageway - 2 lanes,60,Not at or within 20 metres of junction,unset,\,,Darkness: no street lighting,Raining (without high winds),Dry,None,None,No overtaking,314360,676710,0,Unset,S.V.N.P.,354345,unset,EH309UA,No crossing facility within 50m or physical crossing facility not controlled by authorised person,No physical crossing facility within 50m,At scene
1612,,Slight,2,1,01/01/2012,Sunday,1,January,12,18,30,230,C,,Single carriageway - 2 lanes,30,Not at or within 20 metres of junction,unset,\,,Darkness: street lights present and lit,Fog (or mist if hazard),Dry,None,None,No overtaking,322870,676760,559676,Segment,T.V.N.P.,354346,unset,EH51LT,No crossing facility within 50m or physical crossing facility not controlled by authorised person,No physical crossing facility within 50m,At scene
1712,,Slight,2,2,01/01/2012,Sunday,1,January,12,17,30,230,C,,Single carriageway - 2 lanes,30,Crossroads,Automatic Traffic Signal,Unclassified,,Darkness: street lights present and lit,Fine (without high winds),Dry,None,None,No overtaking,322590,670360,529981,Junction,T.V.N.P.,354347,unset,EH141DW,No crossing facility within 50m or physical crossing facility not controlled by authorised person,Pedestrian phase at traffic signal junction,At scene
2212,,Slight,2,1,31/12/2012,Monday,31,December,12,20,40,230,Unclassified,,Single carriageway - 2 lanes,30,'T' or staggered junction,Give way sign or markings,Unclassified,,Darkness: street lights present and lit,Fine (without high winds),Dry,None,None,No overtaking,320170,670110,0,Unset,Bus,363498,unset,EH142QE,No crossing facility within 50m or physical crossing facility not controlled by authorised person,No physical crossing facility within 50m,At scene
2312,,Slight,3,1,31/12/2012,Monday,31,December,12,18,0,230,A,720,Dual carriageway - 2 lanes,70,Not at or within 20 metres of junction,unset,\,,Darkness: no street lighting,Fine (without high winds),Dry,None,None,No overtaking,331550,667910,2579296,Segment,M.V.N.P.,363499,unset,EH221RT,No crossing facility within 50m or physical crossing facility not controlled by authorised person,No physical crossing facility within 50m,At scene
2712,,Slight,2,1,02/01/2012,Monday,2,January,12,11,54,230,A,720,Dual carriageway - 2 lanes,70,Not at or within 20 metres of junction,unset,\,,Daylight: no street lighting,Fine (without high winds),Dry,None,None,No overtaking,326540,667070,2588155,Segment,T.V.N.P.,354348,unset,EH209NR,No crossing facility within 50m or physical crossing facility not controlled by authorised person,No physical crossing facility within 50m,At scene
3312,,Slight,2,1,02/01/2012,Monday,2,January,12,18,40,230,Unclassified,,Single carriageway - 2 lanes,30,'T' or staggered junction,Give way sign or markings,Unclassified,,Daylight: no street lighting,Raining (without high winds),Dry,None,None,No overtaking,326500,672680,522462,Junction,T.V.N.P.,354349,unset,EH89RB,No crossing facility within 50m or physical crossing facility not controlled by authorised person,No physical crossing facility within 50m,At scene
3412,,Slight,1,1,03/01/2012,Tuesday,3,January,12,4,25,230,A,720,Dual carriageway - 2 lanes,70,Not at or within 20 metres of junction,unset,\,,Daylight: no street lighting,Raining (without high winds),Dry,None,None,No overtaking,318920,669960,2579027,Segment,S.V.N.P.,354350,unset,EH142SR,No crossing facility within 50m or physical crossing facility not controlled by authorised person,No physical crossing facility within 50m,At scene
3612,,Serious,1,1,31/12/2012,Monday,31,December,12,17,43,230,A,8,Single carriageway - 2 lanes,30,Not at or within 20 metres of junction,unset,\,,Daylight: no street lighting,Fine (without high winds),Dry,None,None,No overtaking,325820,673990,517891,Junction,Pedestrian,363500,unset,EH22EJ,No crossing facility within 50m or physical crossing facility not controlled by authorised person,No physical crossing facility within 50m,At scene
3912,,Slight,1,1,03/01/2012,Tuesday,3,January,12,9,0,230,A,720,Dual carriageway - 2 lanes,70,Slip road,Give way sign or markings,A,720,Daylight: no street lighting,Raining with high winds,Dry,None,None,No overtaking,318780,670130,2581994,Junction,S.V.N.P.,354351,unset,EH142SR,No crossing facility within 50m or physical crossing facility not controlled by authorised person,No physical crossing facility within 50m,At scene
4012,,Slight,2,1,03/01/2012,Tuesday,3,January,12,9,0,230,Unclassified,,Single carriageway - 3 lanes,40,Not at or within 20 metres of junction,unset,\,,Daylight: street lights present,Fine with high winds,Dry,None,None,No overtaking,312460,672770,0,Unset,T.V.N.P.,354352,unset,EH288SY,No crossing facility within 50m or physical crossing facility not controlled by authorised person,No physical crossing facility within 50m,At scene
5512,,Slight,2,2,01/01/2012,Sunday,1,January,12,3,30,230,C,,Single carriageway - 2 lanes,30,Crossroads,Automatic Traffic Signal,C,,Darkness: no street lighting,Raining (without high winds),Dry,None,None,No overtaking,325290,674200,520521,Junction,Cyclist,354353,unset,EH21JX,No crossing facility within 50m or physical crossing facility not controlled by authorised person,"Pelican, puffin, toucan or similar non-junction pedestrian light crossing",At scene
5812,,Slight,3,1,03/01/2012,Tuesday,3,January,12,14,20,230,Motorway,8,Dual carriageway - 2 lanes,70,Not at or within 20 metres of junction,unset,\,,Daylight: street lights present,Raining with high winds,Dry,None,None,No overtaking,312350,671220,6452164,Segment,M.V.N.P.,354354,unset,EH288LZ,No crossing facility within 50m or physical crossing facility not controlled by authorised person,No physical crossing facility within 50m,At scene
6212,,Slight,1,1,04/01/2012,Wednesday,4,January,12,15,45,230,C,,Single carriageway - 2 lanes,30,Not at or within 20 metres of junction,unset,\,,Daylight: street lights present,Raining (without high winds),Dry,None,None,No overtaking,325440,674060,566552,Segment,Pedestrian,354355,unset,EH22PF,No crossing facility within 50m or physical crossing facility not controlled by authorised person,No physical crossing facility within 50m,Elsewhere
8312,,Fatal,3,1,05/01/2012,Thursday,5,January,12,7,45,230,A,70,Single carriageway - 2 lanes,40,'T' or staggered junction,Give way sign or markings,Unclassified,,Darkness: street lights present and lit,Fine (without high winds),Dry,None,None,No overtaking,321410,670190,529969,Junction,Cyclist,354356,unset,EH142LU,No crossing facility within 50m or physical crossing facility not controlled by authorised person,Central refuge - no other controls,At scene
8512,,Slight,2,1,05/01/2012,Thursday,5,January,12,18,10,230,Unclassified,,Single carriageway - 2 lanes,30,Crossroads,Give way sign or markings,Unclassified,,Darkness: street lights present and lit,Fine (without high winds),Dry,None,None,No overtaking,325940,676190,519232,Junction,Cyclist,354357,unset,EH64BT,No crossing facility within 50m or physical crossing facility not controlled by authorised person,Central refuge - no other controls,Elsewhere
8612,,Serious,2,1,05/01/2012,Thursday,5,January,12,2,7,230,Unclassified,,Single carriageway - 2 lanes,30,Crossroads,Give way sign or markings,Unclassified,,Darkness: street lights present and lit,Other,Dry,None,None,No overtaking,323170,668670,0,Unset,T.V.N.P.,354358,unset,EH139QG,No crossing facility within 50m or physical crossing facility not controlled by authorised person,No physical crossing facility within 50m,At scene
9712,,Slight,1,2,05/01/2012,Thursday,5,January,12,12,45,230,A,8,One way Street,30,Crossroads,Automatic Traffic Signal,Unclassified,,Daylight: street lights present,Fine (without high winds),Dry,None,None,No overtaking,324110,673230,521340,Junction,Pedestrian,354359,unset,EH112BQ,No crossing facility within 50m or physical crossing facility not controlled by authorised person,Pedestrian phase at traffic signal junction,Elsewhere
10812,,Slight,2,1,06/01/2012,Friday,6,January,12,21,28,230,Unclassified,,Single carriageway - 2 lanes,30,'T' or staggered junction,Give way sign or markings,Unclassified,,Darkness: street lights present and lit,Fine (without high winds),Dry,None,None,No overtaking,322570,675720,0,Unset,Cyclist,354360,unset,EH44BB,No crossing facility within 50m or physical crossing facility not controlled by authorised person,No physical crossing facility within 50m,At scene
11112,,Slight,1,1,08/01/2012,Sunday,8,January,12,2,15,230,A,7,Single carriageway - 2 lanes,30,Other junction,Automatic Traffic Signal,C,,Darkness: street lights present and lit,Fine (without high winds),Dry,None,None,No overtaking,325940,673630,521103,Junction,Pedestrian,354361,unset,EH11RU,No crossing facility within 50m or physical crossing facility not controlled by authorised person,"Pelican, puffin, toucan or similar non-junction pedestrian light crossing",At scene
14412,,Slight,2,1,09/01/2012,Monday,9,January,12,13,25,230,A,702,Single carriageway - 2 lanes,30,Multiple junction,Give way sign or markings,Unclassified,,Daylight: street lights present,Fine (without high winds),Dry,None,None,No overtaking,324860,672520,533317,Junction,Cyclist,354362,unset,EH104HW,No crossing facility within 50m or physical crossing facility not controlled by authorised person,"Pelican, puffin, toucan or similar non-junction pedestrian light crossing",At scene
15812,,Slight,2,1,10/01/2012,Tuesday,10,January,12,10,15,230,A,71,Roundabout,40,Roundabout,Automatic Traffic Signal,A,71,Daylight: no street lighting,Fine (without high winds),Dry,None,None,No overtaking,318520,670340,2307039,Junction,T.V.N.P.,354363,unset,EH144AW,Control by other authorised person,Pedestrian phase at traffic signal junction,At scene
15912,,Serious,4,3,10/01/2012,Tuesday,10,January,12,8,10,230,A,701,Single carriageway - 2 lanes,30,Crossroads,Automatic Traffic Signal,B,701,Daylight: street lights present,Fine (without high winds),Dry,None,None,No overtaking,327380,668060,530284,Junction,M.V.N.P.,354364,unset,EH178AF,No crossing facility within 50m or physical crossing facility not controlled by authorised person,Pedestrian phase at traffic signal junction,At scene
16112,,Slight,1,1,30/12/2012,Sunday,30,December,12,3,28,230,A,7,Single carriageway - 2 lanes,30,Other junction,Give way sign or markings,Unclassified,,Darkness: street lights present and lit,Fine (without high winds),Dry,None,None,No overtaking,326080,673210,521583,Junction,Pedestrian,363501,unset,EH89DH,No crossing facility within 50m or physical crossing facility not controlled by authorised person,"Pelican, puffin, toucan or similar non-junction pedestrian light crossing",At scene
17612,,Slight,2,2,09/01/2012,Monday,9,January,12,16,0,230,A,701,Single carriageway - 2 lanes,30,Not at or within 20 metres of junction,unset,\,,Daylight: street lights present,Fine (without high winds),Dry,None,None,No overtaking,327200,668530,570773,Segment,T.V.N.P.,354365,unset,EH166PG,No crossing facility within 50m or physical crossing facility not controlled by authorised person,No physical crossing facility within 50m,Elsewhere
18712,,Serious,1,1,09/01/2012,Monday,9,January,12,11,10,230,A,7,Single carriageway - 2 lanes,30,Other junction,Automatic Traffic Signal,Unclassified,,Daylight: street lights present,Fine (without high winds),Dry,None,None,No overtaking,326000,673410,521589,Junction,Bus,354366,unset,EH89AA,No crossing facility within 50m or physical crossing facility not controlled by authorised person,Pedestrian phase at traffic signal junction,At scene
19912,,Slight,1,1,11/01/2012,Wednesday,11,January,12,16,4,230,A,904,Roundabout,30,Roundabout,Automatic Traffic Signal,Unclassified,,Daylight: no street lighting,Fine (without high winds),Dry,None,None,No overtaking,312470,677710,533311,Junction,Pedestrian,354367,unset,EH309XS,No crossing facility within 50m or physical crossing facility not controlled by authorised person,Pedestrian phase at traffic signal junction,At scene