acc_ref,beat_no,severity,no_vehicle,no_casualt,a_date,a_day,a_date_day,a_date_mon,a_date_yr,a_time_hr,a_time_min,loc_auth,road1_class,road1_no,road_type,speed_limi,junc_det,junc_ctrl,road2_class,road2_no,light_cond,weather,road_surf,spec_cond,cway_hzrds,ovrtk_patrn,easting,northing,net_id,net_type,acc_type,text_id,division,Postcode,ped_xing_hc,ped_xing_p,place_reported
20012,,Slight,1,1,11/01/2012,Wednesday,11,January,12,18,20,230,Unclassified,,Single carriageway - 2 lanes,30,'T' or staggered junction,Give way sign or markings,Unclassified,,Darkness: street lights present and lit,Fine (without high winds),Dry,None,None,No overtaking,328810,674760,523326,Junction,Bus,354368,unset,EH76NA,No crossing facility within 50m or physical crossing facility not controlled by authorised person,No physical crossing facility within 50m,Elsewhere
20212,,Serious,3,1,11/01/2012,Wednesday,11,January,12,17,50,230,A,8,Dual carriageway - 2 lanes,40,Not at or within 20 metres of junction,unset,\,,Darkness: street lights present and lit,Fine (without high winds),Dry,None,None,No overtaking,316830,672410,550809,Segment,M.V.N.P.,354369,unset,EH129BH,No crossing facility within 50m or physical crossing facility not controlled by authorised person,No physical crossing facility within 50m,At scene
20412,,Slight,1,1,11/01/2012,Wednesday,11,January,12,14,50,230,Unclassified,,Single carriageway - 2 lanes,30,Other junction,Give way sign or markings,Unclassified,,Daylight: street lights present,Fine (without high winds),Dry,None,None,No overtaking,319220,672360,0,Unset,Pedestrian,354370,unset,EH127RL,No crossing facility within 50m or physical crossing facility not controlled by authorised person,No physical crossing facility within 50m,At scene
20812,,Slight,1,1,11/01/2012,Wednesday,11,January,12,9,15,230,A,199,Single carriageway - 2 lanes,30,Not at or within 20 metres of junction,unset,\,,Daylight: street lights present,Fine (without high winds),Dry,None,None,No overtaking,327180,676510,519046,Junction,Pedestrian,354371,unset,EH66PR,No crossing facility within 50m or physical crossing facility not controlled by authorised person,No physical crossing facility within 50m,At scene
21512,,Slight,2,1,12/01/2012,Thursday,12,January,12,14,0,230,Unclassified,,Single carriageway - 2 lanes,30,Other junction,Give way sign or markings,Unclassified,,Daylight: no street lighting,Fine (without high winds),Dry,None,None,No overtaking,326810,674070,520701,Junction,T.V.N.P.,354372,unset,EH88DX,No crossing facility within 50m or physical crossing facility not controlled by authorised person,No physical crossing facility within 50m,Elsewhere
22312,,Serious,2,1,12/01/2012,Thursday,12,January,12,15,45,230,A,70,Single carriageway - 2 lanes,30,Not at or within 20 metres of junction,unset,\,,Daylight: street lights present,Fine (without high winds),Dry,None,None,No overtaking,320030,668750,561847,Segment,T.V.N.P.,354373,unset,EH145DH,No crossing facility within 50m or physical crossing facility not controlled by authorised person,No physical crossing facility within 50m,At scene
22912,,Serious,2,1,11/01/2012,Wednesday,11,January,12,8,22,230,A,902,Dual carriageway - 2 lanes,40,Not at or within 20 metres of junction,unset,\,,Daylight: street lights present,Fine (without high winds),Dry,None,None,No overtaking,318030,673530,566129,Segment,T.V.N.P.,354374,unset,EH128NH,No crossing facility within 50m or physical crossing facility not controlled by authorised person,No physical crossing facility within 50m,At scene
23012,,Serious,4,2,12/01/2012,Thursday,12,January,12,7,20,230,B,701,Single carriageway - 2 lanes,30,Crossroads,Automatic Traffic Signal,A,702,Darkness: street lights present and lit,Fine (without high winds),Dry,None,None,No overtaking,324790,668250,533125,Junction,M.V.N.P.,354375,unset,EH107AR,No crossing facility within 50m or physical crossing facility not controlled by authorised person,Pedestrian phase at traffic signal junction,At scene
23212,,Serious,2,1,13/01/2012,Friday,13,January,12,10,15,230,Unclassified,,Single carriageway - 2 lanes,30,Other junction,Give way sign or markings,Unclassified,,Daylight: street lights present,Fine (without high winds),Dry,None,None,No overtaking,324590,676740,0,Unset,Cyclist,354376,unset,EH53JW,No crossing facility within 50m or physical crossing facility not controlled by authorised person,No physical crossing facility within 50m,At scene
23612,,Slight,1,2,13/01/2012,Friday,13,January,12,10,0,230,Unclassified,,Single carriageway - 2 lanes,30,Other junction,Automatic Traffic Signal,Unclassified,,Daylight: street lights present,Fine (without high winds),Dry,None,None,No overtaking,319350,672430,0,Unset,Pedestrian,354377,unset,EH127RP,No crossing facility within 50m or physical crossing facility not controlled by authorised person,Pedestrian phase at traffic signal junction,At scene
23912,,Slight,2,1,12/01/2012,Thursday,12,January,12,16,35,230,B,701,Single carriageway - 2 lanes,30,Other junction,Give way sign or markings,Unclassified,,Darkness: street lights present and lit,Fine (without high winds),Dry,None,None,No overtaking,329100,668560,530260,Junction,T.V.N.P.,354378,unset,EH178NJ,No crossing facility within 50m or physical crossing facility not controlled by authorised person,Pedestrian phase at traffic signal junction,At scene
24212,,Slight,2,1,13/01/2012,Friday,13,January,12,16,45,230,C,,Single carriageway - 2 lanes,30,'T' or staggered junction,Automatic Traffic Signal,Unclassified,,Darkness: street lights present and lit,Fine (without high winds),Dry,None,None,No overtaking,324730,672990,521433,Junction,Cyclist,354379,unset,EH39QG,Control by other authorised person,"Pelican, puffin, toucan or similar non-junction pedestrian light crossing",At scene
28512,,Slight,2,2,15/01/2012,Sunday,15,January,12,15,15,230,A,1140,Single carriageway - 2 lanes,30,Using private drive or entrance,Give way sign or markings,Unclassified,,Daylight: no street lighting,Other,Dry,None,None,No overtaking,328810,674190,554894,Segment,T.V.N.P.,354380,unset,EH87BR,No crossing facility within 50m or physical crossing facility not controlled by authorised person,"Pelican, puffin, toucan or similar non-junction pedestrian light crossing",At scene
28812,,Slight,2,1,15/01/2012,Sunday,15,January,12,22,35,230,A,702,Roundabout,40,Roundabout,Give way sign or markings,A,702,Darkness: street lights present and lit,Fine (without high winds),Dry,None,None,No overtaking,324920,667520,2587173,Junction,T.V.N.P.,354381,unset,EH107DUA,No crossing facility within 50m or physical crossing facility not controlled by authorised person,Central refuge - no other controls,At scene
29112,,Slight,2,1,15/01/2012,Sunday,15,January,12,15,0,230,A,900,Dual carriageway - 2 lanes,30,Not at or within 20 metres of junction,unset,\,,Daylight: street lights present,Fine (without high winds),Dry,None,None,No overtaking,326470,675000,558503,Segment,Cyclist,354382,unset,EH74PA,No crossing facility within 50m or physical crossing facility not controlled by authorised person,No physical crossing facility within 50m,At scene
29312,,Slight,3,3,15/01/2012,Sunday,15,January,12,12,55,230,Unclassified,,Single carriageway - 2 lanes,30,'T' or staggered junction,Give way sign or markings,C,,Daylight: street lights present,Fine (without high winds),Dry,None,None,No overtaking,327880,668910,533107,Junction,M.V.N.P.,354383,unset,EH166QY,No crossing facility within 50m or physical crossing facility not controlled by authorised person,No physical crossing facility within 50m,At scene
30012,,Slight,1,1,16/01/2012,Monday,16,January,12,11,5,230,Unclassified,,Single carriageway - 2 lanes,30,Multiple junction,Automatic Traffic Signal,Unclassified,,Daylight: no street lighting,Fine (without high winds),Dry,None,None,No overtaking,325650,673940,521085,Junction,Pedestrian,354384,unset,EH22EJ,No crossing facility within 50m or physical crossing facility not controlled by authorised person,Pedestrian phase at traffic signal junction,At scene
30112,,Slight,1,2,16/01/2012,Monday,16,January,12,13,30,230,Unclassified,,Single carriageway - 2 lanes,30,Not at or within 20 metres of junction,unset,\,,Daylight: no street lighting,Fine (without high winds),Dry,None,None,No overtaking,326040,673270,569288,Segment,Pedestrian,354385,unset,EH89DH,No crossing facility within 50m or physical crossing facility not controlled by authorised person,No physical crossing facility within 50m,At scene
30412,,Slight,1,1,16/01/2012,Monday,16,January,12,16,25,230,C,,Single carriageway - 2 lanes,30,Not at or within 20 metres of junction,unset,\,,Darkness: street lights present and lit,Fine (without high winds),Dry,None,None,No overtaking,326970,674830,2106481,Segment,Pedestrian,354386,unset,EH75QA,No crossing facility within 50m or physical crossing facility not controlled by authorised person,"Pelican, puffin, toucan or similar non-junction pedestrian light crossing",At scene
31312,,Slight,4,2,17/01/2012,Tuesday,17,January,12,7,20,230,Motorway,9,Dual carriageway - 2 lanes,60,Not at or within 20 metres of junction,unset,\,,Daylight: no street lighting,Fine (without high winds),Dry,None,None,No overtaking,313500,676120,0,Unset,M.V.N.P.,354387,unset,EH309SR,No crossing facility within 50m or physical crossing facility not controlled by authorised person,No physical crossing facility within 50m,At scene
31812,,Slight,2,1,17/01/2012,Tuesday,17,January,12,11,30,230,Unclassified,,Single carriageway - 2 lanes,30,'T' or staggered junction,Give way sign or markings,Unclassified,,Daylight: no street lighting,Fine (without high winds),Dry,None,None,No overtaking,319280,671140,9659691,Junction,T.V.N.P.,354388,unset,EH114HD,Control by other authorised person,Pedestrian phase at traffic signal junction,At scene
32012,,Slight,2,1,17/01/2012,Tuesday,17,January,12,7,20,230,A,7,Single carriageway - 2 lanes,30,Other junction,Give way sign or markings,Unclassified,,Darkness: street lights present and lit,Fine (without high winds),Dry,None,None,No overtaking,328980,670190,530122,Junction,T.V.N.P.,354389,unset,EH177SE,Control by other authorised person,"Pelican, puffin, toucan or similar non-junction pedestrian light crossing",At scene
32412,,Slight,1,1,12/01/2012,Thursday,12,January,12,8,3,230,A,8,Single carriageway - 2 lanes,40,Not at or within 20 metres of junction,unset,\,,Daylight: street lights present,Fine (without high winds),Dry,None,None,No overtaking,318460,672780,550652,Segment,Pedestrian,354390,unset,EH128LR,No crossing facility within 50m or physical crossing facility not controlled by authorised person,Pedestrian phase at traffic signal junction,At scene
32712,,Slight,1,1,17/01/2012,Tuesday,17,January,12,21,35,230,C,,Single carriageway - 2 lanes,30,Not at or within 20 metres of junction,unset,\,,Darkness: street lights present and lit,Fine (without high winds),Dry,None,None,No overtaking,327310,675740,2106436,Segment,Bus,354391,unset,EH67ES,No crossing facility within 50m or physical crossing facility not controlled by authorised person,No physical crossing facility within 50m,Elsewhere
33112,,Slight,2,1,04/01/2012,Wednesday,4,January,12,13,35,230,A,1,Single carriageway - 2 lanes,30,Not at or within 20 metres of junction,unset,\,,Daylight: street lights present,Raining with high winds,Dry,None,None,No overtaking,330070,672790,2106403,Segment,T.V.N.P.,354392,unset,EH151LE,No crossing facility within 50m or physical crossing facility not controlled by authorised person,Pedestrian phase at traffic signal junction,At scene
34612,,Slight,2,1,18/01/2012,Wednesday,18,January,12,9,32,230,Unclassified,,Single carriageway - 2 lanes,30,Crossroads,Give way sign or markings,Unclassified,,Daylight: street lights present,Fine (without high winds),Dry,None,None,No overtaking,321530,674380,520395,Junction,T.V.N.P.,354393,unset,EH43RQ,No crossing facility within 50m or physical crossing facility not controlled by authorised person,No physical crossing facility within 50m,At scene
34812,,Slight,1,1,17/01/2012,Tuesday,17,January,12,22,30,230,Unclassified,,Single carriageway - 2 lanes,60,Not at or within 20 metres of junction,unset,\,,Darkness: no street lighting,Fine (without high winds),Dry,Road signing defective or obscured,None,No overtaking,312900,670230,0,Unset,S.V.N.P.,354394,unset,EH288NR,No crossing facility within 50m or physical crossing facility not controlled by authorised person,No physical crossing facility within 50m,At scene
35212,,Slight,2,1,17/01/2012,Tuesday,17,January,12,17,30,230,Unclassified,,Single carriageway - 2 lanes,30,Other junction,Give way sign or markings,Unclassified,,Darkness: street lights present and lit,Fine (without high winds),Dry,None,None,No overtaking,318560,675030,519696,Junction,T.V.N.P.,354395,unset,EH46BU,No crossing facility within 50m or physical crossing facility not controlled by authorised person,Pedestrian phase at traffic signal junction,Elsewhere
35712,,Slight,1,1,18/01/2012,Wednesday,18,January,12,16,40,230,Unclassified,,Single carriageway - 2 lanes,30,Crossroads,Give way sign or markings,Unclassified,,Daylight: street lights present,Fine (without high winds),Dry,None,None,No overtaking,325930,676200,519232,Junction,Pedestrian,354396,unset,EH64BP,No crossing facility within 50m or physical crossing facility not controlled by authorised person,No physical crossing facility within 50m,At scene
35812,,Slight,1,1,18/01/2012,Wednesday,18,January,12,16,49,230,Unclassified,,Single carriageway - 2 lanes,30,'T' or staggered junction,Give way sign or markings,C,,Daylight: street lights present,Other,Dry,None,None,No overtaking,327190,675740,519544,Junction,Bus,354397,unset,EH68HR,No crossing facility within 50m or physical crossing facility not controlled by authorised person,No physical crossing facility within 50m,At scene
36012,,Slight,2,1,18/01/2012,Wednesday,18,January,12,14,10,230,Unclassified,,Single carriageway - 2 lanes,30,Not at or within 20 metres of junction,unset,\,,Daylight: no street lighting,Fine (without high winds),Dry,None,None,No overtaking,324480,674510,0,Unset,T.V.N.P.,354398,unset,EH41NH,No crossing facility within 50m or physical crossing facility not controlled by authorised person,No physical crossing facility within 50m,At scene
36312,,Slight,1,1,18/01/2012,Wednesday,18,January,12,15,57,230,Unclassified,,Single carriageway - 2 lanes,30,Not at or within 20 metres of junction,unset,\,,Daylight: street lights present,Fine (without high winds),Dry,None,None,No overtaking,330010,671740,553958,Segment,Pedestrian,354399,unset,EH164JZ,No crossing facility within 50m or physical crossing facility not controlled by authorised person,No physical crossing facility within 50m,Elsewhere
36712,,Slight,1,1,16/01/2012,Monday,16,January,12,9,55,230,A,7,Single carriageway - 2 lanes,30,Not at or within 20 metres of junction,unset,\,,Daylight: street lights present,Fine (without high winds),Dry,None,None,No overtaking,325920,673700,569273,Segment,Pedestrian,354400,unset,EH11QN,No crossing facility within 50m or physical crossing facility not controlled by authorised person,No physical crossing facility within 50m,Elsewhere
39612,,Slight,3,2,20/01/2012,Friday,20,January,12,10,26,230,Unclassified,,Single carriageway - 2 lanes,30,Not at or within 20 metres of junction,unset,\,,Daylight: street lights present,Fine (without high winds),Dry,None,None,No overtaking,328110,670790,568093,Segment,Bus,354401,unset,EH165RE,No crossing facility within 50m or physical crossing facility not controlled by authorised person,No physical crossing facility within 50m,At scene
40412,,Slight,2,1,16/01/2012,Monday,16,January,12,15,45,230,A,702,Single carriageway - 2 lanes,30,'T' or staggered junction,Give way sign or markings,Unclassified,,Daylight: street lights present,Fine (without high winds),Dry,None,None,No overtaking,324510,672060,522024,Junction,Cyclist,354402,unset,EH104DE,No crossing facility within 50m or physical crossing facility not controlled by authorised person,Central refuge - no other controls,Elsewhere
41512,,Slight,3,2,21/01/2012,Saturday,21,January,12,12,10,230,A,1,Single carriageway - 2 lanes,30,Not at or within 20 metres of junction,unset,\,,Daylight: street lights present,Fine (without high winds),Dry,None,None,No overtaking,328270,674150,523383,Junction,M.V.N.P.,354403,unset,EH87AD,No crossing facility within 50m or physical crossing facility not controlled by authorised person,Pedestrian phase at traffic signal junction,At scene
41612,,Slight,1,1,21/01/2012,Saturday,21,January,12,14,18,230,Unclassified,,Single carriageway - 2 lanes,30,'T' or staggered junction,Give way sign or markings,Unclassified,,Daylight: no street lighting,Fine (without high winds),Dry,None,None,No overtaking,328420,667870,0,Unset,S.V.N.P.,354404,unset,EH178SE,No crossing facility within 50m or physical crossing facility not controlled by authorised person,No physical crossing facility within 50m,At scene
42112,,Slight,1,1,20/01/2012,Friday,20,January,12,8,25,230,Unclassified,,Single carriageway - 2 lanes,30,'T' or staggered junction,Give way sign or markings,Unclassified,,Daylight: street lights present,Fine (without high winds),Dry,None,None,No overtaking,322000,676250,0,Unset,Pedestrian,354405,unset,EH44HP,No crossing facility within 50m or physical crossing facility not controlled by authorised person,No physical crossing facility within 50m,At scene
42312,,Slight,3,2,21/01/2012,Saturday,21,January,12,14,0,230,Unclassified,,Single carriageway - 2 lanes,30,Not at or within 20 metres of junction,unset,\,,Daylight: street lights present,Fine (without high winds),Dry,None,None,No overtaking,323750,675880,0,Unset,M.V.N.P.,354406,unset,EH52DL,No crossing facility within 50m or physical crossing facility not controlled by authorised person,No physical crossing facility within 50m,At scene
43612,,Slight,1,1,20/01/2012,Friday,20,January,12,21,0,230,Unclassified,,Single carriageway - 2 lanes,30,Not at or within 20 metres of junction,unset,\,,Darkness: street lights present and lit,Fine (without high winds),Dry,None,None,No overtaking,320270,669810,565043,Segment,Cyclist,354407,unset,EH143AQ,No crossing facility within 50m or physical crossing facility not controlled by authorised person,No physical crossing facility within 50m,At scene
43912,,Slight,1,1,22/01/2012,Sunday,22,January,12,18,30,230,Unclassified,,Single carriageway - 2 lanes,30,'T' or staggered junction,Give way sign or markings,Unclassified,,Darkness: street lights present and lit,Fine (without high winds),Dry,None,None,No overtaking,326760,676230,0,Unset,Pedestrian,354408,unset,EH65LJ,No crossing facility within 50m or physical crossing facility not controlled by authorised person,No physical crossing facility within 50m,At scene
44912,,Serious,2,1,20/01/2012,Friday,20,January,12,7,30,230,A,90,Single carriageway - 2 lanes,40,Not at or within 20 metres of junction,unset,\,,Darkness: street lights present and lit,Fine (without high winds),Dry,None,None,No overtaking,321720,674800,555525,Segment,Cyclist,354409,unset,EH42AG,No crossing facility within 50m or physical crossing facility not controlled by authorised person,Pedestrian phase at traffic signal junction,Elsewhere
45012,,Slight,2,1,23/01/2012,Monday,23,January,12,11,40,230,A,8,Dual carriageway - 2 lanes,30,Other junction,Give way sign or markings,Unclassified,,Daylight: street lights present,Fine (without high winds),Dry,None,None,No overtaking,325810,674000,520635,Junction,Bus,354410,unset,EH22AN,No crossing facility within 50m or physical crossing facility not controlled by authorised person,Central refuge - no other controls,At scene
45212,,Slight,1,1,23/01/2012,Monday,23,January,12,9,0,230,Unclassified,,One way Street,30,Not at or within 20 metres of junction,unset,\,,Daylight: street lights present,Fine (without high winds),Dry,None,None,No overtaking,326690,672300,566267,Segment,Pedestrian,354411,unset,EH165AA,No crossing facility within 50m or physical crossing facility not controlled by authorised person,No physical crossing facility within 50m,At scene
46212,,Slight,2,1,18/01/2012,Wednesday,18,January,12,14,30,230,Unclassified,,Single carriageway - 2 lanes,30,'T' or staggered junction,Give way sign or markings,Unclassified,,Daylight: street lights present,Fine (without high winds),Dry,None,None,No overtaking,326370,672950,532747,Junction,Cyclist,354412,unset,EH89SN,No crossing facility within 50m or physical crossing facility not controlled by authorised person,"Pelican, puffin, toucan or similar non-junction pedestrian light crossing",At scene
47212,,Slight,1,1,21/01/2012,Saturday,21,January,12,16,0,230,B,901,Single carriageway - 2 lanes,30,Crossroads,Automatic Traffic Signal,Unclassified,,Daylight: street lights present,Fine (without high winds),Dry,None,None,No overtaking,325400,675010,519819,Junction,Pedestrian,354413,unset,EH74EN,No crossing facility within 50m or physical crossing facility not controlled by authorised person,Pedestrian phase at traffic signal junction,At scene
48012,,Slight,2,2,24/01/2012,Tuesday,24,January,12,11,0,230,C,,Single carriageway - 2 lanes,30,Other junction,Automatic Traffic Signal,C,,Daylight: no street lighting,Raining (without high winds),Dry,None,None,No overtaking,325620,673580,521124,Junction,T.V.N.P.,354414,unset,EH12NT,No crossing facility within 50m or physical crossing facility not controlled by authorised person,Pedestrian phase at traffic signal junction,At scene
48112,,Slight,2,1,23/01/2012,Monday,23,January,12,18,50,230,Unclassified,,Single carriageway - 2 lanes,30,Not at or within 20 metres of junction,unset,\,,Darkness: street lights present and lit,Fine (without high winds),Dry,None,None,No overtaking,319370,672730,551794,Segment,Cyclist,354415,unset,EH127UJ,No crossing facility within 50m or physical crossing facility not controlled by authorised person,No physical crossing facility within 50m,Elsewhere
48812,,Slight,2,1,23/01/2012,Monday,23,January,12,8,35,230,A,900,Single carriageway - 2 lanes,30,Other junction,Give way sign or markings,Unclassified,,Daylight: street lights present,Fine (without high winds),Dry,None,None,No overtaking,326080,674450,520665,Junction,Cyclist,354416,unset,EH13NQ,No crossing facility within 50m or physical crossing facility not controlled by authorised person,Pedestrian phase at traffic signal junction,Elsewhere
51212,,Slight,1,1,23/01/2012,Monday,23,January,12,16,40,230,Unclassified,,Single carriageway - 2 lanes,30,Not at or within 20 metres of junction,unset,\,,Darkness: street lights present and lit,Fine (without high winds),Dry,None,None,No overtaking,319330,672900,551757,Segment,Pedestrian,354417,unset,EH127TZ,No crossing facility within 50m or physical crossing facility not controlled by authorised person,Pedestrian phase at traffic signal junction,At scene
51412,,Slight,1,1,25/01/2012,Wednesday,25,January,12,16,0,230,A,702,Single carriageway - 2 lanes,30,Other junction,Give way sign or markings,Unclassified,,Darkness: street lights present and lit,Fine with high winds,Dry,None,None,No overtaking,324590,672120,522027,Junction,Pedestrian,354418,unset,EH104EB,No crossing facility within 50m or physical crossing facility not controlled by authorised person,No physical crossing facility within 50m,At scene
52512,,Serious,2,1,16/01/2012,Monday,16,January,12,17,30,230,Unclassified,,Single carriageway - 2 lanes,30,Crossroads,Give way sign or markings,C,,Darkness: street lights present but unlit,Fine (without high winds),Dry,None,None,No overtaking,325480,672120,522048,Junction,Cyclist,354419,unset,EH91HR,Control by other authorised person,Pedestrian phase at traffic signal junction,Elsewhere
53012,,Slight,1,1,26/01/2012,Thursday,26,January,12,9,19,230,Unclassified,,Single carriageway - 2 lanes,60,Not at or within 20 metres of junction,unset,\,,Daylight: street lights present,Fine (without high winds),Dry,None,None,No overtaking,314410,675670,0,Unset,S.V.N.P.,354420,unset,EH299EH,No crossing facility within 50m or physical crossing facility not controlled by authorised person,No physical crossing facility within 50m,At scene
54112,,Slight,2,1,27/01/2012,Friday,27,January,12,9,0,230,A,8,Single carriageway - 2 lanes,30,'T' or staggered junction,Give way sign or markings,C,,Daylight: street lights present,Fine (without high winds),Dry,None,None,No overtaking,321490,673000,521754,Junction,Cyclist,354421,unset,EH126TY,No crossing facility within 50m or physical crossing facility not controlled by authorised person,No physical crossing facility within 50m,At scene
54912,,Serious,1,1,26/01/2012,Thursday,26,January,12,18,20,230,Unclassified,,Single carriageway - 2 lanes,30,Not at or within 20 metres of junction,unset,\,,Darkness: street lights present and lit,Fine with high winds,Dry,None,None,No overtaking,327530,675230,557464,Segment,Pedestrian,354422,unset,EH68BU,No crossing facility within 50m or physical crossing facility not controlled by authorised person,No physical crossing facility within 50m,At scene
56512,,Slight,1,1,27/01/2012,Friday,27,January,12,17,30,230,Unclassified,,Single carriageway - 2 lanes,30,Not at or within 20 metres of junction,unset,\,,Daylight: street lights present,Unknown,Dry,None,None,No overtaking,322840,670780,554732,Segment,Pedestrian,354423,unset,EH141BY,No crossing facility within 50m or physical crossing facility not controlled by authorised person,No physical crossing facility within 50m,Elsewhere
57212,,Slight,1,1,28/01/2012,Saturday,28,January,12,22,0,230,Unclassified,,Single carriageway - 2 lanes,30,Not at or within 20 metres of junction,unset,\,,Darkness: street lights present and lit,Other,Dry,None,None,No overtaking,330160,674300,0,Unset,Pedestrian,354424,unset,EH151UD,No crossing facility within 50m or physical crossing facility not controlled by authorised person,No physical crossing facility within 50m,Elsewhere
58312,,Slight,2,2,29/01/2012,Sunday,29,January,12,21,0,230,C,,Single carriageway - 2 lanes,30,'T' or staggered junction,Give way sign or markings,Unclassified,,Darkness: street lights present and lit,Fine (without high winds),Dry,None,None,No overtaking,323250,676890,519004,Junction,T.V.N.P.,354425,unset,EH51PF,No crossing facility within 50m or physical crossing facility not controlled by authorised person,No physical crossing facility within 50m,At scene
58512,,Slight,1,1,29/01/2012,Sunday,29,January,12,2,15,230,A,900,Dual carriageway - 2 lanes,30,Not at or within 20 metres of junction,unset,\,,Darkness: street lights present and lit,Fine (without high winds),Dry,None,None,No overtaking,325920,674100,558533,Segment,Bus,354426,unset,EH13SJ,No crossing facility within 50m or physical crossing facility not controlled by authorised person,No physical crossing facility within 50m,At scene
58812,,Slight,2,1,28/01/2012,Saturday,28,January,12,19,10,230,A,720,Dual carriageway - 2 lanes,70,Not at or within 20 metres of junction,unset,\,,Darkness: no street lighting,Fine (without high winds),Dry,None,Involvement with previous accident,No overtaking,319810,669480,2579027,Segment,T.V.N.P.,354427,unset,EH143BT,No crossing facility within 50m or physical crossing facility not controlled by authorised person,No physical crossing facility within 50m,At scene
60812,,Serious,2,1,30/01/2012,Monday,30,January,12,15,0,230,A,70,Single carriageway - 2 lanes,30,'T' or staggered junction,Automatic Traffic Signal,C,,Daylight: no street lighting,Fine (without high winds),Dry,None,None,No overtaking,322210,670830,529735,Junction,T.V.N.P.,354428,unset,EH141LS,Control by other authorised person,Pedestrian phase at traffic signal junction,At scene
62512,,Slight,2,1,03/01/2012,Tuesday,3,January,12,13,30,230,A,900,Dual carriageway - 2 lanes,30,Not at or within 20 metres of junction,unset,\,,Daylight: street lights present,Fine (without high winds),Dry,None,None,No overtaking,326680,675350,558473,Segment,Bus,354429,unset,EH65BX,No crossing facility within 50m or physical crossing facility not controlled by authorised person,No physical crossing facility within 50m,Elsewhere
64312,,Slight,2,1,09/01/2012,Monday,9,January,12,8,15,230,Unclassified,,Single carriageway - 2 lanes,30,Multiple junction,Give way sign or markings,Unclassified,,Darkness: street lights present but unlit,Fine (without high winds),Dry,None,None,No overtaking,320110,671950,0,Unset,T.V.N.P.,354430,unset,EH127LY,No crossing facility within 50m or physical crossing facility not controlled by authorised person,No physical crossing facility within 50m,Elsewhere
64412,,Slight,3,1,01/02/2012,Wednesday,1,February,12,12,10,230,A,199,Single carriageway - 2 lanes,40,Other junction,Give way sign or markings,Unclassified,,Daylight: no street lighting,Fine (without high winds),Dry,None,None,No overtaking,329680,674920,522489,Junction,M.V.N.P.,356784,unset,EH151ED,No crossing facility within 50m or physical crossing facility not controlled by authorised person,No physical crossing facility within 50m,At scene
64812,,Serious,1,1,01/02/2012,Wednesday,1,February,12,10,0,230,Unclassified,,Single carriageway - 2 lanes,30,'T' or staggered junction,Give way sign or markings,Unclassified,,Daylight: no street lighting,Fine (without high winds),Dry,None,None,No overtaking,326140,676350,532552,Junction,Pedestrian,356785,unset,EH64ET,No crossing facility within 50m or physical crossing facility not controlled by authorised person,Pedestrian phase at traffic signal junction,At scene
65812,,Slight,1,1,27/01/2012,Friday,27,January,12,12,35,230,C,,Single carriageway - 2 lanes,30,Not at or within 20 metres of junction,unset,\,,Daylight: no street lighting,Fine (without high winds),Dry,None,None,No overtaking,326980,674840,2106481,Segment,Pedestrian,354431,unset,EH75QE,Control by other authorised person,"Pelican, puffin, toucan or similar non-junction pedestrian light crossing",At scene
67612,,Slight,2,1,02/02/2012,Thursday,2,February,12,18,20,230,C,,Single carriageway - 2 lanes,30,Crossroads,Automatic Traffic Signal,B,701,Darkness: street lights present and lit,Fine (without high winds),Dry,None,None,No overtaking,328270,668480,530308,Junction,T.V.N.P.,356787,unset,EH166QT,No crossing facility within 50m or physical crossing facility not controlled by authorised person,"Pelican, puffin, toucan or similar non-junction pedestrian light crossing",At scene
67712,,Serious,1,1,02/02/2012,Thursday,2,February,12,17,30,230,A,1140,Single carriageway - 2 lanes,30,Not at or within 20 metres of junction,unset,\,,Darkness: street lights present and lit,Fine (without high winds),Dry,None,None,No overtaking,328840,674190,554894,Segment,Pedestrian,356788,unset,EH87BJ,No crossing facility within 50m or physical crossing facility not controlled by authorised person,"Pelican, puffin, toucan or similar non-junction pedestrian light crossing",At scene
67912,,Slight,2,1,02/02/2012,Thursday,2,February,12,18,25,230,A,901,Single carriageway - 2 lanes,30,Multiple junction,Automatic Traffic Signal,A,900,Darkness: street lights present and lit,Fine (without high winds),Dry,None,None,No overtaking,326940,675920,522483,Junction,Cyclist,356789,unset,EH65HX,No crossing facility within 50m or physical crossing facility not controlled by authorised person,Pedestrian phase at traffic signal junction,Elsewhere
69512,,Slight,2,1,03/02/2012,Friday,3,February,12,8,55,230,A,71,Single carriageway - 2 lanes,50,Not at or within 20 metres of junction,unset,\,,Daylight: no street lighting,Fine (without high winds),Dry,None,None,No overtaking,314390,669130,549671,Segment,T.V.N.P.,356790,unset,EH278EB,No crossing facility within 50m or physical crossing facility not controlled by authorised person,No physical crossing facility within 50m,Elsewhere