acc_ref,beat_no,severity,no_vehicle,no_casualt,a_date,a_day,a_date_day,a_date_mon,a_date_yr,a_time_hr,a_time_min,loc_auth,road1_class,road1_no,road_type,speed_limi,junc_det,junc_ctrl,road2_class,road2_no,light_cond,weather,road_surf,spec_cond,cway_hzrds,ovrtk_patrn,easting,northing,net_id,net_type,acc_type,text_id,division,Postcode,ped_xing_hc,ped_xing_p,place_reported
203612,,Slight,2,1,10/04/2012,Tuesday,10,April,12,16,36,230,C,,Single carriageway - 2 lanes,30,Crossroads,Give way sign or markings,Unclassified,,Daylight: no street lighting,Fine (without high winds),Dry,None,None,No overtaking,320390,671920,522141,Junction,T.V.N.P.,356985,unset,EH127DU,No crossing facility within 50m or physical crossing facility not controlled by authorised person,No physical crossing facility within 50m,At scene
203712,,Slight,2,2,10/04/2012,Tuesday,10,April,12,17,25,230,A,90,Single carriageway - 2 lanes,40,'T' or staggered junction,Automatic Traffic Signal,B,701,Daylight: no street lighting,Fine (without high winds),Dry,None,None,No overtaking,318890,674910,519933,Junction,T.V.N.P.,356986,unset,EH48AR,No crossing facility within 50m or physical crossing facility not controlled by authorised person,No physical crossing facility within 50m,At scene
204412,,Slight,2,1,19/03/2012,Monday,19,March,12,18,55,230,C,,Single carriageway - 2 lanes,30,Crossroads,Give way sign or markings,Unclassified,,Darkness: street lights present and lit,Raining (without high winds),Dry,None,None,No overtaking,327030,675220,0,Unset,Cyclist,354732,unset,EH68RT,No crossing facility within 50m or physical crossing facility not controlled by authorised person,No physical crossing facility within 50m,At scene
205112,,Serious,1,1,11/04/2012,Wednesday,11,April,12,16,10,230,Unclassified,,Dual carriageway - 2 lanes,40,Not at or within 20 metres of junction,unset,\,,Daylight: street lights present,Fine (without high winds),Dry,None,None,No overtaking,320050,669420,551630,Segment,Pedestrian,356987,unset,EH143AX,No crossing facility within 50m or physical crossing facility not controlled by authorised person,No physical crossing facility within 50m,At scene
205312,,Slight,1,1,10/04/2012,Tuesday,10,April,12,20,55,230,A,901,Single carriageway - 2 lanes,30,'T' or staggered junction,Give way sign or markings,A,901,Darkness: street lights present and lit,Fine (without high winds),Dry,None,None,No overtaking,325810,677000,532669,Junction,Pedestrian,356988,unset,EH64HY,No crossing facility within 50m or physical crossing facility not controlled by authorised person,No physical crossing facility within 50m,Elsewhere
205512,,Slight,2,1,11/04/2012,Wednesday,11,April,12,16,29,230,A,71,One way Street,30,Roundabout,Automatic Traffic Signal,Unclassified,,Daylight: no street lighting,Fine (without high winds),Dry,None,None,No overtaking,318530,670390,2307036,Junction,Cyclist,356989,unset,EH144AW,Control by other authorised person,Pedestrian phase at traffic signal junction,At scene
205612,,Slight,2,1,06/04/2012,Friday,6,April,12,13,10,230,Unclassified,,Single carriageway - 2 lanes,30,'T' or staggered junction,Give way sign or markings,Unclassified,,Daylight: no street lighting,Fine (without high winds),Dry,None,None,No overtaking,327200,674930,12239021,Junction,T.V.N.P.,356990,unset,EH75QU,Control by other authorised person,Pedestrian phase at traffic signal junction,Elsewhere
206412,,Slight,2,1,12/04/2012,Thursday,12,April,12,15,15,230,B,1350,Single carriageway - 2 lanes,30,Roundabout,Give way sign or markings,A,900,Daylight: street lights present,Fine (without high winds),Dry,None,None,No overtaking,326160,674510,520236,Junction,Cyclist,356991,unset,EH75DX,No crossing facility within 50m or physical crossing facility not controlled by authorised person,No physical crossing facility within 50m,Elsewhere
206612,,Slight,2,1,12/04/2012,Thursday,12,April,12,8,30,230,B,9085,Single carriageway - 2 lanes,30,Mini-roundabout,Give way sign or markings,Unclassified,,Daylight: street lights present,Raining (without high winds),Dry,None,None,No overtaking,320540,675440,519747,Junction,Cyclist,356992,unset,EH46AR,No crossing facility within 50m or physical crossing facility not controlled by authorised person,Zebra crossing,At scene
207912,,Slight,4,1,13/04/2012,Friday,13,April,12,13,0,230,A,8000,Dual carriageway - 2 lanes,30,Not at or within 20 metres of junction,unset,\,,Daylight: no street lighting,Fine (without high winds),Dry,None,None,No overtaking,312970,677510,555198,Segment,M.V.N.P.,356993,unset,EH309YA,No crossing facility within 50m or physical crossing facility not controlled by authorised person,No physical crossing facility within 50m,At scene
208512,,Slight,3,2,13/04/2012,Friday,13,April,12,10,24,230,A,720,Dual carriageway - 2 lanes,70,Not at or within 20 metres of junction,unset,\,,Daylight: no street lighting,Fine (without high winds),Dry,None,None,No overtaking,319900,669430,2578907,Segment,M.V.N.P.,356994,unset,EH143BS,No crossing facility within 50m or physical crossing facility not controlled by authorised person,No physical crossing facility within 50m,At scene
210012,,Slight,2,2,13/04/2012,Friday,13,April,12,21,30,230,A,90,Dual carriageway - 2 lanes,40,Multiple junction,Automatic Traffic Signal,A,902,Darkness: street lights present and lit,Fine (without high winds),Dry,None,None,No overtaking,321550,674920,520029,Junction,T.V.N.P.,356995,unset,EH42AQ,No crossing facility within 50m or physical crossing facility not controlled by authorised person,Pedestrian phase at traffic signal junction,At scene
210112,,Serious,1,1,14/04/2012,Saturday,14,April,12,14,32,230,Unclassified,,Single carriageway - 2 lanes,30,Not at or within 20 metres of junction,unset,\,,Daylight: street lights present,Fine (without high winds),Dry,None,None,No overtaking,323540,668730,564815,Segment,Bus,356996,unset,EH139NE,No crossing facility within 50m or physical crossing facility not controlled by authorised person,No physical crossing facility within 50m,Elsewhere
210312,,Slight,2,1,15/04/2012,Sunday,15,April,12,1,30,230,A,702,Single carriageway - 2 lanes,30,Other junction,Give way sign or markings,Unclassified,,Darkness: street lights present and lit,Fine (without high winds),Dry,None,None,No overtaking,324630,672160,522030,Junction,T.V.N.P.,356997,unset,EH104ER,No crossing facility within 50m or physical crossing facility not controlled by authorised person,Central refuge - no other controls,At scene
210412,,Slight,2,1,11/04/2012,Wednesday,11,April,12,17,30,230,A,8,Dual carriageway - 2 lanes,40,Roundabout,Automatic Traffic Signal,A,8,Daylight: no street lighting,Raining (without high winds),Dry,None,None,No overtaking,312590,672650,517576,Junction,T.V.N.P.,356998,unset,EH288PP,No crossing facility within 50m or physical crossing facility not controlled by authorised person,No physical crossing facility within 50m,At scene
210812,,Slight,2,1,15/04/2012,Sunday,15,April,12,16,5,230,Unclassified,,Single carriageway - 2 lanes,30,'T' or staggered junction,Automatic Traffic Signal,A,8,Daylight: street lights present,Fine (without high winds),Dry,None,None,No overtaking,320110,672920,521724,Junction,T.V.N.P.,356999,unset,EH128AT,No crossing facility within 50m or physical crossing facility not controlled by authorised person,No physical crossing facility within 50m,At scene
213212,,Slight,3,1,10/04/2012,Tuesday,10,April,12,8,30,230,A,8,Dual carriageway - 2 lanes,60,Slip road,Give way sign or markings,Unclassified,,Daylight: no street lighting,Snowing (without high winds),Dry,None,None,No overtaking,314780,672470,532249,Junction,M.V.N.P.,357000,unset,EH288NB,No crossing facility within 50m or physical crossing facility not controlled by authorised person,No physical crossing facility within 50m,At scene
213812,,Serious,1,1,16/04/2012,Monday,16,April,12,10,10,230,Unclassified,,Single carriageway - 2 lanes,20,Other junction,Automatic Traffic Signal,A,901,Daylight: no street lighting,Fine (without high winds),Dry,None,None,No overtaking,326440,676780,531316,Junction,Pedestrian,357001,unset,EH66NW,No crossing facility within 50m or physical crossing facility not controlled by authorised person,Central refuge - no other controls,At scene
215712,,Serious,2,1,17/04/2012,Tuesday,17,April,12,15,40,230,A,71,Dual carriageway - 2 lanes,40,Roundabout,Give way sign or markings,C,,Daylight: street lights present,Fine (without high winds),Dry,None,None,No overtaking,320690,671110,529513,Junction,Cyclist,357002,unset,EH113RQ,No crossing facility within 50m or physical crossing facility not controlled by authorised person,No physical crossing facility within 50m,Elsewhere
215812,,Slight,2,1,17/04/2012,Tuesday,17,April,12,18,20,230,Unclassified,,Single carriageway - 3 lanes,30,Slip road,Give way sign or markings,A,7,Daylight: no street lighting,Fine (without high winds),Dry,None,None,No overtaking,329730,669450,0,Unset,T.V.N.P.,357003,unset,EH164SP,Control by other authorised person,"Pelican, puffin, toucan or similar non-junction pedestrian light crossing",At scene
218012,,Slight,2,1,12/04/2012,Thursday,12,April,12,15,13,230,Motorway,8,Roundabout,60,Roundabout,Automatic Traffic Signal,Motorway,8,Daylight: street lights present,Fine (without high winds),Dry,None,None,No overtaking,318060,670950,6453338,Junction,T.V.N.P.,357004,unset,EH129BU,Control by other authorised person,Pedestrian phase at traffic signal junction,At scene
218612,,Slight,2,1,18/04/2012,Wednesday,18,April,12,12,45,230,A,900,Single carriageway - 2 lanes,30,Other junction,Give way sign or markings,Unclassified,,Daylight: street lights present,Fine (without high winds),Dry,None,None,No overtaking,326790,675560,519478,Junction,T.V.N.P.,357005,unset,EH68NR,No crossing facility within 50m or physical crossing facility not controlled by authorised person,No physical crossing facility within 50m,At scene
219212,,Slight,2,1,18/04/2012,Wednesday,18,April,12,17,0,230,Unclassified,,Roundabout,30,Roundabout,Give way sign or markings,Unclassified,,Daylight: street lights present,Fine (without high winds),Dry,None,None,No overtaking,312960,677600,10292788,Junction,T.V.N.P.,357006,unset,EH309YA,No crossing facility within 50m or physical crossing facility not controlled by authorised person,No physical crossing facility within 50m,Elsewhere
219412,,Slight,2,1,18/04/2012,Wednesday,18,April,12,20,10,230,Unclassified,,Single carriageway - 2 lanes,30,Not at or within 20 metres of junction,unset,\,,Darkness: street lights present and lit,Fine (without high winds),Dry,None,None,No overtaking,328360,674040,0,Unset,Cyclist,357007,unset,EH87HD,No crossing facility within 50m or physical crossing facility not controlled by authorised person,No physical crossing facility within 50m,Elsewhere
220212,,Slight,1,1,18/04/2012,Wednesday,18,April,12,14,42,230,Unclassified,,One way Street,20,Not at or within 20 metres of junction,unset,\,,Daylight: street lights present,Unknown,Dry,None,None,No overtaking,317990,672460,0,Unset,Bus,357009,unset,EH129DG,No crossing facility within 50m or physical crossing facility not controlled by authorised person,No physical crossing facility within 50m,Elsewhere
221512,,Slight,2,1,19/04/2012,Thursday,19,April,12,14,19,230,A,71,Single carriageway - 2 lanes,30,Using private drive or entrance,Give way sign or markings,Unclassified,,Daylight: street lights present,Raining (without high winds),Dry,None,None,No overtaking,321940,671660,549737,Segment,T.V.N.P.,357010,unset,EH113AJ,No crossing facility within 50m or physical crossing facility not controlled by authorised person,Central refuge - no other controls,At scene
222212,,Slight,2,1,20/04/2012,Friday,20,April,12,8,30,230,Unclassified,,Roundabout,30,Roundabout,Give way sign or markings,Unclassified,,Daylight: street lights present,Fine (without high winds),Dry,None,None,No overtaking,327800,674120,520764,Junction,Cyclist,357011,unset,EH88JD,No crossing facility within 50m or physical crossing facility not controlled by authorised person,Central refuge - no other controls,At scene
223412,,Slight,2,1,20/04/2012,Friday,20,April,12,16,5,230,C,,Single carriageway - 2 lanes,30,'T' or staggered junction,Give way sign or markings,Unclassified,,Daylight: street lights present,Fine (without high winds),Dry,None,None,No overtaking,325700,673320,521541,Junction,Cyclist,357012,unset,EH11HU,No crossing facility within 50m or physical crossing facility not controlled by authorised person,Zebra crossing,At scene
224112,,Slight,2,1,19/04/2012,Thursday,19,April,12,21,55,230,Unclassified,,Single carriageway - 2 lanes,30,Not at or within 20 metres of junction,unset,\,,Darkness: street lights present and lit,Raining (without high winds),Dry,None,None,No overtaking,323280,671820,564151,Segment,Cyclist,357013,unset,EH111RY,No crossing facility within 50m or physical crossing facility not controlled by authorised person,No physical crossing facility within 50m,At scene
225012,,Slight,1,1,18/04/2012,Wednesday,18,April,12,21,10,230,Unclassified,,Single carriageway - 2 lanes,30,'T' or staggered junction,Give way sign or markings,Unclassified,,Darkness: street lights present and lit,Raining (without high winds),Dry,None,None,No overtaking,325720,673320,521541,Junction,Pedestrian,357014,unset,EH11EY,No crossing facility within 50m or physical crossing facility not controlled by authorised person,Zebra crossing,At scene
225712,,Serious,1,1,18/04/2012,Wednesday,18,April,12,17,50,230,A,702,Single carriageway - 2 lanes,30,Multiple junction,Automatic Traffic Signal,C,,Daylight: street lights present,Fine (without high winds),Dry,None,None,No overtaking,324900,672970,533374,Junction,Pedestrian,357015,unset,EH39BN,No crossing facility within 50m or physical crossing facility not controlled by authorised person,Pedestrian phase at traffic signal junction,At scene
226812,,Slight,3,2,20/04/2012,Friday,20,April,12,23,49,230,A,701,Single carriageway - 2 lanes,30,Crossroads,Give way sign or markings,Unclassified,,Darkness: street lights present and lit,Raining (without high winds),Dry,None,None,No overtaking,326790,671700,529474,Junction,M.V.N.P.,357016,unset,EH92BZ,No crossing facility within 50m or physical crossing facility not controlled by authorised person,Central refuge - no other controls,At scene
227012,,Slight,1,2,22/04/2012,Sunday,22,April,12,1,30,230,A,71,Single carriageway - 2 lanes,50,Not at or within 20 metres of junction,unset,\,,Darkness: no street lighting,Fine (without high winds),Dry,None,None,No overtaking,315990,669880,549650,Segment,S.V.N.P.,357017,unset,EH288NU,No crossing facility within 50m or physical crossing facility not controlled by authorised person,No physical crossing facility within 50m,At scene
227412,,Slight,1,1,23/04/2012,Monday,23,April,12,8,20,230,Unclassified,,Dual carriageway - 2 lanes,30,Not at or within 20 metres of junction,unset,\,,Daylight: street lights present,Fine (without high winds),Dry,None,None,No overtaking,318950,671550,12232528,Segment,Pedestrian,357018,unset,EH129EB,No crossing facility within 50m or physical crossing facility not controlled by authorised person,No physical crossing facility within 50m,At scene
230312,,Slight,3,2,23/04/2012,Monday,23,April,12,8,33,230,A,6095,Single carriageway - 2 lanes,30,Other junction,Give way sign or markings,Unclassified,,Daylight: no street lighting,Fine (without high winds),Dry,None,None,No overtaking,328970,671670,523770,Junction,M.V.N.P.,357019,unset,EH164BE,No crossing facility within 50m or physical crossing facility not controlled by authorised person,No physical crossing facility within 50m,At scene
230912,,Slight,1,1,24/04/2012,Tuesday,24,April,12,13,50,230,Unclassified,,Single carriageway - 2 lanes,40,Not at or within 20 metres of junction,unset,\,,Daylight: street lights present,Fine (without high winds),Dry,None,None,No overtaking,323240,672700,559227,Segment,S.V.N.P.,357020,unset,EH112LP,No crossing facility within 50m or physical crossing facility not controlled by authorised person,No physical crossing facility within 50m,At scene
231412,,Serious,2,1,23/04/2012,Monday,23,April,12,21,35,230,A,90,Single carriageway - 2 lanes,40,Not at or within 20 metres of junction,unset,\,,Daylight: no street lighting,Raining (without high winds),Dry,None,None,No overtaking,319290,674940,555498,Segment,Pedestrian,357021,unset,EH46ER,No crossing facility within 50m or physical crossing facility not controlled by authorised person,No physical crossing facility within 50m,At scene
231612,,Slight,2,1,17/04/2012,Tuesday,17,April,12,11,29,230,Unclassified,,Single carriageway - 2 lanes,30,'T' or staggered junction,Give way sign or markings,Unclassified,,Daylight: no street lighting,Fine (without high winds),Dry,None,None,No overtaking,326900,672660,4224887,Junction,T.V.N.P.,357022,unset,EH165XN,Control by other authorised person,Pedestrian phase at traffic signal junction,At scene
233212,,Serious,1,1,24/04/2012,Tuesday,24,April,12,22,0,230,C,,Single carriageway - 2 lanes,30,'T' or staggered junction,Give way sign or markings,Unclassified,,Darkness: street lights present and lit,Raining (without high winds),Dry,None,None,No overtaking,324000,672590,521844,Junction,Pedestrian,357023,unset,EH111BG,No crossing facility within 50m or physical crossing facility not controlled by authorised person,"Pelican, puffin, toucan or similar non-junction pedestrian light crossing",At scene
234612,,Slight,1,3,26/04/2012,Thursday,26,April,12,9,15,230,A,720,Dual carriageway - 2 lanes,60,Not at or within 20 metres of junction,unset,\,,Daylight: no street lighting,Raining (without high winds),Dry,None,None,No overtaking,328630,666960,2579069,Segment,S.V.N.P.,357024,unset,EH178SB,No crossing facility within 50m or physical crossing facility not controlled by authorised person,No physical crossing facility within 50m,At scene
236612,,Slight,2,1,25/04/2012,Wednesday,25,April,12,16,55,230,A,8,Single carriageway - 2 lanes,30,'T' or staggered junction,Give way sign or markings,Unclassified,,Daylight: no street lighting,Raining (without high winds),Dry,None,None,No overtaking,323810,673220,521298,Junction,T.V.N.P.,357025,unset,EH125LQ,Control by school crossing patrol,Pedestrian phase at traffic signal junction,At scene
237512,,Serious,1,1,27/04/2012,Friday,27,April,12,11,35,230,C,,Single carriageway - 2 lanes,30,Not at or within 20 metres of junction,unset,\,,Daylight: no street lighting,Fine (without high winds),Dry,None,None,No overtaking,325390,674060,566534,Segment,Pedestrian,357026,unset,EH22PA,No crossing facility within 50m or physical crossing facility not controlled by authorised person,Zebra crossing,At scene
237612,,Slight,2,1,27/04/2012,Friday,27,April,12,13,40,230,Unclassified,,Single carriageway - 2 lanes,30,Crossroads,Give way sign or markings,Unclassified,,Daylight: no street lighting,Fine (without high winds),Dry,None,None,No overtaking,325760,671510,523863,Junction,Cyclist,357027,unset,EH92RA,No crossing facility within 50m or physical crossing facility not controlled by authorised person,No physical crossing facility within 50m,At scene
240612,,Slight,1,1,29/04/2012,Sunday,29,April,12,22,26,230,A,70,Single carriageway - 2 lanes,30,Not at or within 20 metres of junction,unset,\,,Daylight: no street lighting,Raining (without high winds),Dry,None,None,No overtaking,320670,669110,532912,Junction,S.V.N.P.,357028,unset,EH130LT,No crossing facility within 50m or physical crossing facility not controlled by authorised person,No physical crossing facility within 50m,At scene
240812,,Slight,1,1,30/04/2012,Monday,30,April,12,8,20,230,Unclassified,,Single carriageway - 2 lanes,20,'T' or staggered junction,Give way sign or markings,Unclassified,,Daylight: no street lighting,Raining (without high winds),Dry,None,None,No overtaking,319160,676220,519073,Junction,S.V.N.P.,357029,unset,EH46LX,Control by other authorised person,Pedestrian phase at traffic signal junction,At scene
240912,,Slight,3,1,30/04/2012,Monday,30,April,12,10,15,230,A,70,Single carriageway - 2 lanes,30,'T' or staggered junction,Automatic Traffic Signal,Unclassified,,Daylight: street lights present,Fine (without high winds),Dry,None,None,No overtaking,323120,671980,522267,Junction,Bus,357030,unset,EH111QE,No crossing facility within 50m or physical crossing facility not controlled by authorised person,Pedestrian phase at traffic signal junction,At scene
241812,,Slight,2,1,30/04/2012,Monday,30,April,12,16,0,230,Unclassified,,Single carriageway - 2 lanes,30,Crossroads,Automatic Traffic Signal,Unclassified,,Daylight: street lights present,Fine (without high winds),Dry,None,None,No overtaking,325880,676300,519238,Junction,Cyclist,357031,unset,EH64NP,No crossing facility within 50m or physical crossing facility not controlled by authorised person,No physical crossing facility within 50m,At scene
241912,,Serious,1,1,30/04/2012,Monday,30,April,12,13,22,230,Unclassified,,Single carriageway - 2 lanes,30,Mini-roundabout,Give way sign or markings,Unclassified,,Daylight: no street lighting,Unknown,Dry,None,None,No overtaking,313860,677960,12230541,Junction,Bus,357032,unset,EH309JP,No crossing facility within 50m or physical crossing facility not controlled by authorised person,No physical crossing facility within 50m,Elsewhere
242812,,Slight,2,1,30/04/2012,Monday,30,April,12,9,25,230,A,70,Single carriageway - 2 lanes,30,Other junction,Give way sign or markings,Unclassified,,Daylight: street lights present,Fine (without high winds),Dry,None,None,No overtaking,323190,672040,521976,Junction,Cyclist,357033,unset,EH111PR,No crossing facility within 50m or physical crossing facility not controlled by authorised person,No physical crossing facility within 50m,Elsewhere
243112,,Slight,1,1,29/04/2012,Sunday,29,April,12,20,45,230,A,900,Single carriageway - 2 lanes,30,'T' or staggered junction,Automatic Traffic Signal,C,,Darkness: street lights present and lit,Fine (without high winds),Dry,None,None,No overtaking,326550,675150,519867,Junction,Pedestrian,357034,unset,EH65AG,No crossing facility within 50m or physical crossing facility not controlled by authorised person,Pedestrian phase at traffic signal junction,Elsewhere
243512,,Slight,2,1,01/05/2012,Tuesday,1,May,12,22,0,230,Unclassified,,Single carriageway - 2 lanes,30,'T' or staggered junction,Give way sign or markings,Unclassified,,Daylight: no street lighting,Fine (without high winds),Dry,None,None,No overtaking,319360,672780,521667,Junction,T.V.N.P.,365584,unset,EH127TZ,No crossing facility within 50m or physical crossing facility not controlled by authorised person,Pedestrian phase at traffic signal junction,At scene
244212,,Slight,2,1,23/04/2012,Monday,23,April,12,12,45,230,A,720,Dual carriageway - 2 lanes,30,Not at or within 20 metres of junction,unset,\,,Daylight: no street lighting,Fine (without high winds),Dry,None,None,No overtaking,324460,667830,570534,Segment,T.V.N.P.,357035,unset,EH107DS,No crossing facility within 50m or physical crossing facility not controlled by authorised person,No physical crossing facility within 50m,At scene
245312,,Slight,3,4,02/05/2012,Wednesday,2,May,12,16,45,230,A,70,Single carriageway - 2 lanes,40,Not at or within 20 metres of junction,unset,\,,Daylight: street lights present,Fine (without high winds),Dry,None,None,No overtaking,321260,669800,561823,Segment,M.V.N.P.,365585,unset,EH142LL,No crossing facility within 50m or physical crossing facility not controlled by authorised person,No physical crossing facility within 50m,At scene
245412,,Slight,2,1,02/05/2012,Wednesday,2,May,12,19,0,230,A,71,Single carriageway - 2 lanes,60,'T' or staggered junction,Give way sign or markings,Unclassified,,Daylight: no street lighting,Fine (without high winds),Dry,None,None,No overtaking,314550,669180,517744,Junction,T.V.N.P.,365586,unset,EH278EB,No crossing facility within 50m or physical crossing facility not controlled by authorised person,No physical crossing facility within 50m,At scene
246612,,Slight,1,1,02/03/2012,Friday,2,March,12,13,15,230,Unclassified,,Single carriageway - 2 lanes,30,Other junction,Give way sign or markings,Unclassified,,Daylight: street lights present,Fine (without high winds),Dry,None,None,No overtaking,328590,668000,530329,Junction,Pedestrian,354733,unset,EH178PE,No crossing facility within 50m or physical crossing facility not controlled by authorised person,No physical crossing facility within 50m,At scene
246812,,Slight,1,1,03/05/2012,Thursday,3,May,12,19,20,230,A,7,Single carriageway - 2 lanes,30,'T' or staggered junction,Give way sign or markings,Unclassified,,Daylight: street lights present,Fine (without high winds),Dry,None,None,No overtaking,326190,672890,532702,Junction,Bus,365587,unset,EH89EZ,No crossing facility within 50m or physical crossing facility not controlled by authorised person,No physical crossing facility within 50m,At scene
247712,,Slight,2,1,01/05/2012,Tuesday,1,May,12,9,15,230,B,701,Single carriageway - 2 lanes,30,'T' or staggered junction,Give way sign or markings,Unclassified,,Daylight: street lights present,Fine (without high winds),Dry,None,None,No overtaking,329360,668790,530263,Junction,Cyclist,365588,unset,EH177AR,No crossing facility within 50m or physical crossing facility not controlled by authorised person,No physical crossing facility within 50m,Elsewhere
248612,,Slight,1,1,04/05/2012,Friday,4,May,12,15,15,230,C,,Roundabout,30,Roundabout,Give way sign or markings,C,,Daylight: street lights present,Fine (without high winds),Dry,None,None,No overtaking,325340,674010,520509,Junction,Bus,365589,unset,EH22DX,No crossing facility within 50m or physical crossing facility not controlled by authorised person,Pedestrian phase at traffic signal junction,Elsewhere
249412,,Slight,1,1,05/05/2012,Saturday,5,May,12,1,0,230,C,,Roundabout,30,Roundabout,Give way sign or markings,B,901,Darkness: street lights present and lit,Fine (without high winds),Dry,None,None,No overtaking,325720,674670,520206,Junction,Pedestrian,365590,unset,EH36NB,No crossing facility within 50m or physical crossing facility not controlled by authorised person,No physical crossing facility within 50m,At scene
250012,,Slight,1,1,03/05/2012,Thursday,3,May,12,15,20,230,Unclassified,,Single carriageway - 2 lanes,30,'T' or staggered junction,Give way sign or markings,A,8,Daylight: street lights present,Fine (without high winds),Dry,None,None,No overtaking,323950,673220,521295,Junction,Pedestrian,365591,unset,EH125JZ,No crossing facility within 50m or physical crossing facility not controlled by authorised person,No physical crossing facility within 50m,Elsewhere
251912,,Slight,2,1,06/05/2012,Sunday,6,May,12,15,26,230,C,,Single carriageway - 2 lanes,20,Crossroads,Automatic Traffic Signal,C,,Daylight: no street lighting,Fine (without high winds),Dry,None,None,No overtaking,327600,669520,530152,Junction,T.V.N.P.,365592,unset,EH166RY,Control by other authorised person,Pedestrian phase at traffic signal junction,At scene
253412,,Slight,1,1,04/05/2012,Friday,4,May,12,5,58,230,A,901,Single carriageway - 2 lanes,30,Crossroads,Give way sign or markings,Unclassified,,Daylight: no street lighting,Fine (without high winds),Dry,None,None,No overtaking,326880,675990,531346,Junction,S.V.N.P.,365593,unset,EH65HX,No crossing facility within 50m or physical crossing facility not controlled by authorised person,Central refuge - no other controls,At scene
253612,,Slight,2,2,07/05/2012,Monday,7,May,12,17,0,230,Unclassified,,Single carriageway - 2 lanes,30,Not at or within 20 metres of junction,unset,\,,Daylight: street lights present,Raining (without high winds),Dry,None,None,No overtaking,329550,669120,0,Unset,T.V.N.P.,365594,unset,EH177BP,No crossing facility within 50m or physical crossing facility not controlled by authorised person,No physical crossing facility within 50m,At scene
254212,,Serious,2,1,08/05/2012,Tuesday,8,May,12,11,0,230,Unclassified,,Single carriageway - 2 lanes,30,Crossroads,Automatic Traffic Signal,Unclassified,,Daylight: street lights present,Fine (without high winds),Dry,None,None,No overtaking,324490,671890,522291,Junction,T.V.N.P.,365595,unset,EH105DP,Control by other authorised person,Pedestrian phase at traffic signal junction,At scene
254712,,Slight,1,1,05/05/2012,Saturday,5,May,12,3,0,230,Unclassified,,Single carriageway - 2 lanes,30,'T' or staggered junction,Give way sign or markings,Unclassified,,Darkness: street lights present and lit,Fine (without high winds),Dry,None,None,No overtaking,325920,673790,10293610,Junction,Pedestrian,365596,unset,EH88DN,No crossing facility within 50m or physical crossing facility not controlled by authorised person,No physical crossing facility within 50m,Elsewhere
257012,,Slight,2,1,07/05/2012,Monday,7,May,12,14,30,230,A,71,Single carriageway - 2 lanes,30,Roundabout,Automatic Traffic Signal,A,71,Daylight: street lights present,Fine (without high winds),Dry,None,None,No overtaking,318520,670330,2307039,Junction,T.V.N.P.,365597,unset,EH144AW,No crossing facility within 50m or physical crossing facility not controlled by authorised person,No physical crossing facility within 50m,At scene
257312,,Slight,2,1,10/05/2012,Thursday,10,May,12,9,30,230,A,1140,Single carriageway - 2 lanes,30,Other junction,Give way sign or markings,Unclassified,,Daylight: street lights present,Raining (without high winds),Dry,None,None,No overtaking,329030,674250,523440,Junction,Cyclist,365598,unset,EH76PX,No crossing facility within 50m or physical crossing facility not controlled by authorised person,Central refuge - no other controls,At scene
257512,,Slight,2,1,10/05/2012,Thursday,10,May,12,8,45,230,A,8,Single carriageway - 2 lanes,30,'T' or staggered junction,Give way sign or markings,Unclassified,,Daylight: street lights present,Raining (without high winds),Dry,None,None,No overtaking,322870,673250,521271,Junction,Cyclist,365599,unset,EH126AX,Control by other authorised person,Pedestrian phase at traffic signal junction,At scene
257912,,Slight,1,1,05/05/2012,Saturday,5,May,12,19,0,230,Unclassified,,Single carriageway - 2 lanes,50,'T' or staggered junction,Automatic Traffic Signal,Unclassified,,Daylight: no street lighting,Fine (without high winds),Dry,None,None,No overtaking,327810,668760,0,Unset,Pedestrian,365600,unset,EH166RF,Control by other authorised person,Pedestrian phase at traffic signal junction,At scene
259012,,Slight,1,1,10/05/2012,Thursday,10,May,12,23,0,230,A,7,Single carriageway - 2 lanes,30,Crossroads,Automatic Traffic Signal,C,,Darkness: street lights present and lit,Raining (without high winds),Dry,None,None,No overtaking,325940,673630,0,Unset,Pedestrian,365601,unset,EH11RU,No crossing facility within 50m or physical crossing facility not controlled by authorised person,Pedestrian phase at traffic signal junction,At scene
259212,,Slight,2,3,10/05/2012,Thursday,10,May,12,12,50,230,Unclassified,,Single carriageway - 2 lanes,30,Not at or within 20 metres of junction,unset,\,,Daylight: no street lighting,Raining (without high winds),Dry,None,None,No overtaking,319500,676360,557148,Segment,T.V.N.P.,365602,unset,EH46JB,No crossing facility within 50m or physical crossing facility not controlled by authorised person,Central refuge - no other controls,At scene
260312,,Slight,2,2,11/05/2012,Friday,11,May,12,13,30,230,B,6415,Single carriageway - 2 lanes,30,Other junction,Give way sign or markings,Unclassified,,Daylight: street lights present,Raining (without high winds),Dry,None,None,No overtaking,331430,673450,523671,Junction,T.V.N.P.,365603,unset,EH152EU,No crossing facility within 50m or physical crossing facility not controlled by authorised person,"Pelican, puffin, toucan or similar non-junction pedestrian light crossing",Elsewhere