acc_ref,beat_no,severity,no_vehicle,no_casualt,a_date,a_day,a_date_day,a_date_mon,a_date_yr,a_time_hr,a_time_min,loc_auth,road1_class,road1_no,road_type,speed_limi,junc_det,junc_ctrl,road2_class,road2_no,light_cond,weather,road_surf,spec_cond,cway_hzrds,ovrtk_patrn,easting,northing,net_id,net_type,acc_type,text_id,division,Postcode,ped_xing_hc,ped_xing_p,place_reported
260812,,Slight,3,1,11/05/2012,Friday,11,May,12,7,35,230,A,720,Dual carriageway - 2 lanes,70,Not at or within 20 metres of junction,unset,\,,Daylight: no street lighting,Raining (without high winds),Dry,None,None,No overtaking,323460,668010,570546,Segment,M.V.N.P.,365604,unset,EH107DS,No crossing facility within 50m or physical crossing facility not controlled by authorised person,No physical crossing facility within 50m,At scene
261012,,Slight,4,1,11/05/2012,Friday,11,May,12,12,40,230,Unclassified,,Single carriageway - 2 lanes,30,Other junction,Automatic Traffic Signal,Unclassified,,Daylight: street lights present,Raining (without high winds),Dry,None,None,No overtaking,326890,672240,522072,Junction,M.V.N.P.,365605,unset,EH165AE,No crossing facility within 50m or physical crossing facility not controlled by authorised person,Pedestrian phase at traffic signal junction,At scene
261512,,Slight,2,2,11/05/2012,Friday,11,May,12,17,0,230,C,,Single carriageway - 2 lanes,30,'T' or staggered junction,Give way sign or markings,Unclassified,,Daylight: street lights present,Raining (without high winds),Dry,None,None,No overtaking,321370,670960,529696,Junction,T.V.N.P.,365606,unset,EH142BJ,No crossing facility within 50m or physical crossing facility not controlled by authorised person,No physical crossing facility within 50m,At scene
261612,,Serious,1,1,11/05/2012,Friday,11,May,12,21,40,230,A,900,Single carriageway - 2 lanes,30,'T' or staggered junction,Give way sign or markings,Unclassified,,Darkness: street lights present and lit,Raining (without high winds),Dry,None,None,No overtaking,326790,675580,519481,Junction,Pedestrian,365607,unset,EH65EA,No crossing facility within 50m or physical crossing facility not controlled by authorised person,"Pelican, puffin, toucan or similar non-junction pedestrian light crossing",At scene
261712,,Slight,1,1,12/05/2012,Saturday,12,May,12,1,5,230,A,702,Single carriageway - 2 lanes,30,Crossroads,Automatic Traffic Signal,C,,Darkness: street lights present and lit,Raining (without high winds),Dry,None,None,No overtaking,324810,673200,521406,Junction,Pedestrian,365608,unset,EH39AN,No crossing facility within 50m or physical crossing facility not controlled by authorised person,Pedestrian phase at traffic signal junction,Elsewhere
261912,,Serious,1,1,08/05/2012,Tuesday,8,May,12,14,35,230,Unclassified,,Single carriageway - 2 lanes,20,'T' or staggered junction,Give way sign or markings,Unclassified,,Daylight: street lights present,Fine (without high winds),Dry,None,None,No overtaking,327310,675640,519526,Junction,Pedestrian,365609,unset,EH68BR,No crossing facility within 50m or physical crossing facility not controlled by authorised person,No physical crossing facility within 50m,At scene
262212,,Slight,1,1,12/05/2012,Saturday,12,May,12,7,20,230,A,1,Single carriageway - 2 lanes,30,Other junction,Automatic Traffic Signal,Unclassified,,Daylight: street lights present,Fine (without high winds),Dry,None,None,No overtaking,327960,674210,520755,Junction,Pedestrian,365610,unset,EH76AA,No crossing facility within 50m or physical crossing facility not controlled by authorised person,Pedestrian phase at traffic signal junction,At scene
262412,,Slight,2,1,11/05/2012,Friday,11,May,12,12,30,230,A,71,Single carriageway - 2 lanes,30,Other junction,Give way sign or markings,Unclassified,,Daylight: street lights present,Raining (without high winds),Dry,None,None,No overtaking,321640,671500,529558,Junction,T.V.N.P.,365611,unset,EH113LE,No crossing facility within 50m or physical crossing facility not controlled by authorised person,No physical crossing facility within 50m,Elsewhere
262812,,Slight,2,1,12/05/2012,Saturday,12,May,12,14,20,230,A,90,Single carriageway - 2 lanes,30,'T' or staggered junction,Give way sign or markings,Unclassified,,Daylight: street lights present,Fine (without high winds),Dry,None,None,No overtaking,322080,674530,520041,Junction,T.V.N.P.,365612,unset,EH43NG,No crossing facility within 50m or physical crossing facility not controlled by authorised person,Pedestrian phase at traffic signal junction,At scene
263112,,Slight,1,1,12/05/2012,Saturday,12,May,12,11,0,230,C,,Single carriageway - 2 lanes,30,Roundabout,Give way sign or markings,Unclassified,,Daylight: street lights present,Fine (without high winds),Dry,None,None,No overtaking,324920,673920,521007,Junction,Bus,365613,unset,EH24JN,No crossing facility within 50m or physical crossing facility not controlled by authorised person,"Pelican, puffin, toucan or similar non-junction pedestrian light crossing",Elsewhere
264412,,Slight,2,1,11/05/2012,Friday,11,May,12,15,20,230,A,71,Roundabout,30,Roundabout,Give way sign or markings,B,701,Daylight: no street lighting,Fine (without high winds),Dry,None,None,No overtaking,319420,670650,529630,Junction,T.V.N.P.,365614,unset,EH114NT,No crossing facility within 50m or physical crossing facility not controlled by authorised person,No physical crossing facility within 50m,Elsewhere
264712,,Slight,2,1,13/05/2012,Sunday,13,May,12,17,17,230,Unclassified,,Single carriageway - 2 lanes,30,Crossroads,Automatic Traffic Signal,C,,Daylight: street lights present,Raining (without high winds),Dry,None,None,No overtaking,326200,673560,521139,Junction,T.V.N.P.,365615,unset,EH11TA,No crossing facility within 50m or physical crossing facility not controlled by authorised person,Pedestrian phase at traffic signal junction,Elsewhere
265912,,Slight,2,1,14/05/2012,Monday,14,May,12,8,25,230,A,1,Single carriageway - 2 lanes,40,Roundabout,Give way sign or markings,Unclassified,,Daylight: street lights present,Fine (without high winds),Dry,None,None,No overtaking,330300,672840,12225157,Junction,T.V.N.P.,365616,unset,EH151LF,No crossing facility within 50m or physical crossing facility not controlled by authorised person,No physical crossing facility within 50m,At scene
266012,,Slight,2,1,14/05/2012,Monday,14,May,12,11,55,230,B,701,Single carriageway - 2 lanes,30,'T' or staggered junction,Give way sign or markings,Unclassified,,Daylight: street lights present,Fine (without high winds),Dry,None,None,No overtaking,319290,673130,521196,Junction,T.V.N.P.,365617,unset,EH128SL,No crossing facility within 50m or physical crossing facility not controlled by authorised person,"Pelican, puffin, toucan or similar non-junction pedestrian light crossing",At scene
266112,,Slight,2,1,14/05/2012,Monday,14,May,12,9,30,230,Motorway,8,Dual carriageway - 2 lanes,70,Not at or within 20 metres of junction,unset,\,,Daylight: street lights present,Fine (without high winds),Dry,None,None,No overtaking,317900,670800,6452850,Segment,T.V.N.P.,365618,unset,EH129BU,No crossing facility within 50m or physical crossing facility not controlled by authorised person,No physical crossing facility within 50m,Elsewhere
266512,,Slight,2,1,14/05/2012,Monday,14,May,12,15,20,230,A,902,Single carriageway - 2 lanes,30,Not at or within 20 metres of junction,unset,\,,Daylight: street lights present,Fine (without high winds),Dry,None,None,No overtaking,322850,675580,563670,Segment,T.V.N.P.,365619,unset,EH42PR,No crossing facility within 50m or physical crossing facility not controlled by authorised person,No physical crossing facility within 50m,At scene
266912,,Serious,1,2,14/05/2012,Monday,14,May,12,20,40,230,A,6106,Single carriageway - 2 lanes,30,'T' or staggered junction,Give way sign or markings,Unclassified,,Daylight: street lights present,Fine (without high winds),Dry,None,None,No overtaking,330440,672530,532570,Junction,S.V.N.P.,365620,unset,EH153NZ,No crossing facility within 50m or physical crossing facility not controlled by authorised person,No physical crossing facility within 50m,At scene
267512,,Slight,1,1,15/05/2012,Tuesday,15,May,12,7,56,230,C,,Single carriageway - 2 lanes,30,Not at or within 20 metres of junction,unset,\,,Daylight: street lights present,Fine (without high winds),Dry,None,None,No overtaking,324640,672920,559484,Segment,Pedestrian,365621,unset,EH39QG,No crossing facility within 50m or physical crossing facility not controlled by authorised person,Pedestrian phase at traffic signal junction,Elsewhere
267912,,Slight,2,1,15/05/2012,Tuesday,15,May,12,13,50,230,Unclassified,,Single carriageway - 2 lanes,30,Mini-roundabout,Give way sign or markings,C,,Daylight: street lights present,Fine (without high winds),Dry,None,None,No overtaking,326740,673580,0,Unset,T.V.N.P.,365622,unset,EH88AL,No crossing facility within 50m or physical crossing facility not controlled by authorised person,No physical crossing facility within 50m,At scene
269512,,Slight,2,2,15/05/2012,Tuesday,15,May,12,16,15,230,B,900,Single carriageway - 2 lanes,30,Crossroads,Automatic Traffic Signal,Unclassified,,Daylight: street lights present,Fine (without high winds),Dry,None,None,No overtaking,324010,674730,520125,Junction,T.V.N.P.,365623,unset,EH41AW,Control by other authorised person,Pedestrian phase at traffic signal junction,At scene
269812,,Slight,1,2,16/05/2012,Wednesday,16,May,12,16,50,230,Unclassified,,Single carriageway - 2 lanes,30,Not at or within 20 metres of junction,unset,\,,Daylight: street lights present,Fine (without high winds),Dry,None,None,No overtaking,329850,674420,557545,Segment,Pedestrian,365624,unset,EH76TT,No crossing facility within 50m or physical crossing facility not controlled by authorised person,No physical crossing facility within 50m,At scene
271112,,Slight,2,1,17/05/2012,Thursday,17,May,12,6,35,230,Motorway,8,Roundabout,50,Roundabout,Automatic Traffic Signal,Motorway,8,Daylight: street lights present,Raining (without high winds),Dry,None,None,No overtaking,318060,670960,6453338,Junction,T.V.N.P.,365625,unset,EH129BU,No crossing facility within 50m or physical crossing facility not controlled by authorised person,No physical crossing facility within 50m,At scene
272112,,Slight,1,1,17/05/2012,Thursday,17,May,12,18,15,230,A,6095,Single carriageway - 2 lanes,30,Roundabout,Give way sign or markings,Unclassified,,Daylight: street lights present,Raining (without high winds),Dry,None,None,No overtaking,331020,671620,530053,Junction,S.V.N.P.,365626,unset,EH153HW,No crossing facility within 50m or physical crossing facility not controlled by authorised person,No physical crossing facility within 50m,At scene
272312,,Slight,3,1,17/05/2012,Thursday,17,May,12,16,45,230,A,8,Single carriageway - 2 lanes,30,Crossroads,Give way sign or markings,Unclassified,,Daylight: street lights present,Raining (without high winds),Dry,None,None,No overtaking,320500,672820,521736,Junction,M.V.N.P.,365627,unset,EH126NU,No crossing facility within 50m or physical crossing facility not controlled by authorised person,No physical crossing facility within 50m,At scene
272912,,Slight,1,1,17/05/2012,Thursday,17,May,12,8,30,230,Unclassified,,One way Street,30,'T' or staggered junction,Give way sign or markings,A,702,Daylight: street lights present,Fine (without high winds),Dry,None,None,No overtaking,324710,673640,520947,Junction,Pedestrian,365628,unset,EH12DA,No crossing facility within 50m or physical crossing facility not controlled by authorised person,No physical crossing facility within 50m,At scene
273112,,Slight,2,1,18/05/2012,Friday,18,May,12,8,35,230,A,720,Dual carriageway - 2 lanes,70,Not at or within 20 metres of junction,unset,\,,Daylight: no street lighting,Raining (without high winds),Dry,None,None,No overtaking,327020,666980,2588141,Segment,T.V.N.P.,365629,unset,EH209NR,No crossing facility within 50m or physical crossing facility not controlled by authorised person,No physical crossing facility within 50m,At scene
275112,,Serious,2,1,19/05/2012,Saturday,19,May,12,9,10,230,Unclassified,,Single carriageway - 2 lanes,30,Crossroads,Automatic Traffic Signal,Unclassified,,Daylight: street lights present,Fine (without high winds),Dry,None,None,No overtaking,329760,673300,523641,Junction,Cyclist,365630,unset,EH151ND,No crossing facility within 50m or physical crossing facility not controlled by authorised person,Pedestrian phase at traffic signal junction,At scene
275912,,Slight,2,1,19/05/2012,Saturday,19,May,12,19,15,230,Unclassified,,Single carriageway - 2 lanes,30,Not at or within 20 metres of junction,unset,\,,Daylight: street lights present,Fine (without high winds),Dry,None,None,No overtaking,319290,673110,521196,Junction,T.V.N.P.,365631,unset,EH128EH,No crossing facility within 50m or physical crossing facility not controlled by authorised person,No physical crossing facility within 50m,At scene
276112,,Slight,2,1,19/05/2012,Saturday,19,May,12,20,40,230,A,900,Single carriageway - 2 lanes,30,'T' or staggered junction,Give way sign or markings,Unclassified,,Daylight: street lights present,Fine (without high winds),Dry,None,None,No overtaking,326770,675530,519475,Junction,Cyclist,365632,unset,EH65EQ,No crossing facility within 50m or physical crossing facility not controlled by authorised person,No physical crossing facility within 50m,Elsewhere
276312,,Slight,1,1,19/05/2012,Saturday,19,May,12,17,20,230,A,901,Single carriageway - 2 lanes,30,Not at or within 20 metres of junction,unset,\,,Daylight: street lights present,Fine (without high winds),Dry,None,None,No overtaking,326550,676380,558782,Segment,Pedestrian,365633,unset,EH65LT,No crossing facility within 50m or physical crossing facility not controlled by authorised person,No physical crossing facility within 50m,At scene
277812,,Slight,1,1,20/05/2012,Sunday,20,May,12,18,0,230,B,700,Single carriageway - 2 lanes,30,Not at or within 20 metres of junction,unset,\,,Daylight: street lights present,Fine (without high winds),Dry,None,None,No overtaking,324660,673180,566213,Segment,Pedestrian,365634,unset,EH38BL,No crossing facility within 50m or physical crossing facility not controlled by authorised person,No physical crossing facility within 50m,At scene
278012,,Slight,1,1,20/05/2012,Sunday,20,May,12,17,15,230,A,7,Single carriageway - 2 lanes,30,Crossroads,Automatic Traffic Signal,C,,Daylight: street lights present,Fine (without high winds),Dry,None,None,No overtaking,325930,673680,521103,Junction,Pedestrian,365635,unset,EH11QN,No crossing facility within 50m or physical crossing facility not controlled by authorised person,"Pelican, puffin, toucan or similar non-junction pedestrian light crossing",At scene
278212,,Slight,2,1,21/05/2012,Monday,21,May,12,7,45,230,A,8,Dual carriageway - 2 lanes,40,'T' or staggered junction,Give way sign or markings,Unclassified,,Daylight: no street lighting,Fine (without high winds),Dry,None,None,No overtaking,312740,672660,517552,Junction,T.V.N.P.,365636,unset,EH288TA,No crossing facility within 50m or physical crossing facility not controlled by authorised person,No physical crossing facility within 50m,At scene
278712,,Slight,2,1,20/05/2012,Sunday,20,May,12,13,30,230,A,8,Dual carriageway - 2 lanes,30,Not at or within 20 metres of junction,unset,\,,Daylight: no street lighting,Fine (without high winds),Dry,None,None,No overtaking,317940,672720,9659466,Segment,T.V.N.P.,365637,unset,EH128ND,No crossing facility within 50m or physical crossing facility not controlled by authorised person,No physical crossing facility within 50m,At scene
279112,,Slight,2,1,21/05/2012,Monday,21,May,12,9,27,230,Unclassified,,Single carriageway - 2 lanes,30,Not at or within 20 metres of junction,unset,\,,Daylight: street lights present,Fine (without high winds),Dry,None,None,No overtaking,326380,672070,563095,Segment,T.V.N.P.,365638,unset,EH91PR,No crossing facility within 50m or physical crossing facility not controlled by authorised person,No physical crossing facility within 50m,At scene
279512,,Slight,2,1,18/05/2012,Friday,18,May,12,13,30,230,Unclassified,,Single carriageway - 2 lanes,30,Crossroads,Automatic Traffic Signal,C,,Daylight: street lights present,Raining (without high winds),Dry,None,None,No overtaking,329750,673320,523641,Junction,Cyclist,365639,unset,EH151NE,No crossing facility within 50m or physical crossing facility not controlled by authorised person,Pedestrian phase at traffic signal junction,Elsewhere
280612,,Serious,1,1,22/05/2012,Tuesday,22,May,12,9,7,230,C,,Single carriageway - 2 lanes,30,Not at or within 20 metres of junction,unset,\,,Daylight: street lights present,Fine (without high winds),Dry,None,None,No overtaking,326660,671330,563146,Segment,Bus,365640,unset,EH93AF,No crossing facility within 50m or physical crossing facility not controlled by authorised person,No physical crossing facility within 50m,At scene
281312,,Slight,2,3,22/05/2012,Tuesday,22,May,12,12,34,230,A,8,Dual carriageway - 2 lanes,40,Not at or within 20 metres of junction,unset,\,,Daylight: street lights present,Fine (without high winds),Dry,None,None,No overtaking,318090,672740,550908,Segment,Bus,365641,unset,EH128LS,Control by other authorised person,Pedestrian phase at traffic signal junction,At scene
282712,,Slight,1,1,22/05/2012,Tuesday,22,May,12,15,48,230,Unclassified,,Single carriageway - 2 lanes,30,'T' or staggered junction,Give way sign or markings,Unclassified,,Daylight: street lights present,Fine (without high winds),Dry,None,None,No overtaking,319630,674350,520368,Junction,Bus,365642,unset,EH47HQ,No crossing facility within 50m or physical crossing facility not controlled by authorised person,No physical crossing facility within 50m,At scene
282912,,Serious,2,1,22/05/2012,Tuesday,22,May,12,11,35,230,A,8,Single carriageway - 2 lanes,30,Not at or within 20 metres of junction,unset,\,,Daylight: street lights present,Fine (without high winds),Dry,None,None,No overtaking,323900,673220,550607,Segment,Cyclist,365643,unset,EH125JZ,No crossing facility within 50m or physical crossing facility not controlled by authorised person,No physical crossing facility within 50m,Elsewhere
283212,,Slight,2,1,22/05/2012,Tuesday,22,May,12,15,55,230,B,701,Single carriageway - 2 lanes,30,Other junction,Automatic Traffic Signal,C,,Daylight: street lights present,Fine (without high winds),Dry,None,None,No overtaking,328310,668470,530311,Junction,Cyclist,365644,unset,EH178JB,No crossing facility within 50m or physical crossing facility not controlled by authorised person,Pedestrian phase at traffic signal junction,At scene
283312,,Slight,1,1,23/05/2012,Wednesday,23,May,12,13,35,230,A,701,Single carriageway - 2 lanes,30,Not at or within 20 metres of junction,unset,\,,Daylight: street lights present,Fine (without high winds),Dry,None,None,No overtaking,327280,668230,570773,Segment,Bus,365645,unset,EH166PJ,No crossing facility within 50m or physical crossing facility not controlled by authorised person,No physical crossing facility within 50m,At scene
283812,,Slight,2,1,22/05/2012,Tuesday,22,May,12,16,5,230,A,1,Roundabout,30,Roundabout,Give way sign or markings,A,1,Daylight: street lights present,Fine (without high winds),Dry,None,None,No overtaking,331210,672880,521496,Junction,T.V.N.P.,365646,unset,EH153QH,No crossing facility within 50m or physical crossing facility not controlled by authorised person,Pedestrian phase at traffic signal junction,Elsewhere
283912,,Slight,1,1,23/05/2012,Wednesday,23,May,12,15,45,230,A,702,Single carriageway - 2 lanes,30,Not at or within 20 metres of junction,unset,\,,Daylight: street lights present,Fine (without high winds),Dry,None,None,No overtaking,324740,673540,520950,Junction,Bus,365647,unset,EH12DA,No crossing facility within 50m or physical crossing facility not controlled by authorised person,No physical crossing facility within 50m,Elsewhere
284412,,Serious,1,1,23/05/2012,Wednesday,23,May,12,13,8,230,Unclassified,,Single carriageway - 2 lanes,30,'T' or staggered junction,Give way sign or markings,Unclassified,,Daylight: street lights present,Fine (without high winds),Dry,None,None,No overtaking,325690,673320,521541,Junction,Pedestrian,365648,unset,EH11EN,No crossing facility within 50m or physical crossing facility not controlled by authorised person,Central refuge - no other controls,At scene
285312,,Slight,1,1,24/03/2012,Saturday,24,March,12,8,51,230,A,901,Single carriageway - 2 lanes,30,Not at or within 20 metres of junction,unset,\,,Daylight: no street lighting,Fine (without high winds),Dry,None,None,No overtaking,323780,677100,0,Unset,S.V.N.P.,354734,unset,EH51EY,No crossing facility within 50m or physical crossing facility not controlled by authorised person,No physical crossing facility within 50m,At scene
286512,,Slight,1,1,23/05/2012,Wednesday,23,May,12,12,35,230,A,6106,Single carriageway - 2 lanes,30,Not at or within 20 metres of junction,unset,\,,Daylight: street lights present,Fine (without high winds),Dry,None,None,No overtaking,330460,671980,6443317,Segment,Bus,365649,unset,EH153EH,No crossing facility within 50m or physical crossing facility not controlled by authorised person,No physical crossing facility within 50m,Elsewhere
286812,,Serious,1,1,24/05/2012,Thursday,24,May,12,19,0,230,A,900,Single carriageway - 2 lanes,30,'T' or staggered junction,Give way sign or markings,Unclassified,,Daylight: street lights present,Fine (without high winds),Dry,None,None,No overtaking,326510,675070,2578457,Junction,Pedestrian,365650,unset,EH74PF,No crossing facility within 50m or physical crossing facility not controlled by authorised person,No physical crossing facility within 50m,At scene
288012,,Slight,2,1,24/05/2012,Thursday,24,May,12,15,0,230,Unclassified,,Single carriageway - 2 lanes,30,Not at or within 20 metres of junction,unset,\,,Daylight: street lights present,Fine (without high winds),Dry,None,None,No overtaking,321530,674340,565691,Segment,Cyclist,365651,unset,EH43PQ,No crossing facility within 50m or physical crossing facility not controlled by authorised person,No physical crossing facility within 50m,Elsewhere
288312,,Slight,1,1,25/05/2012,Friday,25,May,12,13,50,230,Unclassified,,Single carriageway - 2 lanes,30,Crossroads,Automatic Traffic Signal,Unclassified,,Daylight: street lights present,Fine (without high winds),Dry,None,None,No overtaking,326150,675750,519448,Junction,Pedestrian,365652,unset,EH65PU,Control by other authorised person,Pedestrian phase at traffic signal junction,Elsewhere
289612,,Slight,2,1,25/05/2012,Friday,25,May,12,7,50,230,A,8,Single carriageway - 2 lanes,30,Other junction,Give way sign or markings,Unclassified,,Daylight: street lights present,Fine (without high winds),Dry,None,None,No overtaking,322620,673210,521277,Junction,Cyclist,365653,unset,EH126DE,No crossing facility within 50m or physical crossing facility not controlled by authorised person,No physical crossing facility within 50m,Elsewhere
289712,,Slight,1,1,26/05/2012,Saturday,26,May,12,11,10,230,A,900,Single carriageway - 2 lanes,30,Not at or within 20 metres of junction,unset,\,,Daylight: street lights present,Fine (without high winds),Dry,None,None,No overtaking,326940,675860,0,Unset,Bus,365654,unset,EH68LN,No crossing facility within 50m or physical crossing facility not controlled by authorised person,Pedestrian phase at traffic signal junction,At scene
290612,,Slight,1,1,25/05/2012,Friday,25,May,12,14,15,230,Unclassified,,Single carriageway - 2 lanes,30,Not at or within 20 metres of junction,unset,\,,Daylight: street lights present,Fine (without high winds),Dry,None,None,No overtaking,324340,675370,12232805,Segment,Pedestrian,365655,unset,EH35NY,No crossing facility within 50m or physical crossing facility not controlled by authorised person,No physical crossing facility within 50m,At scene
290812,,Slight,1,1,04/04/2012,Wednesday,4,April,12,14,45,230,A,901,Single carriageway - 2 lanes,30,Other junction,Automatic Traffic Signal,Unclassified,,Daylight: street lights present,Fine (without high winds),Dry,None,None,No overtaking,325590,677070,0,Unset,Bus,357036,unset,EH64LX,No crossing facility within 50m or physical crossing facility not controlled by authorised person,Pedestrian phase at traffic signal junction,Elsewhere
292412,,Slight,2,1,28/05/2012,Monday,28,May,12,7,50,230,Unclassified,,Single carriageway - 2 lanes,30,Not at or within 20 metres of junction,unset,\,,Daylight: street lights present,Fine (without high winds),Dry,None,None,No overtaking,325670,672430,12219985,Segment,Cyclist,365656,unset,EH91JT,No crossing facility within 50m or physical crossing facility not controlled by authorised person,No physical crossing facility within 50m,Elsewhere
292912,,Slight,2,1,15/05/2012,Tuesday,15,May,12,16,25,230,C,,Single carriageway - 2 lanes,30,Other junction,Give way sign or markings,Unclassified,,Daylight: street lights present,Fine (without high winds),Dry,None,None,No overtaking,326950,674680,520278,Junction,Cyclist,365657,unset,EH75PL,Control by school crossing patrol,Pedestrian phase at traffic signal junction,At scene
293312,,Slight,3,1,19/05/2012,Saturday,19,May,12,16,45,230,C,,Single carriageway - 2 lanes,30,Crossroads,Automatic Traffic Signal,C,,Daylight: street lights present,Fine (without high winds),Dry,None,None,No overtaking,323670,672460,533383,Junction,M.V.N.P.,365658,unset,EH112EQ,No crossing facility within 50m or physical crossing facility not controlled by authorised person,Pedestrian phase at traffic signal junction,At scene
293412,,Slight,2,1,27/05/2012,Sunday,27,May,12,1,45,230,Unclassified,,Single carriageway - 2 lanes,30,Crossroads,Give way sign or markings,Unclassified,,Darkness: street lights present and lit,Fine (without high winds),Dry,None,None,No overtaking,323660,673710,520875,Junction,T.V.N.P.,365659,unset,EH43DQ,No crossing facility within 50m or physical crossing facility not controlled by authorised person,No physical crossing facility within 50m,At scene
293512,,Slight,1,1,25/05/2012,Friday,25,May,12,15,30,230,C,,Unknown,30,Not at or within 20 metres of junction,unset,\,,Daylight: street lights present,Fine (without high winds),Dry,None,None,No overtaking,325660,673580,521118,Junction,Pedestrian,365660,unset,EH11RF,No crossing facility within 50m or physical crossing facility not controlled by authorised person,No physical crossing facility within 50m,Elsewhere
293812,,Slight,2,1,27/05/2012,Sunday,27,May,12,17,15,230,A,7,Single carriageway - 2 lanes,30,'T' or staggered junction,Automatic Traffic Signal,Unclassified,,Daylight: street lights present,Fine (without high winds),Dry,None,None,No overtaking,326000,673420,521589,Junction,T.V.N.P.,365661,unset,EH11LL,No crossing facility within 50m or physical crossing facility not controlled by authorised person,No physical crossing facility within 50m,Elsewhere
294012,,Slight,2,2,28/05/2012,Monday,28,May,12,15,55,230,Unclassified,,Single carriageway - 2 lanes,30,Crossroads,Give way sign or markings,Unclassified,,Daylight: no street lighting,Fine (without high winds),Dry,None,None,No overtaking,320880,669060,0,Unset,T.V.N.P.,365662,unset,EH130LP,No crossing facility within 50m or physical crossing facility not controlled by authorised person,No physical crossing facility within 50m,At scene
294212,,Serious,2,1,05/05/2012,Saturday,5,May,12,8,48,230,C,,Roundabout,30,Roundabout,Give way sign or markings,Unclassified,,Daylight: street lights present,Fine (without high winds),Dry,None,None,No overtaking,325360,674040,520506,Junction,Cyclist,365663,unset,EH22PA,No crossing facility within 50m or physical crossing facility not controlled by authorised person,No physical crossing facility within 50m,At scene
295212,,Serious,2,1,28/05/2012,Monday,28,May,12,17,10,230,B,901,Single carriageway - 2 lanes,30,Not at or within 20 metres of junction,unset,\,,Daylight: no street lighting,Fine (without high winds),Dry,None,None,No overtaking,325310,675040,566873,Segment,Cyclist,365664,unset,EH35LH,No crossing facility within 50m or physical crossing facility not controlled by authorised person,Pedestrian phase at traffic signal junction,At scene
295412,,Slight,2,1,28/05/2012,Monday,28,May,12,15,30,230,A,70,Single carriageway - 2 lanes,40,Not at or within 20 metres of junction,unset,\,,Daylight: no street lighting,Fine (without high winds),Dry,None,None,No overtaking,321410,670190,529969,Junction,T.V.N.P.,365665,unset,EH142LU,No crossing facility within 50m or physical crossing facility not controlled by authorised person,No physical crossing facility within 50m,At scene
295512,,Slight,1,1,29/05/2012,Tuesday,29,May,12,8,45,230,Unclassified,,Single carriageway - 2 lanes,30,Not at or within 20 metres of junction,unset,\,,Daylight: no street lighting,Fine (without high winds),Dry,None,None,No overtaking,328730,672710,0,Unset,Pedestrian,365666,unset,EH151ST,No crossing facility within 50m or physical crossing facility not controlled by authorised person,No physical crossing facility within 50m,Elsewhere
295712,,Serious,1,1,28/05/2012,Monday,28,May,12,8,25,230,Unclassified,,Single carriageway - 2 lanes,30,Not at or within 20 metres of junction,unset,\,,Daylight: no street lighting,Fine (without high winds),Dry,None,Other object in carriageway,No overtaking,324410,670920,12227625,Segment,Cyclist,365667,unset,EH105JB,No crossing facility within 50m or physical crossing facility not controlled by authorised person,No physical crossing facility within 50m,Elsewhere
299512,,Slight,2,2,30/05/2012,Wednesday,30,May,12,10,45,230,A,90,Single carriageway - 2 lanes,40,Not at or within 20 metres of junction,unset,\,,Daylight: street lights present,Raining (without high winds),Dry,None,None,No overtaking,321210,675020,522330,Junction,T.V.N.P.,365668,unset,EH45EF,No crossing facility within 50m or physical crossing facility not controlled by authorised person,No physical crossing facility within 50m,At scene
300212,,Slight,1,1,30/05/2012,Wednesday,30,May,12,16,30,230,A,6095,Single carriageway - 2 lanes,30,Other junction,Give way sign or markings,Unclassified,,Daylight: street lights present,Fine (without high winds),Dry,None,None,No overtaking,331890,671850,522969,Junction,Pedestrian,365669,unset,EH218RB,No crossing facility within 50m or physical crossing facility not controlled by authorised person,No physical crossing facility within 50m,Elsewhere
300912,,Serious,1,1,31/05/2012,Thursday,31,May,12,9,35,230,Unclassified,,Single carriageway - 2 lanes,30,Not at or within 20 metres of junction,unset,\,,Daylight: street lights present,Other,Dry,None,None,No overtaking,312750,678420,3948312,Segment,Bus,365670,unset,EH309RE,No crossing facility within 50m or physical crossing facility not controlled by authorised person,No physical crossing facility within 50m,At scene
301112,,Slight,2,1,31/05/2012,Thursday,31,May,12,8,0,230,A,90,Single carriageway - 2 lanes,40,Not at or within 20 metres of junction,unset,\,,Daylight: street lights present,Raining (without high winds),Dry,None,None,No overtaking,318480,674980,555447,Segment,T.V.N.P.,365671,unset,EH46AT,No crossing facility within 50m or physical crossing facility not controlled by authorised person,Pedestrian phase at traffic signal junction,At scene
301312,,Slight,2,2,31/05/2012,Thursday,31,May,12,6,50,230,Unclassified,,Single carriageway - 2 lanes,30,Not at or within 20 metres of junction,unset,\,,Daylight: no street lighting,Fine (without high winds),Dry,None,None,No overtaking,313020,678330,3948181,Segment,T.V.N.P.,365672,unset,EH309LH,No crossing facility within 50m or physical crossing facility not controlled by authorised person,No physical crossing facility within 50m,At scene
301412,,Slight,2,1,26/05/2012,Saturday,26,May,12,0,30,230,A,7,Single carriageway - 2 lanes,30,'T' or staggered junction,Give way sign or markings,Unclassified,,Darkness: street lights present and lit,Fine (without high winds),Dry,None,None,No overtaking,325950,673600,521106,Junction,T.V.N.P.,365673,unset,EH11HN,No crossing facility within 50m or physical crossing facility not controlled by authorised person,Pedestrian phase at traffic signal junction,At scene