acc_ref,beat_no,severity,no_vehicle,no_casualt,a_date,a_day,a_date_day,a_date_mon,a_date_yr,a_time_hr,a_time_min,loc_auth,road1_class,road1_no,road_type,speed_limi,junc_det,junc_ctrl,road2_class,road2_no,light_cond,weather,road_surf,spec_cond,cway_hzrds,ovrtk_patrn,easting,northing,net_id,net_type,acc_type,text_id,division,Postcode,ped_xing_hc,ped_xing_p,place_reported
350912,,Slight,2,1,26/06/2012,Tuesday,26,June,12,15,40,230,A,8,Roundabout,30,Roundabout,Give way sign or markings,B,701,Daylight: street lights present,Fine (without high winds),Dry,None,None,No overtaking,319310,672920,522900,Junction,Cyclist,354999,unset,EH128HH,No crossing facility within 50m or physical crossing facility not controlled by authorised person,"Pelican, puffin, toucan or similar non-junction pedestrian light crossing",At scene
351212,,Serious,1,1,26/06/2012,Tuesday,26,June,12,17,10,230,C,,Single carriageway - 2 lanes,30,Not at or within 20 metres of junction,unset,\,,Daylight: street lights present,Fine (without high winds),Dry,None,None,No overtaking,325460,671930,566291,Segment,Pedestrian,355000,unset,EH92AA,No crossing facility within 50m or physical crossing facility not controlled by authorised person,No physical crossing facility within 50m,At scene
352812,,Slight,2,1,07/06/2012,Thursday,7,June,12,23,30,230,C,,Single carriageway - 2 lanes,30,Not at or within 20 metres of junction,unset,\,,Darkness: street lights present and lit,Raining (without high winds),Dry,None,None,No overtaking,324260,672770,559463,Segment,Cyclist,355001,unset,EH111AL,No crossing facility within 50m or physical crossing facility not controlled by authorised person,Pedestrian phase at traffic signal junction,At scene
352912,,Slight,2,1,27/06/2012,Wednesday,27,June,12,8,10,230,A,6095,Single carriageway - 2 lanes,30,Not at or within 20 metres of junction,unset,\,,Daylight: street lights present,Raining (without high winds),Dry,None,None,No overtaking,328950,671660,553846,Segment,T.V.N.P.,355002,unset,EH164BG,Control by other authorised person,Pedestrian phase at traffic signal junction,At scene
355112,,Slight,2,1,27/06/2012,Wednesday,27,June,12,12,0,230,Unclassified,,Single carriageway - 2 lanes,30,'T' or staggered junction,Give way sign or markings,Unclassified,,Daylight: street lights present,Raining (without high winds),Dry,None,None,No overtaking,324490,671200,0,Unset,Cyclist,355003,unset,EH104QQ,No crossing facility within 50m or physical crossing facility not controlled by authorised person,No physical crossing facility within 50m,Elsewhere
355512,,Slight,1,1,24/06/2012,Sunday,24,June,12,15,50,230,Unclassified,,Single carriageway - 2 lanes,30,Other junction,Give way sign or markings,Unclassified,,Daylight: street lights present,Fine (without high winds),Dry,None,None,No overtaking,327580,670060,0,Unset,Pedestrian,355004,unset,EH166BD,No crossing facility within 50m or physical crossing facility not controlled by authorised person,No physical crossing facility within 50m,At scene
356112,,Slight,2,1,28/06/2012,Thursday,28,June,12,15,5,230,Unclassified,,Single carriageway - 2 lanes,30,Other junction,Automatic Traffic Signal,C,,Daylight: no street lighting,Fine (without high winds),Dry,None,None,No overtaking,324700,674030,520485,Junction,T.V.N.P.,355005,unset,EH36AA,No crossing facility within 50m or physical crossing facility not controlled by authorised person,No physical crossing facility within 50m,At scene
356212,,Serious,2,1,28/06/2012,Thursday,28,June,12,16,0,230,Unclassified,,Single carriageway - 2 lanes,30,Not at or within 20 metres of junction,unset,\,,Daylight: street lights present,Fine (without high winds),Dry,None,None,No overtaking,326000,675960,10217371,Segment,Cyclist,355006,unset,EH65QB,No crossing facility within 50m or physical crossing facility not controlled by authorised person,No physical crossing facility within 50m,At scene
358312,,Slight,2,1,29/06/2012,Friday,29,June,12,15,40,230,A,720,Single carriageway - 3 lanes,50,Slip road,Give way sign or markings,A,720,Daylight: street lights present,Raining (without high winds),Dry,None,None,No overtaking,318310,670790,2307184,Junction,T.V.N.P.,355007,unset,EH129BU,No crossing facility within 50m or physical crossing facility not controlled by authorised person,No physical crossing facility within 50m,At scene
358512,,Serious,1,1,29/06/2012,Friday,29,June,12,16,55,230,Unclassified,,Single carriageway - 2 lanes,30,Crossroads,Automatic Traffic Signal,Unclassified,,Daylight: street lights present,Raining (without high winds),Dry,None,None,No overtaking,322190,671270,529561,Junction,Pedestrian,355008,unset,EH141RJ,No crossing facility within 50m or physical crossing facility not controlled by authorised person,Pedestrian phase at traffic signal junction,At scene
359212,,Slight,1,1,30/06/2012,Saturday,30,June,12,1,25,230,Unclassified,,Single carriageway - 2 lanes,30,'T' or staggered junction,Automatic Traffic Signal,A,702,Darkness: no street lighting,Fog (or mist if hazard),Dry,None,None,No overtaking,324760,673430,10254968,Junction,Pedestrian,355009,unset,EH12DA,No crossing facility within 50m or physical crossing facility not controlled by authorised person,Pedestrian phase at traffic signal junction,At scene
359712,,Slight,2,1,30/06/2012,Saturday,30,June,12,15,30,230,Unclassified,,Single carriageway - 2 lanes,30,Multiple junction,Automatic Traffic Signal,C,,Daylight: street lights present,Fine (without high winds),Dry,None,None,No overtaking,319370,672660,0,Unset,T.V.N.P.,355010,unset,EH127UQ,No crossing facility within 50m or physical crossing facility not controlled by authorised person,Pedestrian phase at traffic signal junction,Elsewhere
359912,,Slight,2,2,28/06/2012,Thursday,28,June,12,19,35,230,A,900,Dual carriageway - 2 lanes,30,'T' or staggered junction,Automatic Traffic Signal,Unclassified,,Daylight: street lights present,Fine (without high winds),Dry,None,Pedestrian in carriagway - not injured,No overtaking,326080,674430,520659,Junction,T.V.N.P.,355011,unset,EH13AA,No crossing facility within 50m or physical crossing facility not controlled by authorised person,"Pelican, puffin, toucan or similar non-junction pedestrian light crossing",At scene
360112,,Slight,1,1,30/06/2012,Saturday,30,June,12,2,20,230,A,702,Single carriageway - 2 lanes,30,Not at or within 20 metres of junction,unset,\,,Darkness: street lights present and lit,Fine (without high winds),Dry,None,None,No overtaking,324780,673340,548964,Segment,S.V.N.P.,355012,unset,EH12EA,No crossing facility within 50m or physical crossing facility not controlled by authorised person,No physical crossing facility within 50m,Elsewhere
361212,,Slight,2,1,22/06/2012,Friday,22,June,12,18,30,230,Unclassified,,Single carriageway - 2 lanes,30,'T' or staggered junction,Give way sign or markings,Unclassified,,Daylight: street lights present,Unknown,Dry,None,None,No overtaking,325930,671070,533410,Junction,Cyclist,355013,unset,EH93HU,No crossing facility within 50m or physical crossing facility not controlled by authorised person,No physical crossing facility within 50m,Elsewhere
362112,,Slight,2,1,30/06/2012,Saturday,30,June,12,23,58,230,A,8,Single carriageway - 2 lanes,30,'T' or staggered junction,Give way sign or markings,Unclassified,,Darkness: street lights present and lit,Raining (without high winds),Dry,None,None,No overtaking,323300,673190,521289,Junction,T.V.N.P.,355014,unset,EH125JD,No crossing facility within 50m or physical crossing facility not controlled by authorised person,No physical crossing facility within 50m,At scene
364012,,Serious,1,1,02/07/2012,Monday,2,July,12,17,25,230,A,772,Single carriageway - 2 lanes,30,'T' or staggered junction,Automatic Traffic Signal,A,701,Daylight: street lights present,Raining (without high winds),Dry,None,None,No overtaking,327190,670750,530071,Junction,Pedestrian,365775,unset,EH165TY,No crossing facility within 50m or physical crossing facility not controlled by authorised person,"Pelican, puffin, toucan or similar non-junction pedestrian light crossing",At scene
364312,,Slight,5,3,29/06/2012,Friday,29,June,12,12,0,230,A,90,Single carriageway - 2 lanes,30,'T' or staggered junction,Give way sign or markings,Unclassified,,Daylight: street lights present,Raining (without high winds),Dry,None,None,No overtaking,322010,674590,520044,Junction,M.V.N.P.,355015,unset,EH42AA,No crossing facility within 50m or physical crossing facility not controlled by authorised person,No physical crossing facility within 50m,At scene
366512,,Slight,2,1,03/07/2012,Tuesday,3,July,12,22,15,230,A,701,Single carriageway - 2 lanes,30,Crossroads,Give way sign or markings,Unclassified,,Darkness: street lights present and lit,Other,Dry,None,None,No overtaking,327000,671340,529606,Junction,T.V.N.P.,365776,unset,EH165PF,No crossing facility within 50m or physical crossing facility not controlled by authorised person,No physical crossing facility within 50m,At scene
367112,,Slight,2,1,03/07/2012,Tuesday,3,July,12,19,10,230,Unclassified,,Single carriageway - 2 lanes,30,'T' or staggered junction,Give way sign or markings,Unclassified,,Daylight: no street lighting,Fine (without high winds),Dry,None,None,No overtaking,326500,672680,522462,Junction,T.V.N.P.,365777,unset,EH89RB,No crossing facility within 50m or physical crossing facility not controlled by authorised person,"Pelican, puffin, toucan or similar non-junction pedestrian light crossing",Elsewhere
367912,,Slight,3,2,03/07/2012,Tuesday,3,July,12,16,55,230,A,720,Dual carriageway - 2 lanes,70,Not at or within 20 metres of junction,unset,\,,Daylight: street lights present,Fine (without high winds),Dry,None,None,No overtaking,330100,667720,2579183,Segment,M.V.N.P.,365778,unset,EH181AT,No crossing facility within 50m or physical crossing facility not controlled by authorised person,No physical crossing facility within 50m,At scene
368112,,Slight,1,1,03/07/2012,Tuesday,3,July,12,19,20,230,B,701,Single carriageway - 2 lanes,30,Not at or within 20 metres of junction,unset,\,,Daylight: street lights present,Fine (without high winds),Dry,None,None,No overtaking,325370,667970,2105978,Segment,S.V.N.P.,365779,unset,EH107DR,No crossing facility within 50m or physical crossing facility not controlled by authorised person,No physical crossing facility within 50m,At scene
368312,,Slight,3,1,04/07/2012,Wednesday,4,July,12,17,20,230,C,,Single carriageway - 2 lanes,30,Crossroads,Stop sign,Unclassified,,Daylight: street lighting unknown,Raining (without high winds),Dry,None,None,No overtaking,327030,675220,519900,Junction,M.V.N.P.,365780,unset,EH68RT,No crossing facility within 50m or physical crossing facility not controlled by authorised person,Pedestrian phase at traffic signal junction,At scene
368612,,Slight,2,1,05/07/2012,Thursday,5,July,12,1,49,230,Unclassified,,Single carriageway - 2 lanes,30,Not at or within 20 metres of junction,unset,\,,Darkness: street lights present and lit,Fog (or mist if hazard),Dry,None,None,No overtaking,322500,671330,562015,Segment,T.V.N.P.,365781,unset,EH141QH,No crossing facility within 50m or physical crossing facility not controlled by authorised person,No physical crossing facility within 50m,At scene
370212,,Slight,2,1,05/07/2012,Thursday,5,July,12,7,45,230,Unclassified,,Single carriageway - 2 lanes,30,Not at or within 20 metres of junction,unset,\,,Daylight: street lights present,Fine (without high winds),Dry,Road works present,None,No overtaking,325380,675480,0,Unset,T.V.N.P.,365782,unset,EH74HF,No crossing facility within 50m or physical crossing facility not controlled by authorised person,No physical crossing facility within 50m,Elsewhere
371912,,Slight,1,1,30/06/2012,Saturday,30,June,12,23,20,230,A,8,Single carriageway - 2 lanes,30,'T' or staggered junction,Automatic Traffic Signal,Unclassified,,Darkness: street lights present and lit,Unknown,Dry,Road works present,None,No overtaking,325630,673940,521091,Junction,Cyclist,355016,unset,EH22EJ,Control by other authorised person,Pedestrian phase at traffic signal junction,Elsewhere
372112,,Slight,2,1,06/07/2012,Friday,6,July,12,13,25,230,A,902,Single carriageway - 2 lanes,30,'T' or staggered junction,Automatic Traffic Signal,Unclassified,,Daylight: no street lighting,Fine (without high winds),Dry,None,None,No overtaking,322480,674960,520062,Junction,T.V.N.P.,365783,unset,EH42NG,No crossing facility within 50m or physical crossing facility not controlled by authorised person,Pedestrian phase at traffic signal junction,At scene
373212,,Slight,1,1,07/07/2012,Saturday,7,July,12,15,30,230,A,8,Dual carriageway - 2 lanes,30,'T' or staggered junction,Automatic Traffic Signal,Unclassified,,Daylight: street lights present,Raining (without high winds),Dry,None,None,No overtaking,325560,673930,521097,Junction,Bus,365784,unset,EH22DF,No crossing facility within 50m or physical crossing facility not controlled by authorised person,No physical crossing facility within 50m,At scene
375212,,Slight,3,1,08/07/2012,Sunday,8,July,12,13,15,230,A,6095,Single carriageway - 2 lanes,30,Not at or within 20 metres of junction,unset,\,,Daylight: street lights present,Other,Dry,None,None,No overtaking,331180,671670,553921,Segment,M.V.N.P.,365785,unset,EH153HS,No crossing facility within 50m or physical crossing facility not controlled by authorised person,No physical crossing facility within 50m,At scene
376612,,Slight,2,2,09/07/2012,Monday,9,July,12,14,20,230,A,8,Single carriageway - 2 lanes,40,Not at or within 20 metres of junction,unset,\,,Daylight: street lights present,Raining (without high winds),Dry,None,None,No overtaking,318450,672770,550652,Segment,T.V.N.P.,365786,unset,EH128NG,No crossing facility within 50m or physical crossing facility not controlled by authorised person,No physical crossing facility within 50m,At scene
377412,,Slight,2,1,21/03/2012,Wednesday,21,March,12,8,25,230,B,901,Roundabout,30,Roundabout,Give way sign or markings,C,,Daylight: street lighting unknown,Fine (without high winds),Dry,None,None,No overtaking,325770,674670,520203,Junction,T.V.N.P.,338140,unset,EH74BN,Control by other authorised person,Pedestrian phase at traffic signal junction,At scene
379612,,Slight,2,1,10/07/2012,Tuesday,10,July,12,20,50,230,A,700,Single carriageway - 2 lanes,30,Not at or within 20 metres of junction,unset,\,,Daylight: street lights present,Raining (without high winds),Dry,None,None,No overtaking,325920,672480,559586,Segment,T.V.N.P.,365787,unset,EH91LW,No crossing facility within 50m or physical crossing facility not controlled by authorised person,No physical crossing facility within 50m,At scene
379812,,Slight,2,1,29/06/2012,Friday,29,June,12,18,0,230,A,8,Single carriageway - 2 lanes,30,'T' or staggered junction,Give way sign or markings,Unclassified,,Daylight: street lights present,Raining (without high winds),Dry,None,None,No overtaking,322860,673250,521271,Junction,Cyclist,355017,unset,EH126DF,No crossing facility within 50m or physical crossing facility not controlled by authorised person,No physical crossing facility within 50m,Elsewhere
380012,,Slight,2,1,11/07/2012,Wednesday,11,July,12,11,0,230,A,70,Single carriageway - 2 lanes,30,'T' or staggered junction,Give way sign or markings,Unclassified,,Daylight: no street lighting,Fine (without high winds),Dry,None,None,No overtaking,322560,671320,529576,Junction,Cyclist,365788,unset,EH141PU,No crossing facility within 50m or physical crossing facility not controlled by authorised person,No physical crossing facility within 50m,At scene
380312,,Slight,2,2,10/07/2012,Tuesday,10,July,12,17,30,230,Motorway,9,Dual carriageway - 2 lanes,70,Not at or within 20 metres of junction,unset,\,,Daylight: no street lighting,Raining (without high winds),Dry,None,None,No overtaking,311220,674590,562726,Segment,T.V.N.P.,365789,unset,EH299EF,No crossing facility within 50m or physical crossing facility not controlled by authorised person,No physical crossing facility within 50m,Elsewhere
380412,,Serious,1,1,11/07/2012,Wednesday,11,July,12,11,30,230,A,900,Dual carriageway - 2 lanes,30,Not at or within 20 metres of junction,unset,\,,Daylight: street lights present,Fine (without high winds),Dry,None,None,No overtaking,326070,674430,558575,Segment,Pedestrian,365790,unset,EH13NQ,Control by other authorised person,Pedestrian phase at traffic signal junction,At scene
380812,,Slight,2,1,11/07/2012,Wednesday,11,July,12,18,50,230,A,900,Dual carriageway - 2 lanes,30,'T' or staggered junction,Give way sign or markings,Unclassified,,Daylight: street lights present,Fine (without high winds),Dry,None,None,No overtaking,326160,674590,520254,Junction,Cyclist,365791,unset,EH74AB,Control by other authorised person,"Pelican, puffin, toucan or similar non-junction pedestrian light crossing",At scene
381112,,Serious,1,1,11/07/2012,Wednesday,11,July,12,17,33,230,A,71,Single carriageway - 2 lanes,30,Not at or within 20 metres of junction,unset,\,,Daylight: no street lighting,Fine (without high winds),Dry,None,None,No overtaking,321870,671630,549737,Segment,Pedestrian,365792,unset,EH113AL,No crossing facility within 50m or physical crossing facility not controlled by authorised person,Pedestrian phase at traffic signal junction,At scene
381312,,Slight,1,1,10/07/2012,Tuesday,10,July,12,16,0,230,A,7,Single carriageway - 2 lanes,30,Not at or within 20 metres of junction,unset,\,,Daylight: no street lighting,Other,Dry,None,None,No overtaking,325930,673700,569273,Segment,Pedestrian,365793,unset,EH11SB,No crossing facility within 50m or physical crossing facility not controlled by authorised person,No physical crossing facility within 50m,Elsewhere
382512,,Slight,2,1,12/07/2012,Thursday,12,July,12,10,5,230,Motorway,8,Dual carriageway - 2 lanes,70,Not at or within 20 metres of junction,unset,\,,Daylight: street lights present,Fine (without high winds),Dry,None,None,No overtaking,317730,670650,6452114,Segment,T.V.N.P.,365794,unset,EH129BU,No crossing facility within 50m or physical crossing facility not controlled by authorised person,No physical crossing facility within 50m,At scene
383312,,Slight,2,1,12/07/2012,Thursday,12,July,12,15,35,230,A,701,Single carriageway - 2 lanes,30,Not at or within 20 metres of junction,unset,\,,Daylight: street lights present,Fine (without high winds),Dry,None,None,No overtaking,327220,668350,570773,Segment,T.V.N.P.,365795,unset,EH166TX,Control by other authorised person,Central refuge - no other controls,Elsewhere
383412,,Slight,1,1,11/07/2012,Wednesday,11,July,12,22,20,230,Unclassified,,Single carriageway - 2 lanes,30,Other junction,Give way sign or markings,Unclassified,,Darkness: street lights present and lit,Fine (without high winds),Dry,None,Pedestrian in carriagway - not injured,No overtaking,320610,670400,0,Unset,Bus,365796,unset,EH142AB,No crossing facility within 50m or physical crossing facility not controlled by authorised person,No physical crossing facility within 50m,Elsewhere
383712,,Slight,2,1,13/07/2012,Friday,13,July,12,15,40,230,Unclassified,,Single carriageway - 2 lanes,30,'T' or staggered junction,Give way sign or markings,Unclassified,,Daylight: street lights present,Fine (without high winds),Dry,None,None,No overtaking,325530,674890,520230,Junction,Cyclist,365797,unset,EH36NG,No crossing facility within 50m or physical crossing facility not controlled by authorised person,No physical crossing facility within 50m,At scene
384012,,Slight,2,1,13/07/2012,Friday,13,July,12,15,13,230,Motorway,9,Dual carriageway - 2 lanes,40,Not at or within 20 metres of junction,unset,\,,Daylight: street lights present,Fine (without high winds),Dry,None,None,No overtaking,313090,675680,0,Unset,T.V.N.P.,365798,unset,EH299EQ,No crossing facility within 50m or physical crossing facility not controlled by authorised person,No physical crossing facility within 50m,At scene
385812,,Slight,2,1,14/07/2012,Saturday,14,July,12,15,10,230,A,901,Single carriageway - 2 lanes,30,Crossroads,Automatic Traffic Signal,A,900,Daylight: street lights present,Fine (without high winds),Dry,None,None,No overtaking,326960,675900,522483,Junction,T.V.N.P.,365799,unset,EH68LN,No crossing facility within 50m or physical crossing facility not controlled by authorised person,Pedestrian phase at traffic signal junction,At scene
386012,,Slight,2,2,09/07/2012,Monday,9,July,12,16,55,230,A,71,Dual carriageway - 2 lanes,40,Roundabout,Give way sign or markings,Unclassified,,Daylight: street lights present,Fine (without high winds),Dry,None,None,No overtaking,317970,670200,2307101,Junction,T.V.N.P.,365800,unset,EH144AW,No crossing facility within 50m or physical crossing facility not controlled by authorised person,No physical crossing facility within 50m,At scene
386812,,Slight,2,1,15/07/2012,Sunday,15,July,12,16,22,230,A,1,Single carriageway - 2 lanes,30,Not at or within 20 metres of junction,unset,\,,Daylight: no street lighting,Fine (without high winds),Dry,None,None,No overtaking,330050,672790,2106403,Segment,T.V.N.P.,365801,unset,EH151LE,No crossing facility within 50m or physical crossing facility not controlled by authorised person,No physical crossing facility within 50m,At scene
387912,,Slight,2,1,16/07/2012,Monday,16,July,12,7,20,230,A,902,Single carriageway - 2 lanes,40,'T' or staggered junction,Automatic Traffic Signal,A,8,Daylight: street lights present,Fine (without high winds),Dry,None,None,No overtaking,318060,672760,12201733,Junction,Cyclist,365802,unset,EH128LS,No crossing facility within 50m or physical crossing facility not controlled by authorised person,"Pelican, puffin, toucan or similar non-junction pedestrian light crossing",At scene
389512,,Slight,2,1,09/07/2012,Monday,9,July,12,14,40,230,A,7,Single carriageway - 2 lanes,30,Not at or within 20 metres of junction,unset,\,,Daylight: no street lighting,Unknown,Dry,None,None,No overtaking,326150,673060,569460,Segment,Cyclist,365803,unset,EH89EW,Control by other authorised person,Pedestrian phase at traffic signal junction,Elsewhere
390612,,Slight,1,1,16/07/2012,Monday,16,July,12,16,40,230,Unclassified,,Single carriageway - 2 lanes,30,Other junction,Give way sign or markings,Unclassified,,Daylight: street lights present,Fine (without high winds),Dry,None,None,No overtaking,323930,676660,0,Unset,Bus,365804,unset,EH51AS,No crossing facility within 50m or physical crossing facility not controlled by authorised person,No physical crossing facility within 50m,Elsewhere
391412,,Slight,2,3,17/07/2012,Tuesday,17,July,12,18,45,230,C,,Single carriageway - 2 lanes,30,Not at or within 20 metres of junction,unset,\,,Daylight: street lights present,Fine (without high winds),Dry,None,None,No overtaking,326370,673760,558221,Segment,T.V.N.P.,365805,unset,EH88BN,No crossing facility within 50m or physical crossing facility not controlled by authorised person,No physical crossing facility within 50m,Elsewhere
392012,,Slight,3,1,15/07/2012,Sunday,15,July,12,22,0,230,Unclassified,,Single carriageway - 2 lanes,30,Crossroads,Give way sign or markings,Unclassified,,Darkness: street lights present and lit,Fine (without high winds),Dry,None,None,No overtaking,324320,670310,530008,Junction,M.V.N.P.,365806,unset,EH106ER,No crossing facility within 50m or physical crossing facility not controlled by authorised person,Pedestrian phase at traffic signal junction,At scene
392312,,Slight,2,1,17/07/2012,Tuesday,17,July,12,14,35,230,Unclassified,,Single carriageway - 2 lanes,30,Not at or within 20 metres of junction,unset,\,,Daylight: street lights present,Fine (without high winds),Dry,None,None,No overtaking,326100,674830,0,Unset,T.V.N.P.,365807,unset,EH74AZ,No crossing facility within 50m or physical crossing facility not controlled by authorised person,No physical crossing facility within 50m,Elsewhere
392512,,Serious,2,1,17/07/2012,Tuesday,17,July,12,22,45,230,Unclassified,,Single carriageway - 2 lanes,30,Mini-roundabout,Give way sign or markings,Unclassified,,Darkness: street lights present and lit,Other,Dry,None,None,No overtaking,325700,674520,0,Unset,T.V.N.P.,365808,unset,EH36NX,No crossing facility within 50m or physical crossing facility not controlled by authorised person,No physical crossing facility within 50m,At scene
393112,,Slight,2,1,18/07/2012,Wednesday,18,July,12,14,50,230,A,902,Single carriageway - 2 lanes,40,Not at or within 20 metres of junction,unset,\,,Daylight: street lights present,Raining (without high winds),Dry,None,None,No overtaking,322330,674920,563703,Segment,T.V.N.P.,365809,unset,EH42SB,No crossing facility within 50m or physical crossing facility not controlled by authorised person,No physical crossing facility within 50m,Elsewhere
393212,,Slight,1,1,18/07/2012,Wednesday,18,July,12,17,25,230,C,,One way Street,30,'T' or staggered junction,Automatic Traffic Signal,Unclassified,,Daylight: street lights present,Raining (without high winds),Dry,None,None,No overtaking,325720,673240,521526,Junction,Bus,365810,unset,EH12QN,No crossing facility within 50m or physical crossing facility not controlled by authorised person,Pedestrian phase at traffic signal junction,Elsewhere
393412,,Serious,2,2,18/07/2012,Wednesday,18,July,12,17,0,230,A,90,Single carriageway - 2 lanes,30,'T' or staggered junction,Give way sign or markings,Unclassified,,Daylight: street lights present,Raining (without high winds),Dry,None,None,No overtaking,322720,674290,520413,Junction,T.V.N.P.,365811,unset,EH42EZ,No crossing facility within 50m or physical crossing facility not controlled by authorised person,Central refuge - no other controls,At scene
393512,,Slight,2,1,13/07/2012,Friday,13,July,12,20,5,230,Unclassified,,Single carriageway - 2 lanes,30,Mini-roundabout,Give way sign or markings,Unclassified,,Daylight: street lights present,Fine (without high winds),Dry,None,None,No overtaking,323310,676530,522858,Junction,Cyclist,365812,unset,EH52HQ,No crossing facility within 50m or physical crossing facility not controlled by authorised person,Central refuge - no other controls,At scene
393612,,Slight,1,1,18/07/2012,Wednesday,18,July,12,16,20,230,Unclassified,,Roundabout,30,Roundabout,Give way sign or markings,Unclassified,,Daylight: street lights present,Raining (without high winds),Dry,None,None,No overtaking,320690,676190,519094,Junction,Bus,365813,unset,EH45HA,No crossing facility within 50m or physical crossing facility not controlled by authorised person,No physical crossing facility within 50m,At scene
394112,,Slight,1,1,21/06/2012,Thursday,21,June,12,17,30,230,Unclassified,,Single carriageway - 2 lanes,30,Not at or within 20 metres of junction,unset,\,,Daylight: street lights present,Fine (without high winds),Dry,None,None,No overtaking,318760,668470,0,Unset,Pedestrian,355018,unset,EH145HE,No crossing facility within 50m or physical crossing facility not controlled by authorised person,No physical crossing facility within 50m,Elsewhere
394512,,Slight,2,1,19/07/2012,Thursday,19,July,12,8,0,230,A,900,Single carriageway - 2 lanes,30,Not at or within 20 metres of junction,unset,\,,Daylight: street lights present,Fine (without high winds),Dry,None,None,No overtaking,326800,675580,519481,Junction,Cyclist,365814,unset,EH68NR,No crossing facility within 50m or physical crossing facility not controlled by authorised person,No physical crossing facility within 50m,At scene
394612,,Slight,2,1,19/07/2012,Thursday,19,July,12,11,50,230,A,6106,Single carriageway - 2 lanes,30,Crossroads,Authorised Person,Unclassified,,Daylight: street lights present,Fine (without high winds),Dry,None,None,No overtaking,330490,671780,530032,Junction,T.V.N.P.,365815,unset,EH153EJ,No crossing facility within 50m or physical crossing facility not controlled by authorised person,Pedestrian phase at traffic signal junction,At scene
394712,,Slight,1,1,13/07/2012,Friday,13,July,12,17,0,230,Unclassified,,Single carriageway - 2 lanes,30,Not at or within 20 metres of junction,unset,\,,Daylight: street lights present,Fine (without high winds),Dry,None,None,No overtaking,321600,675650,0,Unset,Pedestrian,365816,unset,EH44QX,No crossing facility within 50m or physical crossing facility not controlled by authorised person,No physical crossing facility within 50m,Elsewhere
395312,,Slight,2,1,19/07/2012,Thursday,19,July,12,14,45,230,Unclassified,,Single carriageway - 2 lanes,30,Not at or within 20 metres of junction,unset,\,,Daylight: street lights present,Fine (without high winds),Dry,None,None,No overtaking,312970,677820,4422029,Segment,T.V.N.P.,365817,unset,EH309NZ,No crossing facility within 50m or physical crossing facility not controlled by authorised person,Pedestrian phase at traffic signal junction,Elsewhere
396512,,Slight,2,1,19/07/2012,Thursday,19,July,12,9,55,230,C,,Single carriageway - 2 lanes,30,Crossroads,Automatic Traffic Signal,B,701,Daylight: street lights present,Fine (without high winds),Dry,None,None,No overtaking,328290,668460,530308,Junction,Cyclist,365818,unset,EH166QT,No crossing facility within 50m or physical crossing facility not controlled by authorised person,Central refuge - no other controls,At scene
397312,,Slight,2,1,19/07/2012,Thursday,19,July,12,17,20,230,Unclassified,,Single carriageway - 2 lanes,30,Crossroads,Automatic Traffic Signal,Unclassified,,Daylight: street lights present,Fine (without high winds),Dry,None,None,No overtaking,325980,671020,533401,Junction,Cyclist,365819,unset,EH93HN,No crossing facility within 50m or physical crossing facility not controlled by authorised person,Pedestrian phase at traffic signal junction,At scene
397712,,Slight,1,1,20/07/2012,Friday,20,July,12,18,51,230,Unclassified,,Single carriageway - 2 lanes,30,'T' or staggered junction,Stop sign,C,,Daylight: no street lighting,Fine (without high winds),Dry,None,None,No overtaking,326270,673740,521163,Junction,Pedestrian,365820,unset,EH88BJ,No crossing facility within 50m or physical crossing facility not controlled by authorised person,No physical crossing facility within 50m,At scene
398112,,Slight,1,1,21/07/2012,Saturday,21,July,12,11,5,230,A,71,Single carriageway - 2 lanes,30,Other junction,Give way sign or markings,Unclassified,,Daylight: street lights present,Fine (without high winds),Dry,None,None,No overtaking,322950,672260,521961,Junction,Bus,365821,unset,EH111TU,No crossing facility within 50m or physical crossing facility not controlled by authorised person,No physical crossing facility within 50m,At scene
398412,,Slight,2,1,21/07/2012,Saturday,21,July,12,9,20,230,Unclassified,,Single carriageway - 2 lanes,30,Other junction,Give way sign or markings,Unclassified,,Daylight: street lights present,Fine (without high winds),Dry,None,None,No overtaking,324600,668310,533134,Junction,Cyclist,365822,unset,EH107BE,No crossing facility within 50m or physical crossing facility not controlled by authorised person,No physical crossing facility within 50m,At scene
398712,,Serious,1,1,17/07/2012,Tuesday,17,July,12,8,45,230,A,90,Single carriageway - 2 lanes,30,Not at or within 20 metres of junction,unset,\,,Daylight: street lights present,Fine (without high winds),Dry,None,None,No overtaking,324590,673720,520959,Junction,Pedestrian,365823,unset,EH24PG,No crossing facility within 50m or physical crossing facility not controlled by authorised person,No physical crossing facility within 50m,At scene
400412,,Slight,3,4,23/07/2012,Monday,23,July,12,9,41,230,C,,Single carriageway - 2 lanes,30,'T' or staggered junction,Give way sign or markings,Unclassified,,Daylight: no street lighting,Raining (without high winds),Dry,None,None,No overtaking,323040,669170,532963,Junction,M.V.N.P.,365824,unset,EH139BJ,No crossing facility within 50m or physical crossing facility not controlled by authorised person,"Pelican, puffin, toucan or similar non-junction pedestrian light crossing",At scene