acc_ref,beat_no,severity,no_vehicle,no_casualt,a_date,a_day,a_date_day,a_date_mon,a_date_yr,a_time_hr,a_time_min,loc_auth,road1_class,road1_no,road_type,speed_limi,junc_det,junc_ctrl,road2_class,road2_no,light_cond,weather,road_surf,spec_cond,cway_hzrds,ovrtk_patrn,easting,northing,net_id,net_type,acc_type,text_id,division,Postcode,ped_xing_hc,ped_xing_p,place_reported
44813,,Slight,1,1,26/01/2013,Saturday,26,January,13,1,20,S12000036,C,,Single carriageway - 2 lanes,30,Crossroads,Automatic Traffic Signal,A,702,Darkness: street lights present and lit,Raining with high winds,Dry,None,None,No overtaking,324930,672760,533329,Junction,Pedestrian,366906,unset,EH39NA,No crossing facility within 50m or physical crossing facility not controlled by authorised person,Pedestrian phase at traffic signal junction,At scene
44913,,Slight,2,1,26/01/2013,Saturday,26,January,13,3,5,S12000036,Unclassified,,Dual carriageway - 2 lanes,30,Crossroads,Automatic Traffic Signal,Unclassified,,Darkness: street lights present and lit,Fine (without high winds),Dry,None,None,No overtaking,324600,673390,10254960,Junction,T.V.N.P.,366907,unset,EH12DA,No crossing facility within 50m or physical crossing facility not controlled by authorised person,"Pelican, puffin, toucan or similar non-junction pedestrian light crossing",Elsewhere
46713,,Fatal,1,1,26/01/2013,Saturday,26,January,13,3,10,S12000036,C,,Single carriageway - 2 lanes,30,Crossroads,Give way sign or markings,Unclassified,,Darkness: street lights present and lit,Fine (without high winds),Dry,None,None,No overtaking,325460,672320,522051,Junction,Pedestrian,366908,unset,EH91HX,No crossing facility within 50m or physical crossing facility not controlled by authorised person,Zebra crossing,At scene
46913,,Slight,1,1,27/01/2013,Sunday,27,January,13,2,45,S12000036,B,1350,Single carriageway - 2 lanes,30,Not at or within 20 metres of junction,unset,\,,Darkness: street lights present and lit,Raining (without high winds),Dry,None,None,No overtaking,326220,674510,557671,Segment,Pedestrian,366909,unset,EH75JW,No crossing facility within 50m or physical crossing facility not controlled by authorised person,"Pelican, puffin, toucan or similar non-junction pedestrian light crossing",At scene
47413,,Slight,1,1,26/01/2013,Saturday,26,January,13,14,0,S12000036,Unclassified,,Single carriageway - 2 lanes,30,'T' or staggered junction,Give way sign or markings,Unclassified,,Daylight: street lights present,Fine (without high winds),Dry,None,None,No overtaking,325690,674520,0,Unset,Pedestrian,366910,unset,EH36NY,No crossing facility within 50m or physical crossing facility not controlled by authorised person,No physical crossing facility within 50m,At scene
47713,,Slight,1,1,23/01/2013,Wednesday,23,January,13,21,20,S12000036,Unclassified,,Single carriageway - 2 lanes,30,Other junction,Give way sign or markings,Unclassified,,Darkness: street lights present and lit,Fine (without high winds),Dry,None,None,No overtaking,319790,673560,12232330,Junction,Pedestrian,366911,unset,EH128QU,No crossing facility within 50m or physical crossing facility not controlled by authorised person,No physical crossing facility within 50m,At scene
48313,,Slight,1,1,27/01/2013,Sunday,27,January,13,13,15,S12000036,Unclassified,,Single carriageway - 2 lanes,30,Crossroads,Give way sign or markings,Unclassified,,Daylight: street lights present,Fine (without high winds),Dry,None,None,No overtaking,326620,672030,522105,Junction,Bus,366912,unset,EH91SZ,No crossing facility within 50m or physical crossing facility not controlled by authorised person,"Pelican, puffin, toucan or similar non-junction pedestrian light crossing",At scene
48513,,Serious,1,1,27/01/2013,Sunday,27,January,13,19,40,S12000036,A,1,Single carriageway - 2 lanes,40,'T' or staggered junction,Give way sign or markings,Unclassified,,Darkness: street lights present and lit,Fine (without high winds),Dry,None,None,No overtaking,331050,672910,523755,Junction,Pedestrian,366913,unset,EH153AA,No crossing facility within 50m or physical crossing facility not controlled by authorised person,Central refuge - no other controls,At scene
51313,,Slight,1,1,26/01/2013,Saturday,26,January,13,12,6,S12000036,Unclassified,,Single carriageway - 2 lanes,30,Not at or within 20 metres of junction,unset,\,,Daylight: street lights present,Fine (without high winds),Dry,None,None,No overtaking,319670,671810,551815,Segment,Bus,366914,unset,EH129AD,No crossing facility within 50m or physical crossing facility not controlled by authorised person,\7,Elsewhere
51413,,Slight,2,1,29/01/2013,Tuesday,29,January,13,11,25,S12000036,Unclassified,,Single carriageway - 2 lanes,30,Roundabout,Give way sign or markings,Unclassified,,Daylight: street lights present,Fine (without high winds),Dry,None,None,No overtaking,327730,674960,520296,Junction,T.V.N.P.,366915,unset,EH76DE,No crossing facility within 50m or physical crossing facility not controlled by authorised person,Central refuge - no other controls,At scene
51513,,Slight,2,1,17/01/2013,Thursday,17,January,13,11,30,S12000036,A,71,Single carriageway - 2 lanes,30,Not at or within 20 metres of junction,unset,\,,Daylight: street lights present,Fine (without high winds),Dry,None,None,No overtaking,322500,672100,549740,Segment,Bus,366916,unset,EH112RN,No crossing facility within 50m or physical crossing facility not controlled by authorised person,No physical crossing facility within 50m,At scene
52013,,Slight,1,2,28/01/2013,Monday,28,January,13,22,45,S12000036,Motorway,8,Dual carriageway - 2 lanes,70,Not at or within 20 metres of junction,unset,\,,Darkness: no street lighting,Raining with high winds,Dry,None,None,No overtaking,311190,671140,562603,Segment,S.V.N.P.,366917,unset,EH288LQ,No crossing facility within 50m or physical crossing facility not controlled by authorised person,No physical crossing facility within 50m,At scene
52213,,Slight,2,1,29/01/2013,Tuesday,29,January,13,20,25,S12000036,Unclassified,,Single carriageway - 2 lanes,20,Not at or within 20 metres of junction,unset,\,,Daylight: street lights present,Fine (without high winds),Dry,None,None,No overtaking,325760,673750,569724,Segment,Cyclist,366918,unset,EH11DF,No crossing facility within 50m or physical crossing facility not controlled by authorised person,No physical crossing facility within 50m,At scene
52313,,Slight,4,2,28/01/2013,Monday,28,January,13,15,22,S12000036,A,90,Single carriageway - 2 lanes,40,Multiple junction,Automatic Traffic Signal,Unclassified,,Daylight: street lights present,Fine (without high winds),Dry,None,None,No overtaking,320650,675130,519720,Junction,M.V.N.P.,366919,unset,EH47AG,Control by other authorised person,Pedestrian phase at traffic signal junction,At scene
52713,,Slight,2,1,23/01/2013,Wednesday,23,January,13,18,25,S12000036,A,720,Roundabout,60,Roundabout,Automatic Traffic Signal,A,7,Daylight: street lights present,Fine (without high winds),Dry,None,None,No overtaking,331740,667970,2608104,Junction,T.V.N.P.,366920,unset,EH221RT,No crossing facility within 50m or physical crossing facility not controlled by authorised person,No physical crossing facility within 50m,At scene
53413,,Slight,1,1,28/01/2013,Monday,28,January,13,13,45,S12000036,Unclassified,,Single carriageway - 2 lanes,30,'T' or staggered junction,Give way sign or markings,Unclassified,,Daylight: street lights present,Raining (without high winds),Dry,None,None,No overtaking,325420,673360,521487,Junction,Pedestrian,366921,unset,EH12HS,Control by other authorised person,Pedestrian phase at traffic signal junction,At scene
53513,,Slight,2,1,30/01/2013,Wednesday,30,January,13,7,50,S12000036,C,,Single carriageway - 2 lanes,30,Other junction,Give way sign or markings,Unclassified,,Darkness: street lights present and lit,Raining (without high winds),Dry,None,None,No overtaking,326970,674820,520284,Junction,T.V.N.P.,366922,unset,EH75QA,No crossing facility within 50m or physical crossing facility not controlled by authorised person,Pedestrian phase at traffic signal junction,At scene
54013,,Slight,2,1,30/01/2013,Wednesday,30,January,13,14,40,S12000036,Unclassified,,Roundabout,30,Roundabout,Give way sign or markings,Unclassified,,Daylight: street lights present,Fine with high winds,Dry,None,None,No overtaking,327930,674600,520317,Junction,T.V.N.P.,366923,unset,EH76AT,No crossing facility within 50m or physical crossing facility not controlled by authorised person,No physical crossing facility within 50m,At scene
54613,,Slight,2,1,26/01/2013,Saturday,26,January,13,14,10,S12000036,A,7,Single carriageway - 2 lanes,30,Not at or within 20 metres of junction,unset,\,,Darkness: street lights present and lit,Raining (without high winds),Dry,None,None,No overtaking,325930,673690,569273,Segment,T.V.N.P.,366924,unset,EH11SB,Control by other authorised person,No physical crossing facility within 50m,At scene
55113,,Slight,2,1,31/01/2013,Thursday,31,January,13,7,55,S12000036,A,70,Single carriageway - 2 lanes,30,Other junction,Give way sign or markings,Unclassified,,Daylight: street lights present,Raining (without high winds),Dry,None,None,No overtaking,323720,672740,521793,Junction,Cyclist,366925,unset,EH112EF,No crossing facility within 50m or physical crossing facility not controlled by authorised person,"Pelican, puffin, toucan or similar non-junction pedestrian light crossing",At scene
55613,,Slight,2,1,30/01/2013,Wednesday,30,January,13,14,5,S12000036,Unclassified,,Single carriageway - 2 lanes,30,Not at or within 20 metres of junction,unset,\,,Daylight: street lights present,Unknown,Dry,None,None,No overtaking,326400,672020,563095,Segment,T.V.N.P.,366926,unset,EH91PN,No crossing facility within 50m or physical crossing facility not controlled by authorised person,No physical crossing facility within 50m,At scene
55813,,Slight,1,1,27/01/2013,Sunday,27,January,13,1,10,S12000036,Unclassified,,Single carriageway - 2 lanes,30,Not at or within 20 metres of junction,unset,\,,Darkness: street lights present and lit,Raining (without high winds),Dry,None,None,No overtaking,323690,669130,564896,Segment,Pedestrian,366927,unset,EH139HX,No crossing facility within 50m or physical crossing facility not controlled by authorised person,No physical crossing facility within 50m,At scene
56213,,Slight,1,1,31/01/2013,Thursday,31,January,13,12,12,S12000036,C,,Single carriageway - 2 lanes,30,Not at or within 20 metres of junction,unset,\,,Daylight: street lights present,Raining (without high winds),Dry,None,None,No overtaking,325180,675020,566675,Segment,Pedestrian,366928,unset,EH35EA,No crossing facility within 50m or physical crossing facility not controlled by authorised person,Pedestrian phase at traffic signal junction,At scene
56713,,Slight,1,1,29/01/2013,Tuesday,29,January,13,13,43,S12000036,B,701,Single carriageway - 2 lanes,30,Crossroads,Automatic Traffic Signal,A,70,Darkness: street lights present but unlit,Fine (without high winds),Dry,None,None,No overtaking,320570,669080,532906,Junction,Pedestrian,366929,unset,EH130NJ,No crossing facility within 50m or physical crossing facility not controlled by authorised person,Pedestrian phase at traffic signal junction,At scene
56813,,Slight,2,1,31/01/2013,Thursday,31,January,13,18,30,S12000036,Unclassified,,Single carriageway - 2 lanes,30,'T' or staggered junction,Give way sign or markings,Unclassified,,Darkness: street lights present and lit,Raining (without high winds),Dry,None,None,No overtaking,326450,672770,532738,Junction,Cyclist,366930,unset,EH89QR,No crossing facility within 50m or physical crossing facility not controlled by authorised person,"Pelican, puffin, toucan or similar non-junction pedestrian light crossing",At scene
56913,,Slight,2,1,31/01/2013,Thursday,31,January,13,19,45,S12000036,A,6095,Single carriageway - 2 lanes,30,'T' or staggered junction,Give way sign or markings,Unclassified,,Darkness: street lights present and lit,Raining (without high winds),Dry,None,None,No overtaking,330010,671790,530047,Junction,Cyclist,366931,unset,EH164JZ,No crossing facility within 50m or physical crossing facility not controlled by authorised person,"Pelican, puffin, toucan or similar non-junction pedestrian light crossing",At scene
57413,,Slight,1,1,30/01/2013,Wednesday,30,January,13,19,45,S12000036,Unclassified,,Single carriageway - 2 lanes,30,Not at or within 20 metres of junction,unset,\,,Darkness: street lights present and lit,Raining (without high winds),Dry,None,None,No overtaking,323700,675870,563649,Segment,Bus,366932,unset,EH52DL,No crossing facility within 50m or physical crossing facility not controlled by authorised person,No physical crossing facility within 50m,Elsewhere
59213,,Slight,2,1,01/02/2013,Friday,1,February,13,17,45,S12000036,Unclassified,,Single carriageway - 2 lanes,30,Crossroads,Give way sign or markings,Unclassified,,Darkness: street lights present and lit,Fine (without high winds),Dry,None,None,No overtaking,326220,676380,532555,Junction,Cyclist,357851,unset,EH64PG,No crossing facility within 50m or physical crossing facility not controlled by authorised person,Pedestrian phase at traffic signal junction,At scene
59613,,Slight,2,1,02/02/2013,Saturday,2,February,13,9,13,S12000036,Unclassified,,Single carriageway - 2 lanes,30,'T' or staggered junction,Give way sign or markings,Unclassified,,Daylight: street lights present,Fine (without high winds),Dry,None,None,No overtaking,324530,671000,530407,Junction,Bus,357852,unset,EH105HX,No crossing facility within 50m or physical crossing facility not controlled by authorised person,Pedestrian phase at traffic signal junction,At scene
59813,,Slight,1,1,01/02/2013,Friday,1,February,13,19,0,S12000036,A,70,Single carriageway - 2 lanes,30,Not at or within 20 metres of junction,unset,\,,Darkness: street lights present and lit,Fine with high winds,Dry,None,None,No overtaking,317320,667310,561581,Segment,Bus,357853,unset,EH145SL,No crossing facility within 50m or physical crossing facility not controlled by authorised person,No physical crossing facility within 50m,Elsewhere
60013,,Serious,1,1,03/02/2013,Sunday,3,February,13,0,45,S12000036,A,900,Roundabout,30,Roundabout,Give way sign or markings,Unclassified,,Darkness: street lights present and lit,Fine (without high winds),Dry,None,None,No overtaking,326160,674510,520236,Junction,Pedestrian,357854,unset,EH75DX,No crossing facility within 50m or physical crossing facility not controlled by authorised person,"Pelican, puffin, toucan or similar non-junction pedestrian light crossing",At scene
60313,,Slight,2,1,02/02/2013,Saturday,2,February,13,9,48,S12000036,Unclassified,,Single carriageway - 2 lanes,30,Crossroads,Automatic Traffic Signal,Unclassified,,Daylight: street lights present,Fine (without high winds),Dry,None,None,No overtaking,326910,674320,520689,Junction,T.V.N.P.,357855,unset,EH75DL,No crossing facility within 50m or physical crossing facility not controlled by authorised person,Pedestrian phase at traffic signal junction,At scene
60513,,Slight,1,1,02/02/2013,Saturday,2,February,13,7,45,S12000036,A,71,Single carriageway - 2 lanes,50,Not at or within 20 metres of junction,unset,\,,Darkness: street lighting unknown,Raining (without high winds),Dry,None,None,No overtaking,315930,669890,549650,Segment,S.V.N.P.,357856,unset,EH288NU,No crossing facility within 50m or physical crossing facility not controlled by authorised person,No physical crossing facility within 50m,At scene
60713,,Slight,2,2,02/02/2013,Saturday,2,February,13,17,0,S12000036,A,720,Single carriageway - 3 lanes,70,'T' or staggered junction,Give way sign or markings,C,,Darkness: no street lighting,Fine (without high winds),Dry,None,None,No overtaking,329200,667250,2579121,Junction,T.V.N.P.,357857,unset,EH178SD,No crossing facility within 50m or physical crossing facility not controlled by authorised person,No physical crossing facility within 50m,At scene
60813,,Serious,1,1,28/01/2013,Monday,28,January,13,22,0,S12000036,Unclassified,,Single carriageway - 2 lanes,30,Not at or within 20 metres of junction,unset,\,,Darkness: street lights present and lit,Raining (without high winds),Dry,None,Other object in carriageway,No overtaking,328220,674490,557965,Segment,S.V.N.P.,366933,unset,EH76BW,No crossing facility within 50m or physical crossing facility not controlled by authorised person,No physical crossing facility within 50m,At scene
62913,,Slight,3,1,04/02/2013,Monday,4,February,13,11,39,S12000036,A,720,Dual carriageway - 2 lanes,70,Not at or within 20 metres of junction,unset,\,,Daylight: street lights present,Fine (without high winds),Dry,None,None,No overtaking,324790,667670,2588221,Segment,M.V.N.P.,357858,unset,EH107DUA,No crossing facility within 50m or physical crossing facility not controlled by authorised person,No physical crossing facility within 50m,At scene
63313,,Serious,2,1,04/02/2013,Monday,4,February,13,14,0,S12000036,A,701,Single carriageway - 2 lanes,30,Crossroads,Give way sign or markings,Unclassified,,Daylight: street lights present,Fine (without high winds),Dry,None,None,No overtaking,326790,671710,529474,Junction,T.V.N.P.,357859,unset,EH92BU,No crossing facility within 50m or physical crossing facility not controlled by authorised person,"Pelican, puffin, toucan or similar non-junction pedestrian light crossing",At scene
64413,,Serious,2,1,05/02/2013,Tuesday,5,February,13,8,23,S12000036,Unclassified,,Single carriageway - 2 lanes,30,Not at or within 20 metres of junction,unset,\,,Daylight: street lights present,Fine (without high winds),Dry,None,None,No overtaking,325610,670980,564328,Segment,Cyclist,357860,unset,EH93HS,No crossing facility within 50m or physical crossing facility not controlled by authorised person,No physical crossing facility within 50m,At scene
64713,,Slight,1,1,05/02/2013,Tuesday,5,February,13,8,15,S12000036,Unclassified,,Single carriageway - 2 lanes,40,Other junction,Give way sign or markings,Unclassified,,Daylight: street lights present,Other,Dry,None,None,No overtaking,324560,669910,532903,Junction,Pedestrian,357861,unset,EH106LA,No crossing facility within 50m or physical crossing facility not controlled by authorised person,No physical crossing facility within 50m,At scene
66913,,Slight,3,1,06/02/2013,Wednesday,6,February,13,8,0,S12000036,Unclassified,,Single carriageway - 2 lanes,30,'T' or staggered junction,Automatic Traffic Signal,A,7,Daylight: street lights present,Fine (without high winds),Dry,None,None,No overtaking,326670,672470,522093,Junction,M.V.N.P.,357862,unset,EH165BS,Control by school crossing patrol,Pedestrian phase at traffic signal junction,At scene
67213,,Slight,2,1,02/01/2013,Wednesday,2,January,13,10,40,S12000036,Unclassified,,Single carriageway - 2 lanes,30,Not at or within 20 metres of junction,unset,\,,Daylight: street lights present,Fine (without high winds),Dry,None,None,No overtaking,324140,670300,564716,Segment,T.V.N.P.,366934,unset,EH105QS,No crossing facility within 50m or physical crossing facility not controlled by authorised person,No physical crossing facility within 50m,At scene
67313,,Slight,3,1,06/02/2013,Wednesday,6,February,13,8,39,S12000036,A,720,Dual carriageway - 2 lanes,70,Not at or within 20 metres of junction,unset,\,,Daylight: street lights present,Fine (without high winds),Dry,None,None,No overtaking,324790,667670,2588221,Segment,M.V.N.P.,357863,unset,EH107DUA,No crossing facility within 50m or physical crossing facility not controlled by authorised person,No physical crossing facility within 50m,Elsewhere
68313,,Slight,3,1,06/02/2013,Wednesday,6,February,13,18,0,S12000036,Motorway,8,Dual carriageway - 2 lanes,70,Not at or within 20 metres of junction,unset,\,,Darkness: street lights present and lit,Fine (without high winds),Dry,None,None,No overtaking,311390,671120,562639,Segment,M.V.N.P.,357864,unset,EH288LQ,No crossing facility within 50m or physical crossing facility not controlled by authorised person,No physical crossing facility within 50m,At scene
68413,,Serious,1,2,06/02/2013,Wednesday,6,February,13,15,30,S12000036,C,,Single carriageway - 2 lanes,30,Crossroads,Give way sign or markings,Unclassified,,Daylight: street lights present,Fine (without high winds),Dry,None,None,No overtaking,322960,669220,532942,Junction,Pedestrian,357865,unset,EH139AW,No crossing facility within 50m or physical crossing facility not controlled by authorised person,No physical crossing facility within 50m,At scene
68513,,Slight,2,1,06/02/2013,Wednesday,6,February,13,17,15,S12000036,Unclassified,,Single carriageway - 2 lanes,30,Not at or within 20 metres of junction,unset,\,,Darkness: street lights present but unlit,Fine (without high winds),Dry,None,None,No overtaking,327550,675080,0,Unset,T.V.N.P.,357866,unset,EH76BY,No crossing facility within 50m or physical crossing facility not controlled by authorised person,"Pelican, puffin, toucan or similar non-junction pedestrian light crossing",At scene
71413,,Slight,1,1,08/02/2013,Friday,8,February,13,9,29,S12000036,A,71,Single carriageway - 2 lanes,30,Crossroads,Automatic Traffic Signal,Unclassified,,Daylight: street lights present,Fine (without high winds),Dry,None,None,No overtaking,322840,672230,521964,Junction,Bus,357867,unset,EH112PP,No crossing facility within 50m or physical crossing facility not controlled by authorised person,"Pelican, puffin, toucan or similar non-junction pedestrian light crossing",At scene
72313,,Serious,2,4,07/02/2013,Thursday,7,February,13,13,50,S12000036,Motorway,9,Dual carriageway - 2 lanes,70,Not at or within 20 metres of junction,unset,\,,Daylight: street lights present,Fine (without high winds),Dry,None,None,No overtaking,311710,674310,562735,Segment,T.V.N.P.,357868,unset,EH299EF,No crossing facility within 50m or physical crossing facility not controlled by authorised person,No physical crossing facility within 50m,At scene
75513,,Slight,1,1,10/02/2013,Sunday,10,February,13,15,24,S12000036,A,7,Single carriageway - 2 lanes,30,Not at or within 20 metres of junction,unset,\,,Daylight: street lights present,Fine (without high winds),Dry,None,None,No overtaking,326350,672570,569442,Segment,Bus,357869,unset,EH89PR,No crossing facility within 50m or physical crossing facility not controlled by authorised person,No physical crossing facility within 50m,At scene
76213,,Slight,2,1,28/01/2013,Monday,28,January,13,23,10,S12000036,A,701,Single carriageway - 2 lanes,30,Crossroads,Automatic Traffic Signal,C,,Daylight: street lights present,Fog (or mist if hazard),Dry,None,None,No overtaking,327130,670300,530098,Junction,T.V.N.P.,366935,unset,EH166AJ,Control by other authorised person,Pedestrian phase at traffic signal junction,At scene
77213,,Slight,2,1,11/02/2013,Monday,11,February,13,10,34,S12000036,B,701,Single carriageway - 2 lanes,30,'T' or staggered junction,Give way sign or markings,Unclassified,,Daylight: street lights present,Fine (without high winds),Dry,None,None,No overtaking,328450,668520,530245,Junction,T.V.N.P.,357870,unset,EH178JX,Control by other authorised person,Pedestrian phase at traffic signal junction,At scene
77713,,Slight,1,1,11/02/2013,Monday,11,February,13,23,30,S12000036,C,,Single carriageway - 2 lanes,30,'T' or staggered junction,Give way sign or markings,Unclassified,,Darkness: street lights present and lit,Fine (without high winds),Dry,None,None,No overtaking,321370,670960,529696,Junction,Pedestrian,357871,unset,EH142BJ,Control by other authorised person,"Pelican, puffin, toucan or similar non-junction pedestrian light crossing",At scene
78913,,Slight,2,1,12/02/2013,Tuesday,12,February,13,9,25,S12000036,A,701,Single carriageway - 2 lanes,30,Crossroads,Automatic Traffic Signal,C,,Daylight: street lights present,Fine (without high winds),Dry,None,None,No overtaking,327380,669440,530191,Junction,T.V.N.P.,357872,unset,EH166JX,No crossing facility within 50m or physical crossing facility not controlled by authorised person,Pedestrian phase at traffic signal junction,At scene
79813,,Slight,2,1,12/02/2013,Tuesday,12,February,13,14,5,S12000036,B,701,Single carriageway - 2 lanes,30,'T' or staggered junction,Automatic Traffic Signal,Unclassified,,Daylight: street lights present,Fine (without high winds),Dry,None,None,No overtaking,319620,669930,12201408,Junction,T.V.N.P.,357873,unset,EH142RU,No crossing facility within 50m or physical crossing facility not controlled by authorised person,Pedestrian phase at traffic signal junction,At scene
80113,,Slight,2,1,12/02/2013,Tuesday,12,February,13,15,18,S12000036,Unclassified,,Single carriageway - 2 lanes,40,Crossroads,Automatic Traffic Signal,Unclassified,,Daylight: street lights present,Fine (without high winds),Dry,None,None,No overtaking,331220,672930,531097,Junction,T.V.N.P.,357874,unset,EH153QH,No crossing facility within 50m or physical crossing facility not controlled by authorised person,No physical crossing facility within 50m,Elsewhere
80413,,Slight,2,2,12/02/2013,Tuesday,12,February,13,23,40,S12000036,Unclassified,,Single carriageway - 2 lanes,30,Not at or within 20 metres of junction,unset,\,,Darkness: street lights present and lit,Fine (without high winds),Dry,None,None,No overtaking,330550,671410,569117,Segment,T.V.N.P.,357875,unset,EH164NB,No crossing facility within 50m or physical crossing facility not controlled by authorised person,No physical crossing facility within 50m,At scene
80813,,Slight,5,1,29/01/2013,Tuesday,29,January,13,18,30,S12000036,A,720,Dual carriageway - 2 lanes,70,Not at or within 20 metres of junction,unset,\,,Darkness: no street lighting,Fine (without high winds),Dry,None,None,No overtaking,320170,669160,2578907,Segment,M.V.N.P.,366936,unset,EH143BR,No crossing facility within 50m or physical crossing facility not controlled by authorised person,No physical crossing facility within 50m,At scene
82113,,Slight,1,1,13/02/2013,Wednesday,13,February,13,18,50,S12000036,A,7,Single carriageway - 2 lanes,30,Not at or within 20 metres of junction,unset,\,,Darkness: street lights present and lit,Raining with high winds,Dry,None,None,No overtaking,325990,673460,569294,Segment,Pedestrian,357876,unset,EH11LL,No crossing facility within 50m or physical crossing facility not controlled by authorised person,"Pelican, puffin, toucan or similar non-junction pedestrian light crossing",At scene
82213,,Slight,2,1,13/02/2013,Wednesday,13,February,13,19,27,S12000036,Unclassified,,Single carriageway - 2 lanes,30,Other junction,Give way sign or markings,Unclassified,,Darkness: street lights present and lit,Raining (without high winds),Dry,None,None,No overtaking,324540,671170,530416,Junction,Cyclist,357877,unset,EH104QT,No crossing facility within 50m or physical crossing facility not controlled by authorised person,Pedestrian phase at traffic signal junction,At scene
82613,,Slight,2,1,12/02/2013,Tuesday,12,February,13,15,40,S12000036,Unclassified,,Single carriageway - 2 lanes,30,Other junction,Give way sign or markings,Unclassified,,Daylight: street lights present,Fine (without high winds),Dry,None,None,No overtaking,319380,672410,521874,Junction,T.V.N.P.,357878,unset,EH127QN,No crossing facility within 50m or physical crossing facility not controlled by authorised person,No physical crossing facility within 50m,At scene
83413,,Slight,1,1,14/02/2013,Thursday,14,February,13,12,20,S12000036,C,,Single carriageway - 2 lanes,30,Other junction,Give way sign or markings,Unclassified,,Daylight: street lights present,Fine (without high winds),Dry,None,None,No overtaking,325540,674560,0,Unset,Pedestrian,357879,unset,EH36NS,No crossing facility within 50m or physical crossing facility not controlled by authorised person,No physical crossing facility within 50m,At scene
83513,,Slight,1,1,13/02/2013,Wednesday,13,February,13,13,10,S12000036,Unclassified,,Single carriageway - 2 lanes,30,Crossroads,Automatic Traffic Signal,C,,Daylight: street lights present,Fine (without high winds),Dry,None,None,No overtaking,319360,672630,522906,Junction,Pedestrian,357880,unset,EH127UH,No crossing facility within 50m or physical crossing facility not controlled by authorised person,Pedestrian phase at traffic signal junction,At scene
83913,,Slight,3,1,14/02/2013,Thursday,14,February,13,13,10,S12000036,A,71,Single carriageway - 2 lanes,30,Not at or within 20 metres of junction,unset,\,,Daylight: street lights present,Fine (without high winds),Dry,None,None,No overtaking,323360,672440,549758,Segment,Cyclist,357881,unset,EH112NB,No crossing facility within 50m or physical crossing facility not controlled by authorised person,No physical crossing facility within 50m,Elsewhere
84213,,Slight,2,1,14/02/2013,Thursday,14,February,13,18,0,S12000036,A,70,Single carriageway - 2 lanes,30,'T' or staggered junction,Give way sign or markings,Unclassified,,Darkness: street lights present and lit,Fine (without high winds),Dry,None,None,No overtaking,323860,672900,521802,Junction,Cyclist,357882,unset,EH112EA,No crossing facility within 50m or physical crossing facility not controlled by authorised person,No physical crossing facility within 50m,At scene
85813,,Slight,2,2,15/02/2013,Friday,15,February,13,8,0,S12000036,A,8,Roundabout,40,Roundabout,Automatic Traffic Signal,Unclassified,,Daylight: street lights present,Fine (without high winds),Dry,None,None,No overtaking,317580,672610,9658421,Junction,T.V.N.P.,357883,unset,EH129BS,No crossing facility within 50m or physical crossing facility not controlled by authorised person,No physical crossing facility within 50m,At scene
85913,,Slight,2,2,15/02/2013,Friday,15,February,13,14,0,S12000036,C,,Single carriageway - 2 lanes,30,Other junction,Automatic Traffic Signal,Unclassified,,Daylight: street lights present,Fine (without high winds),Dry,None,None,No overtaking,325170,673900,521058,Junction,Bus,357884,unset,EH22JR,No crossing facility within 50m or physical crossing facility not controlled by authorised person,"Pelican, puffin, toucan or similar non-junction pedestrian light crossing",At scene
87013,,Slight,2,1,16/02/2013,Saturday,16,February,13,14,25,S12000036,A,900,Dual carriageway - 2 lanes,30,'T' or staggered junction,Automatic Traffic Signal,Unclassified,,Daylight: street lights present,Fine (without high winds),Dry,None,None,No overtaking,325980,674150,520632,Junction,Bus,357885,unset,EH13BJ,Control by other authorised person,Pedestrian phase at traffic signal junction,At scene
88813,,Slight,2,2,17/02/2013,Sunday,17,February,13,15,15,S12000036,A,90,Dual carriageway - 2 lanes,50,Not at or within 20 metres of junction,unset,\,,Daylight: street lights present,Fine (without high winds),Dry,None,None,No overtaking,312480,678550,555429,Segment,T.V.N.P.,357886,unset,EH309SQ,No crossing facility within 50m or physical crossing facility not controlled by authorised person,No physical crossing facility within 50m,At scene
89913,,Serious,1,1,18/02/2013,Monday,18,February,13,12,49,S12000036,A,8,Dual carriageway - 2 lanes,20,'T' or staggered junction,Automatic Traffic Signal,C,,Daylight: street lights present,Fine (without high winds),Dry,None,None,No overtaking,325690,673960,521076,Junction,Pedestrian,357887,unset,EH22BY,Control by other authorised person,Pedestrian phase at traffic signal junction,At scene
90013,,Slight,1,1,18/02/2013,Monday,18,February,13,7,30,S12000036,A,70,Single carriageway - 2 lanes,30,'T' or staggered junction,Give way sign or markings,Unclassified,,Daylight: street lights present,Fine (without high winds),Dry,None,None,No overtaking,319530,668410,533113,Junction,Pedestrian,357888,unset,EH145DB,Control by other authorised person,Pedestrian phase at traffic signal junction,At scene