acc_ref,beat_no,severity,no_vehicle,no_casualt,a_date,a_day,a_date_day,a_date_mon,a_date_yr,a_time_hr,a_time_min,loc_auth,road1_class,road1_no,road_type,speed_limi,junc_det,junc_ctrl,road2_class,road2_no,light_cond,weather,road_surf,spec_cond,cway_hzrds,ovrtk_patrn,easting,northing,net_id,net_type,acc_type,text_id,division,Postcode,ped_xing_hc,ped_xing_p,place_reported
90713,,Slight,2,1,18/02/2013,Monday,18,February,13,21,30,S12000036,A,90,Single carriageway - 2 lanes,30,Not at or within 20 metres of junction,unset,\,,Darkness: street lights present and lit,Fine (without high winds),Dry,None,None,No overtaking,322760,674260,555564,Segment,Cyclist,357889,unset,EH43HW,No crossing facility within 50m or physical crossing facility not controlled by authorised person,No physical crossing facility within 50m,At scene
90813,,Serious,1,1,19/02/2013,Tuesday,19,February,13,4,0,S12000036,Unclassified,,One way Street,30,Not at or within 20 metres of junction,unset,\,,Darkness: street lighting unknown,Fine (without high winds),Dry,None,None,No overtaking,325890,673670,558251,Segment,Pedestrian,357890,unset,EH11PE,No crossing facility within 50m or physical crossing facility not controlled by authorised person,No physical crossing facility within 50m,At scene
92513,,Serious,1,1,19/02/2013,Tuesday,19,February,13,14,44,S12000036,A,1,Single carriageway - 2 lanes,40,'T' or staggered junction,Give way sign or markings,Unclassified,,Daylight: street lights present,Fine (without high winds),Dry,None,None,No overtaking,330610,672880,532597,Junction,Pedestrian,357891,unset,EH153AS,No crossing facility within 50m or physical crossing facility not controlled by authorised person,No physical crossing facility within 50m,At scene
93213,,Slight,2,1,15/02/2013,Friday,15,February,13,13,34,S12000036,A,90,Single carriageway - 2 lanes,40,Not at or within 20 metres of junction,unset,\,,Daylight: street lights present,Fine (without high winds),Dry,None,None,No overtaking,317900,675380,555438,Segment,T.V.N.P.,357892,unset,EH46DY,No crossing facility within 50m or physical crossing facility not controlled by authorised person,"Pelican, puffin, toucan or similar non-junction pedestrian light crossing",At scene
93613,,Slight,2,1,20/02/2013,Wednesday,20,February,13,7,21,S12000036,Unclassified,,Single carriageway - 2 lanes,30,Not at or within 20 metres of junction,unset,\,,Daylight: street lights present,Fine (without high winds),Dry,None,None,No overtaking,312300,677650,555318,Segment,T.V.N.P.,357893,unset,EH309XS,No crossing facility within 50m or physical crossing facility not controlled by authorised person,No physical crossing facility within 50m,At scene
95213,,Slight,1,1,20/02/2013,Wednesday,20,February,13,17,30,S12000036,A,1140,Single carriageway - 2 lanes,30,Other junction,Give way sign or markings,Unclassified,,Darkness: street lights present and lit,Fine (without high winds),Dry,None,None,No overtaking,329710,674360,523458,Junction,Pedestrian,357894,unset,EH76TH,No crossing facility within 50m or physical crossing facility not controlled by authorised person,Pedestrian phase at traffic signal junction,At scene
95613,,Slight,2,1,20/02/2013,Wednesday,20,February,13,22,5,S12000036,A,700,Single carriageway - 2 lanes,30,'T' or staggered junction,Give way sign or markings,Unclassified,,Darkness: street lights present and lit,Unknown,Dry,None,None,No overtaking,325650,672520,12220073,Junction,Cyclist,357895,unset,EH39EE,No crossing facility within 50m or physical crossing facility not controlled by authorised person,No physical crossing facility within 50m,Elsewhere
95713,,Slight,2,1,20/02/2013,Wednesday,20,February,13,8,30,S12000036,C,,Single carriageway - 2 lanes,30,Crossroads,Automatic Traffic Signal,Unclassified,,Daylight: street lights present,Fine (without high winds),Dry,Road marking defective or obscured,None,No overtaking,325060,674250,520545,Junction,T.V.N.P.,357896,unset,EH36HP,Control by school crossing patrol,"Pelican, puffin, toucan or similar non-junction pedestrian light crossing",At scene
96813,,Slight,1,1,21/02/2013,Thursday,21,February,13,12,15,S12000036,Unclassified,,Single carriageway - 2 lanes,30,Not at or within 20 metres of junction,unset,\,,Daylight: street lights present,Fine (without high winds),Dry,None,None,No overtaking,321750,676820,12226742,Segment,S.V.N.P.,357897,unset,EH44JJ,No crossing facility within 50m or physical crossing facility not controlled by authorised person,No physical crossing facility within 50m,At scene
98213,,Slight,2,1,21/02/2013,Thursday,21,February,13,13,10,S12000036,B,900,Single carriageway - 2 lanes,30,Other junction,Give way sign or markings,Unclassified,,Daylight: street lights present,Fine (without high winds),Dry,None,None,No overtaking,323750,674670,520083,Junction,Cyclist,357898,unset,EH41DG,No crossing facility within 50m or physical crossing facility not controlled by authorised person,"Pelican, puffin, toucan or similar non-junction pedestrian light crossing",At scene
99213,,Slight,2,1,22/02/2013,Friday,22,February,13,22,25,S12000036,Unclassified,,Single carriageway - 2 lanes,30,Crossroads,Automatic Traffic Signal,A,901,Darkness: street lights present and lit,Fine (without high winds),Dry,None,None,No overtaking,326520,676450,531376,Junction,T.V.N.P.,357899,unset,EH66HN,Control by other authorised person,Pedestrian phase at traffic signal junction,At scene
100113,,Slight,1,1,23/02/2013,Saturday,23,February,13,13,0,S12000036,Unclassified,,One way Street,30,'T' or staggered junction,Give way sign or markings,C,,Daylight: street lights present,Fine (without high winds),Dry,None,None,No overtaking,325630,673490,521547,Junction,Pedestrian,357900,unset,EH11RN,No crossing facility within 50m or physical crossing facility not controlled by authorised person,Central refuge - no other controls,At scene
100213,,Slight,1,1,23/02/2013,Saturday,23,February,13,13,55,S12000036,Unclassified,,One way Street,30,'T' or staggered junction,Give way sign or markings,C,,Daylight: street lights present,Fine (without high winds),Dry,None,None,No overtaking,325630,673490,521547,Junction,Pedestrian,357901,unset,EH11RN,No crossing facility within 50m or physical crossing facility not controlled by authorised person,Central refuge - no other controls,At scene
100313,,Slight,2,1,09/02/2013,Saturday,9,February,13,8,15,S12000036,A,199,Single carriageway - 2 lanes,30,Crossroads,Automatic Traffic Signal,Unclassified,,Daylight: street lights present,Raining (without high winds),Dry,None,None,No overtaking,327640,676340,519277,Junction,T.V.N.P.,357902,unset,EH67LA,No crossing facility within 50m or physical crossing facility not controlled by authorised person,Pedestrian phase at traffic signal junction,At scene
101313,,Slight,2,1,24/02/2013,Sunday,24,February,13,8,15,S12000036,A,720,Dual carriageway - 2 lanes,70,Not at or within 20 metres of junction,unset,\,,Darkness: no street lighting,Snowing (without high winds),Dry,None,None,No overtaking,323580,668000,570546,Segment,T.V.N.P.,357903,unset,EH107DS,No crossing facility within 50m or physical crossing facility not controlled by authorised person,No physical crossing facility within 50m,At scene
103013,,Slight,1,1,24/02/2013,Sunday,24,February,13,15,14,S12000036,C,,Single carriageway - 2 lanes,20,Not at or within 20 metres of junction,unset,\,,Daylight: street lights present,Fine (without high winds),Dry,None,None,No overtaking,322020,672240,565409,Segment,Pedestrian,357904,unset,EH113BQ,No crossing facility within 50m or physical crossing facility not controlled by authorised person,No physical crossing facility within 50m,At scene
103113,,Slight,1,1,24/02/2013,Sunday,24,February,13,19,15,S12000036,Unclassified,,Single carriageway - 2 lanes,30,Not at or within 20 metres of junction,unset,\,,Daylight: street lights present,Fine (without high winds),Dry,None,None,No overtaking,324510,671510,0,Unset,Pedestrian,357905,unset,EH104AY,No crossing facility within 50m or physical crossing facility not controlled by authorised person,No physical crossing facility within 50m,At scene
103213,,Slight,2,1,24/02/2013,Sunday,24,February,13,21,43,S12000036,Unclassified,,Single carriageway - 2 lanes,30,Crossroads,Give way sign or markings,Unclassified,,Daylight: street lights present,Fine (without high winds),Dry,None,None,No overtaking,325580,674400,12222985,Junction,T.V.N.P.,357906,unset,EH13PP,Control by other authorised person,Pedestrian phase at traffic signal junction,At scene
103613,,Slight,1,1,24/02/2013,Sunday,24,February,13,0,45,S12000036,C,,Single carriageway - 2 lanes,30,'T' or staggered junction,Automatic Traffic Signal,A,8,Darkness: street lights present and lit,Fine (without high winds),Dry,None,None,No overtaking,325370,673820,521028,Junction,S.V.N.P.,357907,unset,EH22HG,Control by other authorised person,Pedestrian phase at traffic signal junction,Elsewhere
105513,,Slight,2,1,25/02/2013,Monday,25,February,13,16,0,S12000036,C,,Roundabout,30,Roundabout,Give way sign or markings,Unclassified,,Darkness: street lights present and lit,Fine (without high winds),Dry,None,None,No overtaking,326740,673920,521175,Junction,Cyclist,357908,unset,EH88BY,No crossing facility within 50m or physical crossing facility not controlled by authorised person,"Pelican, puffin, toucan or similar non-junction pedestrian light crossing",Elsewhere
105713,,Slight,1,1,25/02/2013,Monday,25,February,13,15,30,S12000036,A,90,Single carriageway - 2 lanes,40,Not at or within 20 metres of junction,unset,\,,Daylight: street lights present,Fine (without high winds),Dry,None,None,No overtaking,319100,674910,0,Unset,Pedestrian,357909,unset,EH46ER,No crossing facility within 50m or physical crossing facility not controlled by authorised person,Central refuge - no other controls,At scene
106413,,Slight,2,1,25/02/2013,Monday,25,February,13,19,7,S12000036,Unclassified,,Single carriageway - 2 lanes,30,'T' or staggered junction,Give way sign or markings,Unclassified,,Darkness: street lights present and lit,Fine (without high winds),Dry,None,None,No overtaking,324240,674690,520116,Junction,T.V.N.P.,357910,unset,EH41DR,No crossing facility within 50m or physical crossing facility not controlled by authorised person,No physical crossing facility within 50m,At scene
107013,,Slight,3,2,25/02/2013,Monday,25,February,13,16,30,S12000036,Unclassified,,Single carriageway - 2 lanes,30,Not at or within 20 metres of junction,unset,\,,Daylight: street lights present,Fine (without high winds),Dry,None,None,No overtaking,328390,668500,2105867,Segment,M.V.N.P.,357911,unset,EH178JX,No crossing facility within 50m or physical crossing facility not controlled by authorised person,No physical crossing facility within 50m,At scene
107513,,Slight,2,1,26/02/2013,Tuesday,26,February,13,12,10,S12000036,B,9085,One way Street,30,'T' or staggered junction,Give way sign or markings,B,9085,Daylight: street lights present,Fine (without high winds),Dry,None,None,No overtaking,320600,675190,519738,Junction,T.V.N.P.,357912,unset,EH45BP,No crossing facility within 50m or physical crossing facility not controlled by authorised person,Pedestrian phase at traffic signal junction,At scene
107613,,Slight,1,1,26/02/2013,Tuesday,26,February,13,13,10,S12000036,C,,Single carriageway - 2 lanes,30,Not at or within 20 metres of junction,unset,\,,Daylight: street lights present,Fine (without high winds),Dry,None,None,No overtaking,323840,672120,554774,Segment,Bus,357913,unset,EH111LH,No crossing facility within 50m or physical crossing facility not controlled by authorised person,No physical crossing facility within 50m,At scene
109113,,Slight,2,1,27/02/2013,Wednesday,27,February,13,9,45,S12000036,C,,Single carriageway - 2 lanes,30,'T' or staggered junction,Give way sign or markings,Unclassified,,Daylight: street lights present,Fine (without high winds),Dry,None,None,No overtaking,326590,671520,529462,Junction,Cyclist,357914,unset,EH92NE,No crossing facility within 50m or physical crossing facility not controlled by authorised person,Central refuge - no other controls,Elsewhere
109613,,Slight,3,1,27/02/2013,Wednesday,27,February,13,8,30,S12000036,A,8,Dual carriageway - 2 lanes,40,Not at or within 20 metres of junction,unset,\,,Daylight: street lights present,Fine (without high winds),Dry,None,None,No overtaking,315930,672330,550758,Segment,M.V.N.P.,357915,unset,EH129BH,No crossing facility within 50m or physical crossing facility not controlled by authorised person,No physical crossing facility within 50m,At scene
109913,,Slight,2,1,27/02/2013,Wednesday,27,February,13,10,5,S12000036,Unclassified,,Single carriageway - 2 lanes,60,'T' or staggered junction,Stop sign,A,6106,Daylight: street lights present,Fine (without high winds),Dry,None,None,No overtaking,330070,673770,529624,Junction,T.V.N.P.,357916,unset,EH151LU,No crossing facility within 50m or physical crossing facility not controlled by authorised person,No physical crossing facility within 50m,Elsewhere
110213,,Slight,3,2,26/02/2013,Tuesday,26,February,13,18,0,S12000036,A,720,Dual carriageway - 2 lanes,50,Not at or within 20 metres of junction,unset,\,,Daylight: street lights present,Fine (without high winds),Dry,None,None,No overtaking,318500,670480,2582067,Segment,M.V.N.P.,357917,unset,EH144AJ,No crossing facility within 50m or physical crossing facility not controlled by authorised person,No physical crossing facility within 50m,At scene
110313,,Slight,1,1,27/02/2013,Wednesday,27,February,13,15,35,S12000036,A,8,Dual carriageway - 2 lanes,40,Not at or within 20 metres of junction,unset,\,,Daylight: street lights present,Fine (without high winds),Dry,None,None,No overtaking,317990,672730,550646,Segment,Pedestrian,357918,unset,EH128LU,No crossing facility within 50m or physical crossing facility not controlled by authorised person,No physical crossing facility within 50m,At scene
110613,,Slight,2,1,27/02/2013,Wednesday,27,February,13,19,40,S12000036,A,71,Dual carriageway - 2 lanes,40,Roundabout,Give way sign or markings,Unclassified,,Darkness: street lights present and lit,Fine (without high winds),Dry,None,None,No overtaking,320080,670830,529672,Junction,T.V.N.P.,357919,unset,EH114AJ,No crossing facility within 50m or physical crossing facility not controlled by authorised person,No physical crossing facility within 50m,At scene
111613,,Slight,2,1,26/02/2013,Tuesday,26,February,13,17,15,S12000036,Motorway,8,Dual carriageway - 2 lanes,70,Slip road,Give way sign or markings,Motorway,8,Daylight: street lights present,Fine (without high winds),Dry,None,None,No overtaking,313120,671250,6452160,Junction,T.V.N.P.,357920,unset,EH288LU,No crossing facility within 50m or physical crossing facility not controlled by authorised person,No physical crossing facility within 50m,Elsewhere
112313,,Slight,1,1,23/02/2013,Saturday,23,February,13,23,25,S12000036,Unclassified,,Single carriageway - 2 lanes,30,Not at or within 20 metres of junction,unset,\,,Darkness: street lights present and lit,Fine (without high winds),Dry,None,None,No overtaking,325040,673380,0,Unset,Pedestrian,357921,unset,EH12EW,No crossing facility within 50m or physical crossing facility not controlled by authorised person,No physical crossing facility within 50m,At scene
112813,,Slight,1,1,28/02/2013,Thursday,28,February,13,15,55,S12000036,Unclassified,,Single carriageway - 2 lanes,30,Not at or within 20 metres of junction,unset,\,,Daylight: street lights present,Fine (without high winds),Dry,None,None,No overtaking,329070,670130,568105,Segment,Pedestrian,357922,unset,EH164ST,No crossing facility within 50m or physical crossing facility not controlled by authorised person,Pedestrian phase at traffic signal junction,Elsewhere
114013,,Serious,2,1,01/03/2013,Friday,1,March,13,10,30,S12000036,A,7,Single carriageway - 2 lanes,30,'T' or staggered junction,Give way sign or markings,Unclassified,,Daylight: street lights present,Fine (without high winds),Dry,None,None,No overtaking,326300,672680,532693,Junction,Cyclist,363682,unset,EH89JG,No crossing facility within 50m or physical crossing facility not controlled by authorised person,Pedestrian phase at traffic signal junction,Elsewhere
114413,,Slight,1,1,01/03/2013,Friday,1,March,13,13,15,S12000036,Unclassified,,Single carriageway - 2 lanes,30,'T' or staggered junction,Give way sign or markings,Unclassified,,Daylight: street lights present,Fine (without high winds),Dry,None,None,No overtaking,322660,675700,519385,Junction,Pedestrian,363683,unset,EH44AG,No crossing facility within 50m or physical crossing facility not controlled by authorised person,Pedestrian phase at traffic signal junction,At scene
114713,,Slight,2,1,01/03/2013,Friday,1,March,13,13,40,S12000036,Unclassified,,Single carriageway - 2 lanes,30,Not at or within 20 metres of junction,unset,\,,Daylight: street lights present,Fine (without high winds),Dry,None,None,No overtaking,326560,672130,569300,Segment,T.V.N.P.,363684,unset,EH92BR,No crossing facility within 50m or physical crossing facility not controlled by authorised person,No physical crossing facility within 50m,At scene
114913,,Slight,1,1,01/03/2013,Friday,1,March,13,11,45,S12000036,B,700,Single carriageway - 2 lanes,30,Crossroads,Automatic Traffic Signal,A,702,Daylight: street lights present,Fine (without high winds),Dry,None,None,No overtaking,324800,673190,521406,Junction,Bus,363685,unset,EH38BJ,No crossing facility within 50m or physical crossing facility not controlled by authorised person,Pedestrian phase at traffic signal junction,At scene
115113,,Slight,1,1,01/03/2013,Friday,1,March,13,12,0,S12000036,Unclassified,,Single carriageway - 2 lanes,30,Not at or within 20 metres of junction,unset,\,,Daylight: street lights present,Fine (without high winds),Dry,None,None,No overtaking,326480,673530,0,Unset,Pedestrian,363686,unset,EH89UG,No crossing facility within 50m or physical crossing facility not controlled by authorised person,No physical crossing facility within 50m,At scene
115713,,Slight,2,1,02/03/2013,Saturday,2,March,13,0,10,S12000036,Unclassified,,Single carriageway - 2 lanes,40,Not at or within 20 metres of junction,unset,\,,Darkness: street lights present and lit,Fine (without high winds),Dry,None,None,No overtaking,330070,673780,529624,Junction,T.V.N.P.,363687,unset,EH151LU,No crossing facility within 50m or physical crossing facility not controlled by authorised person,No physical crossing facility within 50m,At scene
117613,,Slight,2,1,01/03/2013,Friday,1,March,13,17,50,S12000036,Unclassified,,Single carriageway - 2 lanes,30,Not at or within 20 metres of junction,unset,\,,Darkness: street lights present and lit,Fine (without high winds),Dry,None,None,No overtaking,320640,671780,565352,Segment,Cyclist,363688,unset,EH113NR,No crossing facility within 50m or physical crossing facility not controlled by authorised person,"Pelican, puffin, toucan or similar non-junction pedestrian light crossing",At scene
117713,,Slight,1,1,02/03/2013,Saturday,2,March,13,19,10,S12000036,Unclassified,,Single carriageway - 2 lanes,30,Not at or within 20 metres of junction,unset,\,,Darkness: street lights present and lit,Fine (without high winds),Dry,None,None,No overtaking,320260,669510,565058,Segment,Bus,363689,unset,EH143BG,No crossing facility within 50m or physical crossing facility not controlled by authorised person,Zebra crossing,At scene
121413,,Slight,1,3,04/03/2013,Monday,4,March,13,23,38,S12000036,A,720,Dual carriageway - 2 lanes,60,Not at or within 20 metres of junction,unset,\,,Daylight: street lights present,Fine (without high winds),Dry,None,None,No overtaking,323530,668020,570534,Segment,S.V.N.P.,363690,unset,EH107DS,No crossing facility within 50m or physical crossing facility not controlled by authorised person,No physical crossing facility within 50m,At scene
121913,,Slight,2,1,05/03/2013,Tuesday,5,March,13,8,30,S12000036,Unclassified,,Single carriageway - 2 lanes,30,Crossroads,Automatic Traffic Signal,Unclassified,,Daylight: street lights present,Fine (without high winds),Dry,None,None,No overtaking,326730,671820,529477,Junction,Cyclist,363691,unset,EH92BT,No crossing facility within 50m or physical crossing facility not controlled by authorised person,"Pelican, puffin, toucan or similar non-junction pedestrian light crossing",At scene
122513,,Slight,1,1,05/03/2013,Tuesday,5,March,13,11,10,S12000036,C,,Dual carriageway - 2 lanes,30,Not at or within 20 metres of junction,unset,\,,Daylight: street lights present,Fine (without high winds),Dry,None,None,No overtaking,326040,674410,558575,Segment,Pedestrian,363692,unset,EH13JT,Control by school crossing patrol,"Pelican, puffin, toucan or similar non-junction pedestrian light crossing",At scene
123313,,Slight,1,1,02/03/2013,Saturday,2,March,13,19,0,S12000036,A,7,Single carriageway - 2 lanes,30,Not at or within 20 metres of junction,unset,\,,Darkness: street lights present and lit,Fine (without high winds),Dry,None,None,No overtaking,326120,673140,569282,Segment,Bus,363693,unset,EH89DT,No crossing facility within 50m or physical crossing facility not controlled by authorised person,Pedestrian phase at traffic signal junction,Elsewhere
125113,,Slight,1,1,06/03/2013,Wednesday,6,March,13,16,50,S12000036,Unclassified,,Dual carriageway - 2 lanes,30,Not at or within 20 metres of junction,unset,\,,Daylight: street lights present,Fine (without high winds),Dry,None,None,No overtaking,324370,673070,10331542,Segment,Bus,363694,unset,EH38AZ,No crossing facility within 50m or physical crossing facility not controlled by authorised person,"Pelican, puffin, toucan or similar non-junction pedestrian light crossing",Elsewhere
125413,,Slight,2,2,22/02/2013,Friday,22,February,13,11,30,S12000036,Unclassified,,Single carriageway - 2 lanes,30,'T' or staggered junction,Automatic Traffic Signal,Unclassified,,Daylight: street lights present,Fine (without high winds),Dry,None,None,No overtaking,322350,671100,523488,Junction,Bus,357923,unset,EH141QA,No crossing facility within 50m or physical crossing facility not controlled by authorised person,Pedestrian phase at traffic signal junction,At scene
126113,,Serious,2,1,05/03/2013,Tuesday,5,March,13,15,0,S12000036,A,702,Single carriageway - 2 lanes,30,Multiple junction,Automatic Traffic Signal,A,702,Daylight: street lights present,Fine (without high winds),Dry,None,None,No overtaking,324920,672950,533368,Junction,Cyclist,363695,unset,EH39LY,No crossing facility within 50m or physical crossing facility not controlled by authorised person,Pedestrian phase at traffic signal junction,Elsewhere
126213,,Slight,2,1,02/03/2013,Saturday,2,March,13,18,30,S12000036,A,1140,Single carriageway - 2 lanes,30,Crossroads,Give way sign or markings,Unclassified,,Darkness: street lights present and lit,Fine (without high winds),Dry,None,None,No overtaking,328860,674200,523410,Junction,Cyclist,363696,unset,EH87BR,No crossing facility within 50m or physical crossing facility not controlled by authorised person,"Pelican, puffin, toucan or similar non-junction pedestrian light crossing",At scene
126513,,Slight,1,1,06/03/2013,Wednesday,6,March,13,10,45,S12000036,Unclassified,,Single carriageway - 2 lanes,30,Crossroads,Give way sign or markings,Unclassified,,Daylight: street lights present,Fine (without high winds),Dry,None,None,No overtaking,323830,670440,12228564,Junction,Pedestrian,363697,unset,EH105PS,No crossing facility within 50m or physical crossing facility not controlled by authorised person,No physical crossing facility within 50m,At scene
126613,,Slight,1,1,24/02/2013,Sunday,24,February,13,3,16,S12000036,A,900,Dual carriageway - 2 lanes,30,Not at or within 20 metres of junction,unset,\,,Darkness: street lights present and lit,Raining (without high winds),Dry,None,None,No overtaking,326070,674420,558509,Segment,S.V.N.P.,357924,unset,EH13NQ,No crossing facility within 50m or physical crossing facility not controlled by authorised person,No physical crossing facility within 50m,At scene
126713,,Slight,2,1,07/03/2013,Thursday,7,March,13,6,50,S12000036,C,,Single carriageway - 2 lanes,30,'T' or staggered junction,Give way sign or markings,Unclassified,,Daylight: street lights present,Raining (without high winds),Dry,None,None,No overtaking,320060,672600,521715,Junction,T.V.N.P.,363698,unset,EH127JJ,No crossing facility within 50m or physical crossing facility not controlled by authorised person,No physical crossing facility within 50m,At scene
128413,,Slight,1,1,08/03/2013,Friday,8,March,13,13,22,S12000036,C,,Single carriageway - 2 lanes,30,Crossroads,Automatic Traffic Signal,Unclassified,,Daylight: street lights present,Fine (without high winds),Dry,Road works present,None,No overtaking,328810,671620,523773,Junction,Pedestrian,363699,unset,EH164BX,No crossing facility within 50m or physical crossing facility not controlled by authorised person,No physical crossing facility within 50m,At scene
128513,,Slight,2,1,07/03/2013,Thursday,7,March,13,11,15,S12000036,A,902,Single carriageway - 2 lanes,30,'T' or staggered junction,Automatic Traffic Signal,Unclassified,,Daylight: street lights present,Fine (without high winds),Dry,None,None,No overtaking,322480,674960,520062,Junction,T.V.N.P.,363700,unset,EH42NG,No crossing facility within 50m or physical crossing facility not controlled by authorised person,No physical crossing facility within 50m,At scene
129813,,Serious,2,1,02/03/2013,Saturday,2,March,13,6,40,S12000036,Unclassified,,Single carriageway - 2 lanes,30,Not at or within 20 metres of junction,unset,\,,Daylight: street lights present,Fine (without high winds),Dry,None,None,No overtaking,325670,673950,0,Unset,Cyclist,363701,unset,EH22EJ,No crossing facility within 50m or physical crossing facility not controlled by authorised person,Pedestrian phase at traffic signal junction,Elsewhere
129913,,Slight,2,1,04/03/2013,Monday,4,March,13,9,10,S12000036,C,,Single carriageway - 2 lanes,30,Crossroads,Automatic Traffic Signal,Unclassified,,Daylight: street lights present,Unknown,Dry,None,None,No overtaking,326520,671750,529468,Junction,Cyclist,363702,unset,EH92NJ,Control by other authorised person,Pedestrian phase at traffic signal junction,Elsewhere
130513,,Slight,1,1,09/03/2013,Saturday,9,March,13,10,40,S12000036,B,9085,Single carriageway - 2 lanes,30,Mini-roundabout,Give way sign or markings,Unclassified,,Daylight: street lights present,Raining (without high winds),Dry,None,None,No overtaking,320550,675430,519747,Junction,Pedestrian,363703,unset,EH45BX,No crossing facility within 50m or physical crossing facility not controlled by authorised person,Central refuge - no other controls,At scene
130713,,Slight,2,1,09/03/2013,Saturday,9,March,13,13,0,S12000036,C,,Single carriageway - 2 lanes,30,Not at or within 20 metres of junction,unset,\,,Daylight: street lights present,Fine (without high winds),Dry,None,None,No overtaking,322750,669330,564752,Segment,T.V.N.P.,363704,unset,EH139AH,No crossing facility within 50m or physical crossing facility not controlled by authorised person,No physical crossing facility within 50m,Elsewhere
130813,,Slight,1,1,08/03/2013,Friday,8,March,13,13,30,S12000036,A,6095,Single carriageway - 2 lanes,30,Not at or within 20 metres of junction,unset,\,,Daylight: street lights present,Fine (without high winds),Dry,Road works present,None,No overtaking,329120,671680,553859,Segment,Pedestrian,363705,unset,EH164DS,No crossing facility within 50m or physical crossing facility not controlled by authorised person,"Pelican, puffin, toucan or similar non-junction pedestrian light crossing",At scene
130913,,Slight,2,1,09/03/2013,Saturday,9,March,13,18,0,S12000036,A,7,Single carriageway - 2 lanes,30,Not at or within 20 metres of junction,unset,\,,Darkness: street lights present and lit,Fine (without high winds),Dry,None,None,No overtaking,326110,673150,569282,Segment,Pedestrian,363706,unset,EH89BZ,No crossing facility within 50m or physical crossing facility not controlled by authorised person,No physical crossing facility within 50m,At scene
134513,,Slight,4,1,11/03/2013,Monday,11,March,13,12,10,S12000036,A,720,Dual carriageway - 2 lanes,70,Slip road,Give way sign or markings,A,720,Daylight: street lights present,Snowing (without high winds),Dry,None,None,No overtaking,320230,669030,2578952,Junction,M.V.N.P.,363707,unset,EH145BP,No crossing facility within 50m or physical crossing facility not controlled by authorised person,No physical crossing facility within 50m,At scene
134713,,Slight,2,2,07/03/2013,Thursday,7,March,13,17,0,S12000036,Unclassified,,Single carriageway - 2 lanes,30,Not at or within 20 metres of junction,unset,\,,Daylight: street lights present,Fine (without high winds),Dry,None,None,No overtaking,327730,674480,557890,Segment,T.V.N.P.,363708,unset,EH76AH,No crossing facility within 50m or physical crossing facility not controlled by authorised person,No physical crossing facility within 50m,Elsewhere
134813,,Slight,1,1,11/03/2013,Monday,11,March,13,12,35,S12000036,A,6095,Single carriageway - 2 lanes,30,'T' or staggered junction,Give way sign or markings,Unclassified,,Daylight: street lights present,Fine (without high winds),Dry,None,None,No overtaking,329000,671670,523770,Junction,Pedestrian,363709,unset,EH164BG,No crossing facility within 50m or physical crossing facility not controlled by authorised person,"Pelican, puffin, toucan or similar non-junction pedestrian light crossing",Elsewhere
134913,,Slight,2,1,07/03/2013,Thursday,7,March,13,23,1,S12000036,B,901,Single carriageway - 2 lanes,30,'T' or staggered junction,Give way sign or markings,Unclassified,,Darkness: street lights present and lit,Fine (without high winds),Dry,None,None,No overtaking,325870,674490,520611,Junction,Cyclist,363710,unset,EH13QR,No crossing facility within 50m or physical crossing facility not controlled by authorised person,No physical crossing facility within 50m,At scene
141113,,Slight,1,1,13/03/2013,Wednesday,13,March,13,9,10,S12000036,A,701,Single carriageway - 2 lanes,30,Other junction,Give way sign or markings,Unclassified,,Daylight: street lights present,Fine (without high winds),Dry,None,None,No overtaking,327150,671060,529600,Junction,Pedestrian,363711,unset,EH165PT,No crossing facility within 50m or physical crossing facility not controlled by authorised person,Pedestrian phase at traffic signal junction,At scene
143113,,Slight,1,1,13/03/2013,Wednesday,13,March,13,15,30,S12000036,A,7,Single carriageway - 2 lanes,20,'T' or staggered junction,Give way sign or markings,Unclassified,,Daylight: street lights present,Fine (without high winds),Dry,None,None,No overtaking,326100,673170,521580,Junction,Pedestrian,363712,unset,EH89BZ,No crossing facility within 50m or physical crossing facility not controlled by authorised person,Central refuge - no other controls,At scene
143613,,Slight,4,3,14/03/2013,Thursday,14,March,13,10,7,S12000036,A,720,Dual carriageway - 2 lanes,70,Not at or within 20 metres of junction,unset,\,,Daylight: street lights present,Fine (without high winds),Dry,None,None,No overtaking,320260,668970,570555,Segment,M.V.N.P.,363713,unset,EH145BQ,No crossing facility within 50m or physical crossing facility not controlled by authorised person,No physical crossing facility within 50m,At scene
145813,,Slight,2,2,14/03/2013,Thursday,14,March,13,15,30,S12000036,Unclassified,,Single carriageway - 2 lanes,30,'T' or staggered junction,Give way sign or markings,Unclassified,,Daylight: street lights present,Fine (without high winds),Dry,None,None,No overtaking,319370,670790,9659683,Junction,T.V.N.P.,363714,unset,EH114AA,No crossing facility within 50m or physical crossing facility not controlled by authorised person,No physical crossing facility within 50m,At scene