acc_ref,beat_no,severity,no_vehicle,no_casualt,a_date,a_day,a_date_day,a_date_mon,a_date_yr,a_time_hr,a_time_min,loc_auth,road1_class,road1_no,road_type,speed_limi,junc_det,junc_ctrl,road2_class,road2_no,light_cond,weather,road_surf,spec_cond,cway_hzrds,ovrtk_patrn,easting,northing,net_id,net_type,acc_type,text_id,division,Postcode,ped_xing_hc,ped_xing_p,place_reported
145913,,Slight,3,1,14/03/2013,Thursday,14,March,13,20,21,S12000036,Unclassified,,Single carriageway - 2 lanes,30,Crossroads,Give way sign or markings,Unclassified,,Daylight: street lights present,Fine (without high winds),Dry,None,None,No overtaking,318710,670930,12232039,Junction,M.V.N.P.,363715,unset,EH114DT,No crossing facility within 50m or physical crossing facility not controlled by authorised person,No physical crossing facility within 50m,At scene
146713,,Slight,1,1,15/03/2013,Friday,15,March,13,20,20,S12000036,Motorway,8,Dual carriageway - 2 lanes,70,Not at or within 20 metres of junction,unset,\,,Darkness: no street lighting,Fine (without high winds),Dry,None,None,No overtaking,316760,670350,6452114,Segment,S.V.N.P.,363716,unset,EH129BZ,No crossing facility within 50m or physical crossing facility not controlled by authorised person,No physical crossing facility within 50m,At scene
146813,,Slight,1,1,15/03/2013,Friday,15,March,13,19,40,S12000036,A,71,Dual carriageway - 2 lanes,40,Not at or within 20 metres of junction,unset,\,,Darkness: street lights present and lit,Fine (without high winds),Dry,None,None,No overtaking,318960,670520,549701,Segment,Bus,363717,unset,EH114HX,No crossing facility within 50m or physical crossing facility not controlled by authorised person,No physical crossing facility within 50m,Elsewhere
149413,,Slight,3,2,14/03/2013,Thursday,14,March,13,16,20,S12000036,A,720,Dual carriageway - 2 lanes,70,Not at or within 20 metres of junction,unset,\,,Daylight: street lights present,Fine (without high winds),Dry,None,None,No overtaking,325180,667430,0,Unset,M.V.N.P.,363718,unset,EH107DUA,No crossing facility within 50m or physical crossing facility not controlled by authorised person,No physical crossing facility within 50m,At scene
149513,,Slight,1,1,15/03/2013,Friday,15,March,13,16,25,S12000036,Unclassified,,Single carriageway - 2 lanes,30,Not at or within 20 metres of junction,unset,\,,Daylight: street lights present,Fine (without high winds),Dry,None,None,No overtaking,323710,676560,570123,Segment,Bus,363719,unset,EH52DB,No crossing facility within 50m or physical crossing facility not controlled by authorised person,No physical crossing facility within 50m,Elsewhere
149613,,Serious,2,1,17/03/2013,Sunday,17,March,13,20,0,S12000036,A,901,Roundabout,30,Roundabout,Give way sign or markings,Unclassified,,Darkness: street lights present and lit,Raining (without high winds),Dry,None,None,No overtaking,323710,677130,518896,Junction,Cyclist,363720,unset,EH51HE,No crossing facility within 50m or physical crossing facility not controlled by authorised person,No physical crossing facility within 50m,At scene
150613,,Slight,2,1,18/03/2013,Monday,18,March,13,10,40,S12000036,A,6095,Single carriageway - 2 lanes,30,Crossroads,Automatic Traffic Signal,Unclassified,,Daylight: street lights present,Raining (without high winds),Dry,None,None,No overtaking,330490,671750,530029,Junction,T.V.N.P.,363721,unset,EH164ND,No crossing facility within 50m or physical crossing facility not controlled by authorised person,Pedestrian phase at traffic signal junction,At scene
150713,,Slight,1,1,15/03/2013,Friday,15,March,13,21,30,S12000036,B,900,Single carriageway - 2 lanes,30,Crossroads,Automatic Traffic Signal,B,900,Darkness: street lights present and lit,Raining (without high winds),Dry,None,None,No overtaking,324570,674620,520152,Junction,S.V.N.P.,363722,unset,EH41LR,No crossing facility within 50m or physical crossing facility not controlled by authorised person,Pedestrian phase at traffic signal junction,Elsewhere
151113,,Slight,1,1,19/03/2013,Tuesday,19,March,13,6,10,S12000036,Motorway,8,Dual carriageway - 2 lanes,70,Not at or within 20 metres of junction,unset,\,,Daylight: street lights present,Snowing with high winds,Dry,None,None,No overtaking,316580,670400,6452114,Segment,S.V.N.P.,363723,unset,EH129BZ,No crossing facility within 50m or physical crossing facility not controlled by authorised person,No physical crossing facility within 50m,At scene
152313,,Slight,2,1,19/03/2013,Tuesday,19,March,13,10,10,S12000036,A,902,Dual carriageway - 2 lanes,30,Not at or within 20 metres of junction,unset,\,,Daylight: street lights present,Snowing with high winds,Dry,None,None,No overtaking,321650,674900,563728,Segment,T.V.N.P.,363724,unset,EH42BA,No crossing facility within 50m or physical crossing facility not controlled by authorised person,Pedestrian phase at traffic signal junction,At scene
155713,,Slight,2,1,16/03/2013,Saturday,16,March,13,14,25,S12000036,A,700,Single carriageway - 2 lanes,30,'T' or staggered junction,Give way sign or markings,Unclassified,,Daylight: street lights present,Raining (without high winds),Dry,None,None,No overtaking,325080,672810,521859,Junction,Cyclist,363725,unset,EH39JU,No crossing facility within 50m or physical crossing facility not controlled by authorised person,"Pelican, puffin, toucan or similar non-junction pedestrian light crossing",Elsewhere
156513,,Slight,1,1,08/03/2013,Friday,8,March,13,20,10,S12000036,A,199,Single carriageway - 2 lanes,30,Not at or within 20 metres of junction,unset,\,,Darkness: street lights present and lit,Raining (without high winds),Dry,None,None,No overtaking,328250,675970,563284,Segment,Pedestrian,363726,unset,EH67JZ,No crossing facility within 50m or physical crossing facility not controlled by authorised person,No physical crossing facility within 50m,At scene
157213,,Serious,3,3,21/03/2013,Thursday,21,March,13,6,40,S12000036,A,71,Single carriageway - 2 lanes,50,Not at or within 20 metres of junction,unset,\,,Daylight: street lights present,Fine (without high winds),Dry,None,Involvement with previous accident,No overtaking,313920,668970,549671,Segment,Pedestrian,363727,unset,EH278EB,No crossing facility within 50m or physical crossing facility not controlled by authorised person,No physical crossing facility within 50m,At scene
157713,,Serious,1,1,21/03/2013,Thursday,21,March,13,9,30,S12000036,Unclassified,,One way Street,30,Not at or within 20 metres of junction,unset,\,,Daylight: street lights present,Fine (without high winds),Dry,None,None,No overtaking,329100,673360,553279,Segment,Pedestrian,363728,unset,EH87RR,No crossing facility within 50m or physical crossing facility not controlled by authorised person,No physical crossing facility within 50m,At scene
157913,,Slight,1,1,16/03/2013,Saturday,16,March,13,0,30,S12000036,C,,Dual carriageway - 2 lanes,30,Not at or within 20 metres of junction,unset,\,,Daylight: street lights present,Fine (without high winds),Dry,None,None,No overtaking,325200,673990,566570,Segment,Pedestrian,363729,unset,EH22LR,No crossing facility within 50m or physical crossing facility not controlled by authorised person,No physical crossing facility within 50m,At scene
158413,,Serious,1,1,21/03/2013,Thursday,21,March,13,16,0,S12000036,Unclassified,,Single carriageway - 2 lanes,30,Not at or within 20 metres of junction,unset,\,,Daylight: street lights present,Fine (without high winds),Dry,None,None,No overtaking,324630,676740,0,Unset,Bus,363730,unset,EH53JW,No crossing facility within 50m or physical crossing facility not controlled by authorised person,No physical crossing facility within 50m,At scene
158613,,Fatal,1,1,21/03/2013,Thursday,21,March,13,19,50,S12000036,Unclassified,,Single carriageway - 2 lanes,30,'T' or staggered junction,Give way sign or markings,Unclassified,,Darkness: street lights present and lit,Fine (without high winds),Dry,None,None,No overtaking,323950,673660,520866,Junction,Pedestrian,363731,unset,EH125AY,No crossing facility within 50m or physical crossing facility not controlled by authorised person,No physical crossing facility within 50m,At scene
159513,,Slight,1,1,22/03/2013,Friday,22,March,13,12,15,S12000036,Unclassified,,Single carriageway - 2 lanes,20,Not at or within 20 metres of junction,unset,\,,Daylight: street lights present,Fine (without high winds),Dry,None,None,No overtaking,328930,668720,0,Unset,Pedestrian,363732,unset,EH178NL,No crossing facility within 50m or physical crossing facility not controlled by authorised person,No physical crossing facility within 50m,At scene
160213,,Slight,2,1,22/03/2013,Friday,22,March,13,20,30,S12000036,Unclassified,,Single carriageway - 2 lanes,30,'T' or staggered junction,Give way sign or markings,Unclassified,,Darkness: street lights present and lit,Raining (without high winds),Dry,None,None,No overtaking,321800,675540,530374,Junction,Cyclist,363733,unset,EH44PH,No crossing facility within 50m or physical crossing facility not controlled by authorised person,"Pelican, puffin, toucan or similar non-junction pedestrian light crossing",At scene
161813,,Slight,1,1,23/03/2013,Saturday,23,March,13,22,30,S12000036,A,90,Single carriageway - 2 lanes,30,Not at or within 20 metres of junction,unset,\,,Darkness: street lights present and lit,Fine (without high winds),Dry,None,None,No overtaking,324690,673790,556023,Segment,Pedestrian,363734,unset,EH24DR,No crossing facility within 50m or physical crossing facility not controlled by authorised person,No physical crossing facility within 50m,At scene
163413,,Slight,2,5,24/03/2013,Sunday,24,March,13,14,50,S12000036,Unclassified,,Single carriageway - 2 lanes,30,Crossroads,Give way sign or markings,Unclassified,,Daylight: street lights present,Fine (without high winds),Dry,Permanent road signing or marking defective or obscured,None,No overtaking,318710,670920,12232039,Junction,T.V.N.P.,363735,unset,EH114EJ,No crossing facility within 50m or physical crossing facility not controlled by authorised person,No physical crossing facility within 50m,At scene
163713,,Slight,1,1,23/03/2013,Saturday,23,March,13,21,18,S12000036,Unclassified,,Single carriageway - 2 lanes,30,Not at or within 20 metres of junction,unset,\,,Darkness: street lights present and lit,Other,Dry,None,None,No overtaking,321940,670710,564608,Segment,S.V.N.P.,363736,unset,EH142EP,No crossing facility within 50m or physical crossing facility not controlled by authorised person,No physical crossing facility within 50m,At scene
163913,,Serious,1,1,24/03/2013,Sunday,24,March,13,2,0,S12000036,A,900,Single carriageway - 2 lanes,30,'T' or staggered junction,Automatic Traffic Signal,Unclassified,,Darkness: street lighting unknown,Fine (without high winds),Dry,None,None,No overtaking,325960,674120,520632,Junction,Pedestrian,363737,unset,EH13AT,No crossing facility within 50m or physical crossing facility not controlled by authorised person,No physical crossing facility within 50m,At scene
164013,,Slight,2,4,24/03/2013,Sunday,24,March,13,4,0,S12000036,A,71,Single carriageway - 2 lanes,60,Not at or within 20 metres of junction,unset,\,,Darkness: no street lighting,Fine (without high winds),Dry,None,None,No overtaking,316290,669820,549650,Segment,T.V.N.P.,363738,unset,EH144AG,No crossing facility within 50m or physical crossing facility not controlled by authorised person,No physical crossing facility within 50m,At scene
164813,,Slight,2,1,25/03/2013,Monday,25,March,13,9,15,S12000036,Unclassified,,Single carriageway - 2 lanes,30,'T' or staggered junction,Stop sign,Unclassified,,Daylight: street lights present,Fine (without high winds),Dry,None,None,No overtaking,328250,670450,0,Unset,T.V.N.P.,363739,unset,EH165SX,No crossing facility within 50m or physical crossing facility not controlled by authorised person,No physical crossing facility within 50m,At scene
165013,,Slight,2,1,25/03/2013,Monday,25,March,13,14,15,S12000036,Unclassified,,Single carriageway - 2 lanes,30,'T' or staggered junction,Give way sign or markings,Unclassified,,Daylight: street lights present,Fine with high winds,Dry,None,None,No overtaking,326090,672930,532711,Junction,Cyclist,363740,unset,EH89JR,No crossing facility within 50m or physical crossing facility not controlled by authorised person,No physical crossing facility within 50m,Elsewhere
165513,,Slight,2,1,25/03/2013,Monday,25,March,13,8,0,S12000036,A,71,Single carriageway - 2 lanes,30,Not at or within 20 metres of junction,unset,\,,Daylight: street lights present,Fine (without high winds),Dry,None,None,No overtaking,322490,672080,549740,Segment,Cyclist,363741,unset,EH112RW,No crossing facility within 50m or physical crossing facility not controlled by authorised person,No physical crossing facility within 50m,Elsewhere
166913,,Slight,1,1,25/03/2013,Monday,25,March,13,21,25,S12000036,A,8,Single carriageway - 2 lanes,30,Not at or within 20 metres of junction,unset,\,,Daylight: street lights present,Fine (without high winds),Dry,None,None,No overtaking,319650,672980,521694,Junction,Bus,363742,unset,EH127XA,No crossing facility within 50m or physical crossing facility not controlled by authorised person,No physical crossing facility within 50m,Elsewhere
167313,,Slight,2,1,26/03/2013,Tuesday,26,March,13,13,42,S12000036,A,7,Single carriageway - 2 lanes,30,Not at or within 20 metres of junction,unset,\,,Daylight: street lights present,Fine (without high winds),Dry,None,None,No overtaking,327850,671090,568093,Segment,T.V.N.P.,363743,unset,EH165UF,No crossing facility within 50m or physical crossing facility not controlled by authorised person,No physical crossing facility within 50m,At scene
167413,,Slight,2,1,26/03/2013,Tuesday,26,March,13,9,10,S12000036,B,701,Single carriageway - 2 lanes,30,'T' or staggered junction,Give way sign or markings,Unclassified,,Daylight: street lights present,Fine (without high winds),Dry,None,None,No overtaking,322120,668880,533038,Junction,T.V.N.P.,363744,unset,EH130AA,No crossing facility within 50m or physical crossing facility not controlled by authorised person,No physical crossing facility within 50m,At scene
167713,,Slight,2,1,26/03/2013,Tuesday,26,March,13,11,0,S12000036,A,90,Single carriageway - 2 lanes,40,Not at or within 20 metres of junction,unset,\,,Daylight: street lights present,Unknown,Dry,None,None,No overtaking,318050,675180,555450,Segment,T.V.N.P.,363745,unset,EH46AT,No crossing facility within 50m or physical crossing facility not controlled by authorised person,"Pelican, puffin, toucan or similar non-junction pedestrian light crossing",Elsewhere
167913,,Slight,2,3,26/03/2013,Tuesday,26,March,13,16,0,S12000036,C,,Single carriageway - 2 lanes,30,Crossroads,Automatic Traffic Signal,B,1350,Daylight: street lights present,Fine (without high winds),Dry,None,None,No overtaking,326920,674460,520680,Junction,T.V.N.P.,363746,unset,EH75DR,No crossing facility within 50m or physical crossing facility not controlled by authorised person,Pedestrian phase at traffic signal junction,At scene
169413,,Slight,1,1,11/03/2013,Monday,11,March,13,11,25,S12000036,Unclassified,,Single carriageway - 2 lanes,30,Not at or within 20 metres of junction,unset,\,,Daylight: street lights present,Snowing (without high winds),Dry,None,None,No overtaking,325860,673780,569724,Segment,Pedestrian,363747,unset,EH11BB,No crossing facility within 50m or physical crossing facility not controlled by authorised person,"Pelican, puffin, toucan or similar non-junction pedestrian light crossing",At scene
170413,,Slight,1,1,27/03/2013,Wednesday,27,March,13,21,15,S12000036,Unclassified,,Roundabout,40,Roundabout,Give way sign or markings,Unclassified,,Darkness: street lights present and lit,Fine (without high winds),Dry,None,None,No overtaking,317900,672300,9658481,Junction,S.V.N.P.,363748,unset,EH129DF,No crossing facility within 50m or physical crossing facility not controlled by authorised person,No physical crossing facility within 50m,At scene
173713,,Serious,1,2,30/03/2013,Saturday,30,March,13,1,45,S12000036,Unclassified,,Single carriageway - 2 lanes,40,Not at or within 20 metres of junction,unset,\,,Darkness: no street lighting,Snowing (without high winds),Dry,None,None,No overtaking,313920,675470,0,Unset,S.V.N.P.,363749,unset,EH299EH,No crossing facility within 50m or physical crossing facility not controlled by authorised person,No physical crossing facility within 50m,At scene
173913,,Slight,2,1,27/03/2013,Wednesday,27,March,13,10,50,S12000036,Unclassified,,Single carriageway - 2 lanes,30,Other junction,Give way sign or markings,C,,Daylight: street lights present,Fine (without high winds),Dry,None,None,No overtaking,326840,674130,520698,Junction,T.V.N.P.,363750,unset,EH88EB,No crossing facility within 50m or physical crossing facility not controlled by authorised person,Pedestrian phase at traffic signal junction,Elsewhere
174113,,Slight,1,2,28/03/2013,Thursday,28,March,13,20,35,S12000036,A,720,Dual carriageway - 2 lanes,70,Not at or within 20 metres of junction,unset,\,,Darkness: no street lighting,Fine (without high winds),Dry,None,None,No overtaking,322670,668040,570552,Segment,S.V.N.P.,363751,unset,EH139QP,No crossing facility within 50m or physical crossing facility not controlled by authorised person,No physical crossing facility within 50m,At scene
174213,,Slight,1,1,30/03/2013,Saturday,30,March,13,4,0,S12000036,A,199,Single carriageway - 2 lanes,40,Not at or within 20 metres of junction,unset,\,,Darkness: street lights present and lit,Fine (without high winds),Dry,None,None,No overtaking,329130,675570,563287,Segment,S.V.N.P.,363752,unset,EH151TB,No crossing facility within 50m or physical crossing facility not controlled by authorised person,No physical crossing facility within 50m,At scene
174613,,Slight,2,1,01/04/2013,Monday,1,April,13,10,40,S12000036,Unclassified,,Single carriageway - 2 lanes,30,'T' or staggered junction,Give way sign or markings,Unclassified,,Daylight: street lights present,Fine (without high winds),Dry,None,None,No overtaking,325930,671080,533410,Junction,Cyclist,367457,unset,EH93HU,Control by other authorised person,Pedestrian phase at traffic signal junction,At scene
175213,,Serious,1,1,01/04/2013,Monday,1,April,13,13,20,S12000036,Unclassified,,Single carriageway - 2 lanes,30,Not at or within 20 metres of junction,unset,\,,Daylight: street lights present,Fine (without high winds),Dry,None,None,No overtaking,326120,675780,558922,Segment,Pedestrian,367458,unset,EH65QA,No crossing facility within 50m or physical crossing facility not controlled by authorised person,No physical crossing facility within 50m,At scene
177513,,Slight,1,1,01/04/2013,Monday,1,April,13,17,20,S12000036,A,71,Roundabout,30,Roundabout,Give way sign or markings,C,,Daylight: street lights present,Fine (without high winds),Dry,None,None,No overtaking,320770,671110,529501,Junction,Bus,367459,unset,EH113PA,No crossing facility within 50m or physical crossing facility not controlled by authorised person,No physical crossing facility within 50m,Elsewhere
177713,,Slight,2,1,02/04/2013,Tuesday,2,April,13,10,50,S12000036,A,700,Single carriageway - 2 lanes,30,Not at or within 20 metres of junction,unset,\,,Daylight: street lights present,Fine (without high winds),Dry,None,None,No overtaking,326120,672530,559586,Segment,T.V.N.P.,367460,unset,EH91ND,No crossing facility within 50m or physical crossing facility not controlled by authorised person,"Pelican, puffin, toucan or similar non-junction pedestrian light crossing",At scene
179113,,Slight,2,1,02/04/2013,Tuesday,2,April,13,22,0,S12000036,Unclassified,,Single carriageway - 2 lanes,30,Crossroads,Give way sign or markings,Unclassified,,Darkness: street lights present and lit,Fine (without high winds),Dry,None,None,No overtaking,326410,674670,12222024,Junction,T.V.N.P.,367461,unset,EH75HY,No crossing facility within 50m or physical crossing facility not controlled by authorised person,No physical crossing facility within 50m,Elsewhere
180513,,Slight,2,2,02/04/2013,Tuesday,2,April,13,21,0,S12000036,C,,Single carriageway - 2 lanes,30,Not at or within 20 metres of junction,unset,\,,Darkness: street lights present and lit,Fine (without high winds),Dry,None,None,No overtaking,326330,673750,558221,Segment,T.V.N.P.,367462,unset,EH88BJ,No crossing facility within 50m or physical crossing facility not controlled by authorised person,No physical crossing facility within 50m,At scene
181313,,Slight,1,1,01/04/2013,Monday,1,April,13,13,0,S12000036,Unclassified,,Single carriageway - 2 lanes,30,'T' or staggered junction,Give way sign or markings,Unclassified,,Daylight: street lights present,Fine (without high winds),Dry,None,None,No overtaking,327130,668810,0,Unset,Pedestrian,367463,unset,EH166NG,No crossing facility within 50m or physical crossing facility not controlled by authorised person,No physical crossing facility within 50m,At scene
181413,,Slight,2,1,03/04/2013,Wednesday,3,April,13,19,20,S12000036,A,7,Single carriageway - 2 lanes,30,Not at or within 20 metres of junction,unset,\,,Daylight: street lights present,Fine (without high winds),Dry,None,None,No overtaking,325980,673510,0,Unset,Cyclist,367464,unset,EH11LL,No crossing facility within 50m or physical crossing facility not controlled by authorised person,No physical crossing facility within 50m,At scene
182313,,Slight,2,1,04/04/2013,Thursday,4,April,13,11,45,S12000036,A,8,Single carriageway - 2 lanes,30,'T' or staggered junction,Give way sign or markings,Unclassified,,Daylight: street lights present,Fine (without high winds),Dry,None,None,No overtaking,319630,672990,521694,Junction,Bus,367465,unset,EH128BE,No crossing facility within 50m or physical crossing facility not controlled by authorised person,"Pelican, puffin, toucan or similar non-junction pedestrian light crossing",At scene
183513,,Slight,2,1,04/04/2013,Thursday,4,April,13,20,15,S12000036,C,,Single carriageway - 2 lanes,30,Not at or within 20 metres of junction,unset,\,,Darkness: street lights present and lit,Fine (without high winds),Dry,None,None,No overtaking,322280,676650,0,Unset,T.V.N.P.,367466,unset,EH51QW,No crossing facility within 50m or physical crossing facility not controlled by authorised person,No physical crossing facility within 50m,At scene
185613,,Slight,3,1,05/04/2013,Friday,5,April,13,12,55,S12000036,A,1140,Single carriageway - 2 lanes,30,Not at or within 20 metres of junction,unset,\,,Daylight: street lights present,Fine (without high winds),Dry,Road works present,None,No overtaking,328910,674220,554891,Segment,Cyclist,367467,unset,EH87BW,No crossing facility within 50m or physical crossing facility not controlled by authorised person,No physical crossing facility within 50m,At scene
187013,,Slight,1,1,07/04/2013,Sunday,7,April,13,12,35,S12000036,A,900,Single carriageway - 2 lanes,30,'T' or staggered junction,Give way sign or markings,Unclassified,,Daylight: street lights present,Fine (without high winds),Dry,None,None,No overtaking,326710,675400,519885,Junction,Bus,367468,unset,EH68NY,No crossing facility within 50m or physical crossing facility not controlled by authorised person,"Pelican, puffin, toucan or similar non-junction pedestrian light crossing",At scene
187313,,Slight,2,1,07/04/2013,Sunday,7,April,13,13,30,S12000036,A,720,Dual carriageway - 2 lanes,70,Not at or within 20 metres of junction,unset,\,,Daylight: street lights present,Fine (without high winds),Dry,None,None,No overtaking,326400,667110,2588141,Segment,T.V.N.P.,367469,unset,EH107EA,No crossing facility within 50m or physical crossing facility not controlled by authorised person,No physical crossing facility within 50m,Elsewhere
187613,,Slight,2,1,07/04/2013,Sunday,7,April,13,21,0,S12000036,Unclassified,,Roundabout,30,Roundabout,Authorised Person,Unclassified,,Darkness: street lights present and lit,Fine (without high winds),Dry,None,None,No overtaking,328130,674940,523299,Junction,T.V.N.P.,367470,unset,EH76EH,No crossing facility within 50m or physical crossing facility not controlled by authorised person,No physical crossing facility within 50m,Elsewhere
188713,,Slight,1,1,08/04/2013,Monday,8,April,13,1,6,S12000036,Unclassified,,Single carriageway - 2 lanes,30,Not at or within 20 metres of junction,unset,\,,Darkness: street lights present but unlit,Fine (without high winds),Dry,None,None,No overtaking,326580,672760,0,Unset,S.V.N.P.,367471,unset,EH165XP,No crossing facility within 50m or physical crossing facility not controlled by authorised person,No physical crossing facility within 50m,At scene
190313,,Slight,2,1,09/04/2013,Tuesday,9,April,13,8,29,S12000036,A,8,Single carriageway - 2 lanes,30,Not at or within 20 metres of junction,unset,\,,Daylight: street lights present,Fine (without high winds),Dry,None,None,No overtaking,320300,672870,550701,Segment,Cyclist,367472,unset,EH126NZ,No crossing facility within 50m or physical crossing facility not controlled by authorised person,No physical crossing facility within 50m,At scene
190413,,Slight,1,1,09/04/2013,Tuesday,9,April,13,14,15,S12000036,C,,Single carriageway - 2 lanes,30,Not at or within 20 metres of junction,unset,\,,Darkness: street lights present but unlit,Fine (without high winds),Dry,None,None,No overtaking,325370,673920,566717,Segment,Pedestrian,367473,unset,EH22DL,No crossing facility within 50m or physical crossing facility not controlled by authorised person,Pedestrian phase at traffic signal junction,At scene
190513,,Slight,1,1,26/03/2013,Tuesday,26,March,13,17,45,S12000036,Unclassified,,Single carriageway - 2 lanes,30,'T' or staggered junction,Give way sign or markings,Unclassified,,Daylight: street lights present,Fine (without high winds),Dry,None,None,No overtaking,322670,671490,529573,Junction,Pedestrian,363753,unset,EH141PT,No crossing facility within 50m or physical crossing facility not controlled by authorised person,No physical crossing facility within 50m,At scene
190613,,Slight,1,1,09/04/2013,Tuesday,9,April,13,13,27,S12000036,A,7,Single carriageway - 2 lanes,30,Not at or within 20 metres of junction,unset,\,,Daylight: street lights present,Fine (without high winds),Dry,None,None,No overtaking,326020,673360,569291,Segment,Bus,367474,unset,EH11LS,No crossing facility within 50m or physical crossing facility not controlled by authorised person,No physical crossing facility within 50m,Elsewhere
190813,,Slight,2,1,09/04/2013,Tuesday,9,April,13,14,10,S12000036,Unclassified,,Single carriageway - 2 lanes,30,Other junction,Automatic Traffic Signal,Unclassified,,Daylight: street lights present,Fine (without high winds),Dry,None,None,No overtaking,326230,674690,520260,Junction,Cyclist,367475,unset,EH74AE,No crossing facility within 50m or physical crossing facility not controlled by authorised person,Pedestrian phase at traffic signal junction,Elsewhere
190913,,Slight,2,1,10/04/2013,Wednesday,10,April,13,8,15,S12000036,A,8,Single carriageway - 2 lanes,30,'T' or staggered junction,Give way sign or markings,Unclassified,,Daylight: street lights present,Fine (without high winds),Dry,None,None,No overtaking,323960,673210,521295,Junction,Cyclist,367476,unset,EH125DR,No crossing facility within 50m or physical crossing facility not controlled by authorised person,No physical crossing facility within 50m,Elsewhere
191013,,Slight,2,1,10/04/2013,Wednesday,10,April,13,9,20,S12000036,C,,Single carriageway - 2 lanes,30,Crossroads,Automatic Traffic Signal,Unclassified,,Daylight: street lights present,Raining (without high winds),Dry,None,None,No overtaking,320510,671730,522135,Junction,Cyclist,367477,unset,EH113NR,No crossing facility within 50m or physical crossing facility not controlled by authorised person,Pedestrian phase at traffic signal junction,Elsewhere
192313,,Slight,2,1,10/04/2013,Wednesday,10,April,13,17,30,S12000036,A,1,Single carriageway - 2 lanes,40,Not at or within 20 metres of junction,unset,\,,Daylight: street lights present,Fine (without high winds),Dry,None,None,No overtaking,331030,672900,2106196,Segment,T.V.N.P.,367478,unset,EH153AZ,No crossing facility within 50m or physical crossing facility not controlled by authorised person,No physical crossing facility within 50m,At scene
194213,,Slight,1,1,11/04/2013,Thursday,11,April,13,15,20,S12000036,C,,Single carriageway - 2 lanes,30,Other junction,Give way sign or markings,Unclassified,,Daylight: street lights present,Fine (without high winds),Dry,None,None,No overtaking,325780,673620,520944,Junction,Pedestrian,367479,unset,EH11PW,No crossing facility within 50m or physical crossing facility not controlled by authorised person,No physical crossing facility within 50m,At scene
194413,,Slight,2,1,11/04/2013,Thursday,11,April,13,9,15,S12000036,A,71,Single carriageway - 2 lanes,30,'T' or staggered junction,Give way sign or markings,Unclassified,,Daylight: street lights present,Fine (without high winds),Dry,None,None,No overtaking,322430,672010,5981813,Junction,Cyclist,367480,unset,EH112SX,No crossing facility within 50m or physical crossing facility not controlled by authorised person,No physical crossing facility within 50m,At scene
194913,,Slight,1,1,12/03/2013,Tuesday,12,March,13,13,15,S12000036,C,,Single carriageway - 2 lanes,30,Roundabout,Give way sign or markings,C,,Daylight: street lights present,Fine (without high winds),Dry,None,None,No overtaking,325120,673970,521064,Junction,Pedestrian,363754,unset,EH23BU,No crossing facility within 50m or physical crossing facility not controlled by authorised person,Zebra crossing,Elsewhere
195213,,Slight,1,1,12/04/2013,Friday,12,April,13,12,0,S12000036,A,900,Roundabout,30,Roundabout,Give way sign or markings,C,,Daylight: street lights present,Fine (without high winds),Dry,None,None,No overtaking,326000,674330,520620,Junction,Bus,367481,unset,EH13JT,No crossing facility within 50m or physical crossing facility not controlled by authorised person,Pedestrian phase at traffic signal junction,At scene
195313,,Slight,1,1,12/04/2013,Friday,12,April,13,16,0,S12000036,C,,Single carriageway - 2 lanes,30,Not at or within 20 metres of junction,unset,\,,Daylight: street lights present,Fine (without high winds),Dry,None,None,No overtaking,321930,676550,518968,Junction,Bus,367482,unset,EH44JL,No crossing facility within 50m or physical crossing facility not controlled by authorised person,"Pelican, puffin, toucan or similar non-junction pedestrian light crossing",At scene
195813,,Slight,2,1,12/04/2013,Friday,12,April,13,21,15,S12000036,A,900,Single carriageway - 2 lanes,30,'T' or staggered junction,Give way sign or markings,Unclassified,,Darkness: street lights present and lit,Raining (without high winds),Dry,None,None,No overtaking,326490,675020,523233,Junction,T.V.N.P.,367483,unset,EH75HN,No crossing facility within 50m or physical crossing facility not controlled by authorised person,No physical crossing facility within 50m,At scene
196913,,Slight,2,1,13/04/2013,Saturday,13,April,13,11,10,S12000036,A,902,Roundabout,30,Roundabout,Give way sign or markings,A,902,Daylight: street lights present,Fine (without high winds),Dry,None,None,No overtaking,322920,675720,519406,Junction,T.V.N.P.,367484,unset,EH42PW,No crossing facility within 50m or physical crossing facility not controlled by authorised person,"Pelican, puffin, toucan or similar non-junction pedestrian light crossing",At scene
197113,,Slight,2,1,23/03/2013,Saturday,23,March,13,11,25,S12000036,Unclassified,,Single carriageway - 2 lanes,20,Not at or within 20 metres of junction,unset,\,,Daylight: street lights present,Fine (without high winds),Dry,None,None,No overtaking,321040,670400,0,Unset,T.V.N.P.,363755,unset,EH142EE,No crossing facility within 50m or physical crossing facility not controlled by authorised person,No physical crossing facility within 50m,At scene
197413,,Slight,2,2,13/04/2013,Saturday,13,April,13,12,5,S12000036,Unclassified,,Single carriageway - 2 lanes,30,Crossroads,Give way sign or markings,Unclassified,,Daylight: street lights present,Fine (without high winds),Dry,None,None,No overtaking,324520,670700,529816,Junction,T.V.N.P.,367485,unset,EH106AF,No crossing facility within 50m or physical crossing facility not controlled by authorised person,No physical crossing facility within 50m,At scene